gauge_id,image_file,feature_id,feature_type,orientation,x0_px,y0_px,x1_px,y1_px,threshold,sample_step_px,edge0_x_px,edge0_y_px,edge1_x_px,edge1_y_px,measured_cd_px,noise_std_px
G001,input_image.png,F01,ellipse,horizontal,5,26.81415219192638,59,26.81415219192638,0.05197407079453148,0.25,17.8135954970503,26.81415219192638,44.554647306132814,26.81415219192638,26.741051809082514,0
G002,input_image.png,F01,ellipse,horizontal,5,26.945439478206723,59,26.945439478206723,0.05197407079453148,0.25,17.70502700083039,26.945439478206723,44.72444339823788,26.945439478206723,27.01941639740749,0
G003,input_image.png,F01,ellipse,horizontal,5,27.07672676448707,59,27.07672676448707,0.05197407079453148,0.25,17.61362020071186,27.07672676448707,44.87272350319949,27.07672676448707,27.259103302487627,0
G004,input_image.png,F01,ellipse,horizontal,5,27.208014050767414,59,27.208014050767414,0.05197407079453148,0.25,17.533797858529482,27.208014050767414,45.004454983575606,27.208014050767414,27.470657125046124,0
G005,input_image.png,F01,ellipse,horizontal,5,27.339301337047758,59,27.339301337047758,0.05197407079453148,0.25,17.451218244433555,27.339301337047758,45.109020620916866,27.339301337047758,27.65780237648331,0
G006,input_image.png,F01,ellipse,horizontal,5,27.470588623328105,59,27.470588623328105,0.05197407079453148,0.25,17.36573598254682,27.470588623328105,45.2185984555338,27.470588623328105,27.85286247298698,0
G007,input_image.png,F01,ellipse,horizontal,5,27.60187590960845,59,27.60187590960845,0.05197407079453148,0.25,17.277195294333033,27.60187590960845,45.333557714867304,27.60187590960845,28.05636242053427,0
G008,input_image.png,F01,ellipse,horizontal,5,27.733163195888793,59,27.733163195888793,0.05197407079453148,0.25,17.185429051169578,27.733163195888793,45.45430480519956,27.733163195888793,28.268875754029985,0
G009,input_image.png,F01,ellipse,horizontal,5,27.864450482169136,59,27.864450482169136,0.05197407079453148,0.25,17.09025772145415,27.864450482169136,45.58128811208659,27.864450482169136,28.49103039063244,0
G010,input_image.png,F01,ellipse,horizontal,5,27.99573776844948,59,27.99573776844948,0.05197407079453148,0.25,16.993617631448654,27.99573776844948,45.71500356428981,27.99573776844948,28.721385932841155,0
G011,input_image.png,F01,ellipse,horizontal,5,28.127025054729828,59,28.127025054729828,0.05197407079453148,0.25,16.943770287510254,28.127025054729828,45.81612589799675,28.127025054729828,28.872355610486494,0
G012,input_image.png,F01,ellipse,horizontal,5,28.25831234101017,59,28.25831234101017,0.05197407079453148,0.25,16.893993951502303,28.25831234101017,45.920699981609516,28.25831234101017,29.026706030107214,0
G013,input_image.png,F01,ellipse,horizontal,5,28.389599627290515,59,28.389599627290515,0.05197407079453148,0.25,16.843398886858687,28.389599627290515,46.02259581852708,28.389599627290515,29.179196931668393,0
G014,input_image.png,F01,ellipse,horizontal,5,28.520886913570862,59,28.520886913570862,0.05197407079453148,0.25,16.791964726219724,28.520886913570862,46.10749633539667,28.520886913570862,29.315531609176944,0
G015,input_image.png,F01,ellipse,horizontal,5,28.652174199851206,59,28.652174199851206,0.05197407079453148,0.25,16.739670421010253,28.652174199851206,46.19542795647309,28.652174199851206,29.455757535462837,0
G016,input_image.png,F01,ellipse,horizontal,5,28.78346148613155,59,28.78346148613155,0.05197407079453148,0.25,16.686494212719158,28.78346148613155,46.286555956025005,28.78346148613155,29.600061743305847,0
G017,input_image.png,F01,ellipse,horizontal,5,28.914748772411897,59,28.914748772411897,0.05197407079453148,0.25,16.632413602713545,28.914748772411897,46.38105784643332,28.914748772411897,29.748644243719777,0
G018,input_image.png,F01,ellipse,horizontal,5,29.04603605869224,59,29.04603605869224,0.05197407079453148,0.25,16.58595572069195,29.04603605869224,46.46874176178926,29.04603605869224,29.88278604109731,0
G019,input_image.png,F01,ellipse,horizontal,5,29.177323344972585,59,29.177323344972585,0.05197407079453148,0.25,16.554813248169676,29.177323344972585,46.54011921046741,29.177323344972585,29.985305962297733,0
G020,input_image.png,F01,ellipse,horizontal,5,29.308610631252932,59,29.308610631252932,0.05197407079453148,0.25,16.523351436858896,29.308610631252932,46.61416725855578,29.308610631252932,30.090815821696886,0
G021,input_image.png,F01,ellipse,horizontal,5,29.439897917533276,59,29.439897917533276,0.05197407079453148,0.25,16.491565349637163,29.439897917533276,46.69103864482625,29.439897917533276,30.199473295189087,0
G022,input_image.png,F01,ellipse,horizontal,5,29.57118520381362,59,29.57118520381362,0.05197407079453148,0.25,16.45944994708129,29.57118520381362,46.77089798180358,29.57118520381362,30.31144803472229,0
G023,input_image.png,F01,ellipse,horizontal,5,29.702472490093964,59,29.702472490093964,0.05197407079453148,0.25,16.427000084803872,29.702472490093964,46.853922932450416,29.702472490093964,30.426922847646544,0
G024,input_image.png,F01,ellipse,horizontal,5,29.83375977637431,59,29.83375977637431,0.05197407079453148,0.25,16.394210510706152,29.83375977637431,46.940305529612736,29.83375977637431,30.546095018906584,0
G025,input_image.png,F01,ellipse,horizontal,5,29.965047062654655,59,29.965047062654655,0.05197407079453148,0.25,16.36107586214417,29.965047062654655,47.02241526337438,29.965047062654655,30.661339401230208,0
G026,input_image.png,F01,ellipse,horizontal,5,30.096334348935,59,30.096334348935,0.05197407079453148,0.25,16.34444908292718,30.096334348935,47.073328578605405,30.096334348935,30.728879495678225,0
G027,input_image.png,F01,ellipse,horizontal,5,30.227621635215346,59,30.227621635215346,0.05197407079453148,0.25,16.3338726230333,30.227621635215346,47.118879694078274,30.227621635215346,30.785007071044973,0
G028,input_image.png,F01,ellipse,horizontal,5,30.35890892149569,59,30.35890892149569,0.05197407079453148,0.25,16.323273677075722,30.35890892149569,47.16541491715905,30.35890892149569,30.842141240083325,0
G029,input_image.png,F01,ellipse,horizontal,5,30.490196207776034,59,30.490196207776034,0.05197407079453148,0.25,16.312652173268447,30.490196207776034,47.21296648779287,30.490196207776034,30.900314314524422,0
G030,input_image.png,F01,ellipse,horizontal,5,30.621483494056378,59,30.621483494056378,0.05197407079453148,0.25,16.302008039519585,30.621483494056378,47.261568069739326,30.621483494056378,30.95956003021974,0
G031,input_image.png,F01,ellipse,horizontal,5,30.752770780336725,59,30.752770780336725,0.05197407079453148,0.25,16.291341203429738,30.752770780336725,47.311254830049975,30.752770780336725,31.019913626620237,0
G032,input_image.png,F01,ellipse,horizontal,5,30.88405806661707,59,30.88405806661707,0.05197407079453148,0.25,16.280651592290326,30.88405806661707,47.362063523929656,30.88405806661707,31.08141193163933,0
G033,input_image.png,F01,ellipse,horizontal,5,31.015345352897413,59,31.015345352897413,0.05197407079453148,0.25,16.272510743690525,31.015345352897413,47.411341816649525,31.015345352897413,31.138831072959,0
G034,input_image.png,F01,ellipse,horizontal,5,31.14663263917776,59,31.14663263917776,0.05197407079453148,0.25,16.28375000700742,31.14663263917776,47.44104657347109,31.14663263917776,31.15729656646367,0
G035,input_image.png,F01,ellipse,horizontal,5,31.277919925458104,59,31.277919925458104,0.05197407079453148,0.25,16.294918823803748,31.277919925458104,47.47117525729315,31.277919925458104,31.1762564334894,0
G036,input_image.png,F01,ellipse,horizontal,5,31.409207211738448,59,31.409207211738448,0.05197407079453148,0.25,16.30601785433737,31.409207211738448,47.50173700835377,31.409207211738448,31.195719154016402,0
G037,input_image.png,F01,ellipse,horizontal,5,31.540494498018795,59,31.540494498018795,0.05197407079453148,0.25,16.317047750640842,31.540494498018795,47.532741231555256,31.540494498018795,31.215693480914414,0
G038,input_image.png,F01,ellipse,horizontal,5,31.67178178429914,59,31.67178178429914,0.05197407079453148,0.25,16.328009156649124,31.67178178429914,47.56419760611342,31.67178178429914,31.236188449464294,0
G039,input_image.png,F01,ellipse,horizontal,5,31.803069070579483,59,31.803069070579483,0.05197407079453148,0.25,16.338902708324866,31.803069070579483,47.59611609563228,31.803069070579483,31.257213387307416,0
G040,input_image.png,F01,ellipse,horizontal,5,31.934356356859826,59,31.934356356859826,0.05197407079453148,0.25,16.349729033781433,31.934356356859826,47.628506958625934,31.934356356859826,31.2787779248445,0
G041,input_image.png,F01,ellipse,horizontal,5,32.06564364314017,59,32.06564364314017,0.05197407079453148,0.25,16.371493041506483,32.06564364314017,47.65027096633018,32.06564364314017,31.2787779248237,0
G042,input_image.png,F01,ellipse,horizontal,5,32.19693092942052,59,32.19693092942052,0.05197407079453148,0.25,16.403883904472426,32.19693092942052,47.66109729172484,32.19693092942052,31.257213387252417,0
G043,input_image.png,F01,ellipse,horizontal,5,32.328218215700865,59,32.328218215700865,0.05197407079453148,0.25,16.435802393953892,32.328218215700865,47.6719908433385,32.328218215700865,31.236188449384606,0
G044,input_image.png,F01,ellipse,horizontal,5,32.459505501981205,59,32.459505501981205,0.05197407079453148,0.25,16.467258768465406,32.459505501981205,47.68295224928451,32.459505501981205,31.215693480819105,0
G045,input_image.png,F01,ellipse,horizontal,5,32.59079278826155,59,32.59079278826155,0.05197407079453148,0.25,16.49826299161139,32.59079278826155,47.693982145525545,32.59079278826155,31.195719153914155,0
G046,input_image.png,F01,ellipse,horizontal,5,32.72208007454189,59,32.72208007454189,0.05197407079453148,0.25,16.528824742608066,32.72208007454189,47.70508117599655,32.72208007454189,31.17625643338848,0
G047,input_image.png,F01,ellipse,horizontal,5,32.85336736082224,59,32.85336736082224,0.05197407079453148,0.25,16.558953426358087,32.85336736082224,47.71624999273008,32.85336736082224,31.15729656637199,0
G048,input_image.png,F01,ellipse,horizontal,5,32.98465464710259,59,32.98465464710259,0.05197407079453148,0.25,16.588658183099902,32.98465464710259,47.727489255984004,32.98465464710259,31.138831072884102,0
G049,input_image.png,F01,ellipse,horizontal,5,33.11594193338293,59,33.11594193338293,0.05197407079453148,0.25,16.63793647581262,33.11594193338293,47.719348407432044,33.11594193338293,31.081411931619424,0
G050,input_image.png,F01,ellipse,horizontal,5,33.247229219663275,59,33.247229219663275,0.05197407079453148,0.25,16.6887451697027,33.247229219663275,47.70865879635438,33.247229219663275,31.01991362665168,0
G051,input_image.png,F01,ellipse,horizontal,5,33.37851650594362,59,33.37851650594362,0.05197407079453148,0.25,16.738431930031087,33.37851650594362,47.69799196032545,33.37851650594362,30.959560030294366,0
G052,input_image.png,F01,ellipse,horizontal,5,33.50980379222396,59,33.50980379222396,0.05197407079453148,0.25,16.787033512002132,33.50980379222396,47.68734782663669,33.50980379222396,30.900314314634556,0
G053,input_image.png,F01,ellipse,horizontal,5,33.64109107850431,59,33.64109107850431,0.05197407079453148,0.25,16.83458508266694,33.64109107850431,47.67672632288869,33.64109107850431,30.84214124022175,0
G054,input_image.png,F01,ellipse,horizontal,5,33.77237836478466,59,33.77237836478466,0.05197407079453148,0.25,16.881120305784684,33.77237836478466,47.66612737698958,33.77237836478466,30.785007071204895,0
G055,input_image.png,F01,ellipse,horizontal,5,33.903665651065,59,33.903665651065,0.05197407079453148,0.25,16.926671421300092,33.903665651065,47.65555091715337,33.903665651065,30.728879495853278,0
G056,input_image.png,F01,ellipse,horizontal,5,34.034952937345345,59,34.034952937345345,0.05197407079453148,0.25,16.977584736566833,34.034952937345345,47.638924137979664,34.034952937345345,30.66133940141283,0
G057,input_image.png,F01,ellipse,horizontal,5,34.16624022362569,59,34.16624022362569,0.05197407079453148,0.25,17.05969447032647,34.16624022362569,47.60578948942278,34.16624022362569,30.546095019096313,0
G058,input_image.png,F01,ellipse,horizontal,5,34.29752750990603,59,34.29752750990603,0.05197407079453148,0.25,17.146077067505573,34.29752750990603,47.572999915329405,34.29752750990603,30.426922847823832,0
G059,input_image.png,F01,ellipse,horizontal,5,34.42881479618638,59,34.42881479618638,0.05197407079453148,0.25,17.229102018161253,34.42881479618638,47.5405500530556,34.42881479618638,30.311448034894344,0
G060,input_image.png,F01,ellipse,horizontal,5,34.56010208246673,59,34.56010208246673,0.05197407079453148,0.25,17.308961355140354,34.56010208246673,47.50843465050263,34.56010208246673,30.199473295362274,0
G061,input_image.png,F01,ellipse,horizontal,5,34.69138936874707,59,34.69138936874707,0.05197407079453148,0.25,17.385832741406283,34.69138936874707,47.476648563283106,34.69138936874707,30.090815821876824,0
G062,input_image.png,F01,ellipse,horizontal,5,34.822676655027415,59,34.822676655027415,0.05197407079453148,0.25,17.459880789484483,34.822676655027415,47.44518675197387,34.822676655027415,29.985305962489388,0
G063,input_image.png,F01,ellipse,horizontal,5,34.95396394130776,59,34.95396394130776,0.05197407079453148,0.25,17.53125823814746,34.95396394130776,47.4140442794525,34.95396394130776,29.88278604130504,0
G064,input_image.png,F01,ellipse,horizontal,5,35.0852512275881,59,35.0852512275881,0.05197407079453148,0.25,17.618942153494643,35.0852512275881,47.36758639741505,35.0852512275881,29.74864424392041,0
G065,input_image.png,F01,ellipse,horizontal,5,35.21653851386845,59,35.21653851386845,0.05197407079453148,0.25,17.713444043902122,35.21653851386845,47.3135057873862,35.21653851386845,29.600061743484076,0
G066,input_image.png,F01,ellipse,horizontal,5,35.34782580014879,59,35.34782580014879,0.05197407079453148,0.25,17.80457204345623,35.34782580014879,47.260329579073506,35.34782580014879,29.455757535617277,0
G067,input_image.png,F01,ellipse,horizontal,5,35.47911308642914,59,35.47911308642914,0.05197407079453148,0.25,17.89250366453757,35.47911308642914,47.20803527384401,35.47911308642914,29.31553160930644,0
G068,input_image.png,F01,ellipse,horizontal,5,35.610400372709485,59,35.610400372709485,0.05197407079453148,0.25,17.977404181414517,35.610400372709485,47.15660111318655,35.610400372709485,29.17919693177203,0
G069,input_image.png,F01,ellipse,horizontal,5,35.741687658989825,59,35.741687658989825,0.05197407079453148,0.25,18.079300018319522,35.741687658989825,47.10600604852586,35.741687658989825,29.02670603020634,0
G070,input_image.png,F01,ellipse,horizontal,5,35.87297494527017,59,35.87297494527017,0.05197407079453148,0.25,18.183874101948597,35.87297494527017,47.05622971250222,35.87297494527017,28.872355610553626,0
G071,input_image.png,F01,ellipse,horizontal,5,36.00426223155052,59,36.00426223155052,0.05197407079453148,0.25,18.28499643568141,36.00426223155052,47.00638236855046,36.00426223155052,28.72138593286905,0
G072,input_image.png,F01,ellipse,horizontal,5,36.13554951783086,59,36.13554951783086,0.05197407079453148,0.25,18.41871188788377,36.13554951783086,46.909742278512056,36.13554951783086,28.491030390628286,0
G073,input_image.png,F01,ellipse,horizontal,5,36.26683680411121,59,36.26683680411121,0.05197407079453148,0.25,18.545695194776364,36.26683680411121,46.81457094877912,36.26683680411121,28.268875754002757,0
G074,input_image.png,F01,ellipse,horizontal,5,36.398124090391555,59,36.398124090391555,0.05197407079453148,0.25,18.666442285119672,36.398124090391555,46.72280470561714,36.398124090391555,28.05636242049747,0
G075,input_image.png,F01,ellipse,horizontal,5,36.529411376671895,59,36.529411376671895,0.05197407079453148,0.25,18.7814015444689,36.529411376671895,46.63426401742187,36.529411376671895,27.85286247295297,0
G076,input_image.png,F01,ellipse,horizontal,5,36.66069866295224,59,36.66069866295224,0.05197407079453148,0.25,18.89097937910556,36.66069866295224,46.548781755568925,36.66069866295224,27.657802376463366,0
G077,input_image.png,F01,ellipse,horizontal,5,36.79198594923258,59,36.79198594923258,0.05197407079453148,0.25,18.995545016469954,36.79198594923258,46.4662021415205,36.79198594923258,27.470657125050543,0
G078,input_image.png,F01,ellipse,horizontal,5,36.92327323551293,59,36.92327323551293,0.05197407079453148,0.25,19.127276496735714,36.92327323551293,46.3863797993979,36.92327323551293,27.259103302662187,0
G079,input_image.png,F01,ellipse,horizontal,5,37.05456052179328,59,37.05456052179328,0.05197407079453148,0.25,19.275556601516424,37.05456052179328,46.29497299933139,37.05456052179328,27.019416397814968,0
G080,input_image.png,F01,ellipse,horizontal,5,37.18584780807362,59,37.18584780807362,0.05197407079453148,0.25,19.4453526934926,37.18584780807362,46.186404503135925,37.18584780807362,26.741051809643324,0
G081,input_image.png,F01,ellipse,vertical,24.166407392321464,5,24.166407392321464,59,0.05197407079453148,0.25,24.166407392321464,22.825149021020206,24.166407392321464,40.17009599504514,17.344946974024932,0
G082,input_image.png,F01,ellipse,vertical,24.364726192515857,5,24.364726192515857,59,0.05197407079453148,0.25,24.364726192515857,22.775695533800118,24.364726192515857,40.24132325100412,17.465627717204,0
G083,input_image.png,F01,ellipse,vertical,24.563044992710253,5,24.563044992710253,59,0.05197407079453148,0.25,24.563044992710253,22.724596101289983,24.563044992710253,40.316204258929375,17.591608157639392,0
G084,input_image.png,F01,ellipse,vertical,24.761363792904646,5,24.761363792904646,59,0.05197407079453148,0.25,24.761363792904646,22.671767160651076,24.761363792904646,40.395027559822445,17.72326039917137,0
G085,input_image.png,F01,ellipse,vertical,24.95968259309904,5,24.95968259309904,59,0.05197407079453148,0.25,24.95968259309904,22.617119395146627,24.95968259309904,40.47811289795805,17.86099350281142,0
G086,input_image.png,F01,ellipse,vertical,25.158001393293432,5,25.158001393293432,59,0.05197407079453148,0.25,25.158001393293432,22.571966549844273,25.158001393293432,40.549795008815686,17.977828458971413,0
G087,input_image.png,F01,ellipse,vertical,25.356320193487825,5,25.356320193487825,59,0.05197407079453148,0.25,25.356320193487825,22.528392899006906,25.356320193487825,40.620946033604625,18.09255313459772,0
G088,input_image.png,F01,ellipse,vertical,25.554638993682218,5,25.554638993682218,59,0.05197407079453148,0.25,25.554638993682218,22.483504251763385,25.554638993682218,40.69576328856785,18.21225903680447,0
G089,input_image.png,F01,ellipse,vertical,25.75295779387661,5,25.75295779387661,59,0.05197407079453148,0.25,25.75295779387661,22.437240168788115,25.75295779387661,40.774537634546725,18.33729746575861,0
G090,input_image.png,F01,ellipse,vertical,25.951276594071004,5,25.951276594071004,59,0.05197407079453148,0.25,25.951276594071004,22.389536449277664,25.951276594071004,40.85759153543625,18.468055086158586,0
G091,input_image.png,F01,ellipse,vertical,26.149595394265397,5,26.149595394265397,59,0.05197407079453148,0.25,26.149595394265397,22.34889766015708,26.149595394265397,40.931265984485115,18.582368324328037,0
G092,input_image.png,F01,ellipse,vertical,26.34791419445979,5,26.34791419445979,59,0.05197407079453148,0.25,26.34791419445979,22.30998448016679,26.34791419445979,41.00267493254684,18.69269045238005,0
G093,input_image.png,F01,ellipse,vertical,26.546232994654183,5,26.546232994654183,59,0.05197407079453148,0.25,26.546232994654183,22.27003390450786,26.546232994654183,41.05274978492716,18.7827158804193,0
G094,input_image.png,F01,ellipse,vertical,26.744551794848576,5,26.744551794848576,59,0.05197407079453148,0.25,26.744551794848576,22.229003888475688,26.744551794848576,41.10466119695933,18.87565730848364,0
G095,input_image.png,F01,ellipse,vertical,26.942870595042972,5,26.942870595042972,59,0.05197407079453148,0.25,26.942870595042972,22.186850084205766,26.942870595042972,41.15851209337487,18.9716620091691,0
G096,input_image.png,F01,ellipse,vertical,27.14118939523736,5,27.14118939523736,59,0.05197407079453148,0.25,27.14118939523736,22.152371188340823,27.14118939523736,41.20507046989103,19.052699281550204,0
G097,input_image.png,F01,ellipse,vertical,27.33950819543176,5,27.33950819543176,59,0.05197407079453148,0.25,27.33950819543176,22.120764451644277,27.33950819543176,41.24944736255049,19.128682910906214,0
G098,input_image.png,F01,ellipse,vertical,27.53782699562615,5,27.53782699562615,59,0.05197407079453148,0.25,27.53782699562615,22.088514972085328,27.53782699562615,41.295412326212976,19.206897354127648,0
G099,input_image.png,F01,ellipse,vertical,27.736145795820544,5,27.736145795820544,59,0.05197407079453148,0.25,27.736145795820544,22.055602942397037,27.736145795820544,41.343052160012654,19.287449217615617,0
G100,input_image.png,F01,ellipse,vertical,27.934464596014937,5,27.934464596014937,59,0.05197407079453148,0.25,27.934464596014937,22.02200773300387,27.934464596014937,41.39246010603691,19.370452373033036,0
G101,input_image.png,F01,ellipse,vertical,28.13278339620933,5,28.13278339620933,59,0.05197407079453148,0.25,28.13278339620933,21.997871669078553,28.13278339620933,41.43542736680488,19.437555697726328,0
G102,input_image.png,F01,ellipse,vertical,28.331102196403723,5,28.331102196403723,59,0.05197407079453148,0.25,28.331102196403723,21.984157018990967,28.331102196403723,41.47565516174486,19.491498142753894,0
G103,input_image.png,F01,ellipse,vertical,28.529420996598116,5,28.529420996598116,59,0.05197407079453148,0.25,28.529420996598116,21.97036851800589,28.529420996598116,41.5171891953629,19.54682067735701,0
G104,input_image.png,F01,ellipse,vertical,28.727739796792513,5,28.727739796792513,59,0.05197407079453148,0.25,28.727739796792513,21.956505568002452,28.727739796792513,41.56009414005842,19.603588572055965,0
G105,input_image.png,F01,ellipse,vertical,28.926058596986906,5,28.926058596986906,59,0.05197407079453148,0.25,28.926058596986906,21.94256756438336,28.926058596986906,41.60443900914608,19.661871444762717,0
G106,input_image.png,F01,ellipse,vertical,29.1243773971813,5,29.1243773971813,59,0.05197407079453148,0.25,29.1243773971813,21.93342287828548,29.1243773971813,41.64412936579626,19.71070648751078,0
G107,input_image.png,F01,ellipse,vertical,29.32269619737569,5,29.32269619737569,59,0.05197407079453148,0.25,29.32269619737569,21.927148347759502,29.32269619737569,41.68129501347707,19.754146665717567,0
G108,input_image.png,F01,ellipse,vertical,29.521014997570084,5,29.521014997570084,59,0.05197407079453148,0.25,29.521014997570084,21.92086117427689,29.521014997570084,41.71955012265676,19.798688948379873,0
G109,input_image.png,F01,ellipse,vertical,29.719333797764477,5,29.719333797764477,59,0.05197407079453148,0.25,29.719333797764477,21.914561319586447,29.719333797764477,41.75894331007369,19.844381990487243,0
G110,input_image.png,F01,ellipse,vertical,29.91765259795887,5,29.91765259795887,59,0.05197407079453148,0.25,29.91765259795887,21.90824874528251,29.91765259795887,41.7995261288112,19.891277383528692,0
G111,input_image.png,F01,ellipse,vertical,30.115971398153263,5,30.115971398153263,59,0.05197407079453148,0.25,30.115971398153263,21.905850677764114,30.115971398153263,41.834589937109214,19.9287392593451,0
G112,input_image.png,F01,ellipse,vertical,30.314290198347656,5,30.314290198347656,59,0.05197407079453148,0.25,30.314290198347656,21.906238065739966,30.314290198347656,41.86566646007278,19.959428394332814,0
G113,input_image.png,F01,ellipse,vertical,30.51260899854205,5,30.51260899854205,59,0.05197407079453148,0.25,30.51260899854205,21.90662481003724,30.51260899854205,41.89745939137739,19.99083458134015,0
G114,input_image.png,F01,ellipse,vertical,30.710927798736442,5,30.710927798736442,59,0.05197407079453148,0.25,30.710927798736442,21.907010912258894,30.710927798736442,41.929993792985954,20.02298288072706,0
G115,input_image.png,F01,ellipse,vertical,30.909246598930835,5,30.909246598930835,59,0.05197407079453148,0.25,30.909246598930835,21.907396374002566,30.909246598930835,41.96329590963687,20.055899535634303,0
G116,input_image.png,F01,ellipse,vertical,31.10756539912523,5,31.10756539912523,59,0.05197407079453148,0.25,31.10756539912523,21.911388704423782,31.10756539912523,41.99034194261952,20.07895323819574,0
G117,input_image.png,F01,ellipse,vertical,31.305884199319625,5,31.305884199319625,59,0.05197407079453148,0.25,31.305884199319625,21.918395423572964,31.305884199319625,42.00766687554925,20.089271451976284,0
G118,input_image.png,F01,ellipse,vertical,31.504202999514018,5,31.504202999514018,59,0.05197407079453148,0.25,31.504202999514018,21.92536462040801,31.504202999514018,42.021713139321825,20.096348518913814,0
G119,input_image.png,F01,ellipse,vertical,31.70252179970841,5,31.70252179970841,59,0.05197407079453148,0.25,31.70252179970841,21.932296595532726,31.70252179970841,42.03588332824378,20.10358673271105,0
G120,input_image.png,F01,ellipse,vertical,31.900840599902804,5,31.900840599902804,59,0.05197407079453148,0.25,31.900840599902804,21.939191646348476,31.900840599902804,42.050179089602565,20.11098744325409,0
G121,input_image.png,F01,ellipse,vertical,32.09915940009719,5,32.09915940009719,59,0.05197407079453148,0.25,32.09915940009719,21.949820910340755,32.09915940009719,42.060808353569605,20.11098744322885,0
G122,input_image.png,F01,ellipse,vertical,32.29747820029159,5,32.29747820029159,59,0.05197407079453148,0.25,32.29747820029159,21.96411667171183,32.29747820029159,42.06770340434725,20.103586732635417,0
G123,input_image.png,F01,ellipse,vertical,32.495797000485986,5,32.495797000485986,59,0.05197407079453148,0.25,32.495797000485986,21.978286860646257,32.495797000485986,42.07463537943415,20.09634851878789,0
G124,input_image.png,F01,ellipse,vertical,32.69411580068038,5,32.69411580068038,59,0.05197407079453148,0.25,32.69411580068038,21.992333124431486,32.69411580068038,42.08160457623169,20.089271451800204,0
G125,input_image.png,F01,ellipse,vertical,32.89243460087477,5,32.89243460087477,59,0.05197407079453148,0.25,32.89243460087477,22.00965805737635,32.89243460087477,42.088611295343675,20.078953237967326,0
G126,input_image.png,F01,ellipse,vertical,33.090753401069165,5,33.090753401069165,59,0.05197407079453148,0.25,33.090753401069165,22.036704090384987,33.090753401069165,42.09260362575026,20.05589953536527,0
G127,input_image.png,F01,ellipse,vertical,33.28907220126356,5,33.28907220126356,59,0.05197407079453148,0.25,33.28907220126356,22.07000620705525,33.28907220126356,42.092989087505764,20.022982880450513,0
G128,input_image.png,F01,ellipse,vertical,33.48739100145795,5,33.48739100145795,59,0.05197407079453148,0.25,33.48739100145795,22.102540608682272,33.48739100145795,42.09337518973927,19.990834581056998,0
G129,input_image.png,F01,ellipse,vertical,33.685709801652344,5,33.685709801652344,59,0.05197407079453148,0.25,33.685709801652344,22.134333540004487,33.685709801652344,42.0937619340484,19.959428394043915,0
G130,input_image.png,F01,ellipse,vertical,33.88402860184674,5,33.88402860184674,59,0.05197407079453148,0.25,33.88402860184674,22.165410062984854,33.88402860184674,42.09414932203613,19.928739259051277,0
G131,input_image.png,F01,ellipse,vertical,34.08234740204113,5,34.08234740204113,59,0.05197407079453148,0.25,34.08234740204113,22.200473871307278,34.08234740204113,42.09175125455166,19.891277383244383,0
G132,input_image.png,F01,ellipse,vertical,34.28066620223552,5,34.28066620223552,59,0.05197407079453148,0.25,34.28066620223552,22.241056690083553,34.28066620223552,42.085438680313054,19.8443819902295,0
G133,input_image.png,F01,ellipse,vertical,34.478985002429916,5,34.478985002429916,59,0.05197407079453148,0.25,34.478985002429916,22.280449877542875,34.478985002429916,42.07913882568847,19.798688948145593,0
G134,input_image.png,F01,ellipse,vertical,34.67730380262431,5,34.67730380262431,59,0.05197407079453148,0.25,34.67730380262431,22.31870498676823,34.67730380262431,42.07285165227224,19.754146665504013,0
G135,input_image.png,F01,ellipse,vertical,34.8756226028187,5,34.8756226028187,59,0.05197407079453148,0.25,34.8756226028187,22.35587063449763,34.8756226028187,42.06657712181316,19.71070648731553,0
G136,input_image.png,F01,ellipse,vertical,35.073941403013094,5,35.073941403013094,59,0.05197407079453148,0.25,35.073941403013094,22.395560991182705,35.073941403013094,42.057432435746676,19.66187144456397,0
G137,input_image.png,F01,ellipse,vertical,35.27226020320749,5,35.27226020320749,59,0.05197407079453148,0.25,35.27226020320749,22.439905860273697,35.27226020320749,42.04349443209807,19.603588571824375,0
G138,input_image.png,F01,ellipse,vertical,35.47057900340188,5,35.47057900340188,59,0.05197407079453148,0.25,35.47057900340188,22.482810804966,35.47057900340188,42.02963148206446,19.54682067709846,0
G139,input_image.png,F01,ellipse,vertical,35.66889780359627,5,35.66889780359627,59,0.05197407079453148,0.25,35.66889780359627,22.524344838574915,35.66889780359627,42.015842981048564,19.49149814247365,0
G140,input_image.png,F01,ellipse,vertical,35.867216603790666,5,35.867216603790666,59,0.05197407079453148,0.25,35.867216603790666,22.564572633500394,35.867216603790666,42.00212833092952,19.43755569742913,0
G141,input_image.png,F01,ellipse,vertical,36.06553540398506,5,36.06553540398506,59,0.05197407079453148,0.25,36.06553540398506,22.60753989426395,36.06553540398506,41.97799226697412,19.37045237271017,0
G142,input_image.png,F01,ellipse,vertical,36.26385420417946,5,36.26385420417946,59,0.05197407079453148,0.25,36.26385420417946,22.656947840312643,36.26385420417946,41.94439705758139,19.287449217268748,0
G143,input_image.png,F01,ellipse,vertical,36.46217300437385,5,36.46217300437385,59,0.05197407079453148,0.25,36.46217300437385,22.704587674136903,36.46217300437385,41.91148502790281,19.20689735376591,0
G144,input_image.png,F01,ellipse,vertical,36.660491804568245,5,36.660491804568245,59,0.05197407079453148,0.25,36.660491804568245,22.75055263782406,36.660491804568245,41.87923554836228,19.12868291053822,0
G145,input_image.png,F01,ellipse,vertical,36.85881060476264,5,36.85881060476264,59,0.05197407079453148,0.25,36.85881060476264,22.79492953050823,36.85881060476264,41.84762881169234,19.052699281184108,0
G146,input_image.png,F01,ellipse,vertical,37.057129404957024,5,37.057129404957024,59,0.05197407079453148,0.25,37.057129404957024,22.841487907028547,37.057129404957024,41.81314991585129,18.971662008822744,0
G147,input_image.png,F01,ellipse,vertical,37.255448205151424,5,37.255448205151424,59,0.05197407079453148,0.25,37.255448205151424,22.895338803391766,37.255448205151424,41.77099611157509,18.87565730818332,0
G148,input_image.png,F01,ellipse,vertical,37.45376700534582,5,37.45376700534582,59,0.05197407079453148,0.25,37.45376700534582,22.94725021536352,37.45376700534582,41.72996609552627,18.78271588016275,0
G149,input_image.png,F01,ellipse,vertical,37.65208580554021,5,37.65208580554021,59,0.05197407079453148,0.25,37.65208580554021,22.997325067676275,37.65208580554021,41.69001551984116,18.692690452164886,0
G150,input_image.png,F01,ellipse,vertical,37.8504046057346,5,37.8504046057346,59,0.05197407079453148,0.25,37.8504046057346,23.06873401572562,37.8504046057346,41.65110233981591,18.582368324090286,0
G151,input_image.png,F01,ellipse,vertical,38.048723405928996,5,38.048723405928996,59,0.05197407079453148,0.25,38.048723405928996,23.14240846469507,38.048723405928996,41.610463550675874,18.468055085980804,0
G152,input_image.png,F01,ellipse,vertical,38.24704220612339,5,38.24704220612339,59,0.05197407079453148,0.25,38.24704220612339,23.22546236559063,38.24704220612339,41.562759831220625,18.337297465629995,0
G153,input_image.png,F01,ellipse,vertical,38.44536100631778,5,38.44536100631778,59,0.05197407079453148,0.25,38.44536100631778,23.304236711573818,38.44536100631778,41.516495748308124,18.212259036734306,0
G154,input_image.png,F01,ellipse,vertical,38.643679806512175,5,38.643679806512175,59,0.05197407079453148,0.25,38.643679806512175,23.379053966539878,38.643679806512175,41.47160710113421,18.092553134594333,0
G155,input_image.png,F01,ellipse,vertical,38.84199860670657,5,38.84199860670657,59,0.05197407079453148,0.25,38.84199860670657,23.45020499133036,38.84199860670657,41.42803345037261,17.97782845904225,0
G156,input_image.png,F01,ellipse,vertical,39.04031740690096,5,39.04031740690096,59,0.05197407079453148,0.25,39.04031740690096,23.521887102185016,39.04031740690096,41.3828806051328,17.86099350294778,0
G157,input_image.png,F01,ellipse,vertical,39.238636207095354,5,39.238636207095354,59,0.05197407079453148,0.25,39.238636207095354,23.60497244030517,39.238636207095354,41.32823283961417,17.723260399308998,0
G158,input_image.png,F01,ellipse,vertical,39.43695500728975,5,39.43695500728975,59,0.05197407079453148,0.25,39.43695500728975,23.68379574118479,39.43695500728975,41.27540389895296,17.591608157768167,0
G159,input_image.png,F01,ellipse,vertical,39.63527380748414,5,39.63527380748414,59,0.05197407079453148,0.25,39.63527380748414,23.758676749098363,39.63527380748414,41.22430446641321,17.465627717314845,0
G160,input_image.png,F01,ellipse,vertical,39.83359260767853,5,39.83359260767853,59,0.05197407079453148,0.25,39.83359260767853,23.829904005047233,39.83359260767853,41.174850979156936,17.344946974109703,0
G161,input_image.png,F02,rectangle,horizontal,69,26.5979886945859,123,26.5979886945859,0.05197407079453148,0.25,80.87508307133518,26.5979886945859,110.97347953788704,26.5979886945859,30.098396466551854,0
G162,input_image.png,F02,rectangle,horizontal,69,26.734748474469804,123,26.734748474469804,0.05197407079453148,0.25,80.8690040742584,26.734748474469804,110.98293264728696,26.734748474469804,30.113928573028556,0
G163,input_image.png,F02,rectangle,horizontal,69,26.871508254353703,123,26.871508254353703,0.05197407079453148,0.25,80.86295123438892,26.871508254353703,110.99237668390627,26.871508254353703,30.129425449517363,0
G164,input_image.png,F02,rectangle,horizontal,69,27.008268034237606,123,27.008268034237606,0.05197407079453148,0.25,80.85713853315404,27.008268034237606,111.00128877024002,27.008268034237606,30.144150237085988,0
G165,input_image.png,F02,rectangle,horizontal,69,27.145027814121505,123,27.145027814121505,0.05197407079453148,0.25,80.85466933481635,27.145027814121505,111.00641690257794,27.145027814121505,30.151747567761586,0
G166,input_image.png,F02,rectangle,horizontal,69,27.281787594005408,123,27.281787594005408,0.05197407079453148,0.25,80.85220632055177,27.281787594005408,111.01153844732258,27.281787594005408,30.159332126770806,0
G167,input_image.png,F02,rectangle,horizontal,69,27.418547373889307,123,27.418547373889307,0.05197407079453148,0.25,80.84974946715747,27.418547373889307,111.01665341715943,27.418547373889307,30.166903950001966,0
G168,input_image.png,F02,rectangle,horizontal,69,27.55530715377321,123,27.55530715377321,0.05197407079453148,0.25,80.84729875154652,27.55530715377321,111.02176182474139,27.55530715377321,30.174463073194875,0
G169,input_image.png,F02,rectangle,horizontal,69,27.69206693365711,123,27.69206693365711,0.05197407079453148,0.25,80.84485415074727,27.69206693365711,111.02686368268898,27.69206693365711,30.182009531941723,0
G170,input_image.png,F02,rectangle,horizontal,69,27.828826713541012,123,27.828826713541012,0.05197407079453148,0.25,80.84241564190248,27.828826713541012,111.03195900359032,27.828826713541012,30.189543361687832,0
G171,input_image.png,F02,rectangle,horizontal,69,27.965586493424915,123,27.965586493424915,0.05197407079453148,0.25,80.83998320226875,27.965586493424915,111.0370478000013,27.965586493424915,30.19706459773255,0
G172,input_image.png,F02,rectangle,horizontal,69,28.102346273308815,123,28.102346273308815,0.05197407079453148,0.25,80.83913034483705,28.102346273308815,111.04121647167764,28.102346273308815,30.202086126840587,0
G173,input_image.png,F02,rectangle,horizontal,69,28.239106053192717,123,28.239106053192717,0.05197407079453148,0.25,80.83880776282696,28.239106053192717,111.04507626793946,28.239106053192717,30.2062685051125,0
G174,input_image.png,F02,rectangle,horizontal,69,28.375865833076617,123,28.375865833076617,0.05197407079453148,0.25,80.83848566149929,28.375865833076617,111.04893508273767,28.375865833076617,30.210449421238387,0
G175,input_image.png,F02,rectangle,horizontal,69,28.51262561296052,123,28.51262561296052,0.05197407079453148,0.25,80.83816403978041,28.51262561296052,111.05279291644655,28.51262561296052,30.21462887666614,0
G176,input_image.png,F02,rectangle,horizontal,69,28.64938539284442,123,28.64938539284442,0.05197407079453148,0.25,80.83784289659994,28.64938539284442,111.05664976944024,28.64938539284442,30.218806872840297,0
G177,input_image.png,F02,rectangle,horizontal,69,28.78614517272832,123,28.78614517272832,0.05197407079453148,0.25,80.83752223089064,28.78614517272832,111.06050564209264,28.78614517272832,30.222983411201994,0
G178,input_image.png,F02,rectangle,horizontal,69,28.92290495261222,123,28.92290495261222,0.05197407079453148,0.25,80.83720204158844,28.92290495261222,111.06436053477745,28.92290495261222,30.227158493189012,0
G179,input_image.png,F02,rectangle,horizontal,69,29.059664732496124,123,29.059664732496124,0.05197407079453148,0.25,80.83742167175325,29.059664732496124,111.06792976252169,29.059664732496124,30.230508090768446,0
G180,input_image.png,F02,rectangle,horizontal,69,29.196424512380023,123,29.196424512380023,0.05197407079453148,0.25,80.83833772401259,29.196424512380023,111.07113117754673,29.196424512380023,30.232793453534153,0
G181,input_image.png,F02,rectangle,horizontal,69,29.333184292263926,123,29.333184292263926,0.05197407079453148,0.25,80.83925291589175,29.333184292263926,111.07433303266276,29.333184292263926,30.23508011677102,0
G182,input_image.png,F02,rectangle,horizontal,69,29.469944072147825,123,29.469944072147825,0.05197407079453148,0.25,80.84016724860231,29.469944072147825,111.07753532796055,29.469944072147825,30.23736807935823,0
G183,input_image.png,F02,rectangle,horizontal,69,29.60670385203173,123,29.60670385203173,0.05197407079453148,0.25,80.84108072335357,29.60670385203173,111.08073806353084,29.60670385203173,30.239657340177274,0
G184,input_image.png,F02,rectangle,horizontal,69,29.74346363191563,123,29.74346363191563,0.05197407079453148,0.25,80.84199334135253,29.74346363191563,111.08394123946447,29.74346363191563,30.241947898111928,0
G185,input_image.png,F02,rectangle,horizontal,69,29.88022341179953,123,29.88022341179953,0.05197407079453148,0.25,80.84290510380399,29.88022341179953,111.08714485585224,29.88022341179953,30.24423975204825,0
G186,input_image.png,F02,rectangle,horizontal,69,30.016983191683433,123,30.016983191683433,0.05197407079453148,0.25,80.84390747234106,30.016983191683433,111.09030020994295,30.016983191683433,30.246392737601887,0
G187,input_image.png,F02,rectangle,horizontal,69,30.153742971567333,123,30.153742971567333,0.05197407079453148,0.25,80.8455539183778,30.153742971567333,111.09311264987497,30.153742971567333,30.247558731497158,0
G188,input_image.png,F02,rectangle,horizontal,69,30.290502751451235,123,30.290502751451235,0.05197407079453148,0.25,80.84719931982887,30.290502751451235,111.0959257610965,30.290502751451235,30.248726441267628,0
G189,input_image.png,F02,rectangle,horizontal,69,30.427262531335135,123,30.427262531335135,0.05197407079453148,0.25,80.84884367768805,30.427262531335135,111.09873954384794,30.427262531335135,30.24989586615989,0
G190,input_image.png,F02,rectangle,horizontal,69,30.564022311219038,123,30.564022311219038,0.05197407079453148,0.25,80.85048699294788,30.564022311219038,111.10155399836977,30.564022311219038,30.25106700542189,0
G191,input_image.png,F02,rectangle,horizontal,69,30.700782091102937,123,30.700782091102937,0.05197407079453148,0.25,80.85212926659962,30.700782091102937,111.10436912490259,30.700782091102937,30.252239858302975,0
G192,input_image.png,F02,rectangle,horizontal,69,30.83754187098684,123,30.83754187098684,0.05197407079453148,0.25,80.85377049963328,30.83754187098684,111.1071849236871,30.83754187098684,30.253414424053823,0
G193,input_image.png,F02,rectangle,horizontal,69,30.97430165087074,123,30.97430165087074,0.05197407079453148,0.25,80.85541069303764,30.97430165087074,111.11000139496416,30.97430165087074,30.254590701926514,0
G194,input_image.png,F02,rectangle,horizontal,69,31.111061430754642,123,31.111061430754642,0.05197407079453148,0.25,80.85744609659717,31.111061430754642,111.1125521456394,31.111061430754642,30.25510604904221,0
G195,input_image.png,F02,rectangle,horizontal,69,31.247821210638545,123,31.247821210638545,0.05197407079453148,0.25,80.85957220843078,31.247821210638545,111.1150420721132,31.247821210638545,30.255469863682425,0
G196,input_image.png,F02,rectangle,horizontal,69,31.384580990522444,123,31.384580990522444,0.05197407079453148,0.25,80.86169734783466,31.384580990522444,111.1175328300221,31.384580990522444,30.255835482187436,0
G197,input_image.png,F02,rectangle,horizontal,69,31.521340770406347,123,31.521340770406347,0.05197407079453148,0.25,80.86382151547585,31.521340770406347,111.12002441978262,31.521340770406347,30.25620290430676,0
G198,input_image.png,F02,rectangle,horizontal,69,31.658100550290246,123,31.658100550290246,0.05197407079453148,0.25,80.86594471202072,31.658100550290246,111.12251684181155,31.658100550290246,30.25657212979082,0
G199,input_image.png,F02,rectangle,horizontal,69,31.79486033017415,123,31.79486033017415,0.05197407079453148,0.25,80.86806693813503,31.79486033017415,111.12501009652595,31.79486033017415,30.25694315839091,0
G200,input_image.png,F02,rectangle,horizontal,69,31.93162011005805,123,31.93162011005805,0.05197407079453148,0.25,80.87018819448397,31.93162011005805,111.1275041843432,31.93162011005805,30.257315989859226,0
G201,input_image.png,F02,rectangle,horizontal,69,32.06837988994195,123,32.06837988994195,0.05197407079453148,0.25,80.87249581564555,32.06837988994195,111.12981180551604,32.06837988994195,30.2573159898705,0
G202,input_image.png,F02,rectangle,horizontal,69,32.205139669825854,123,32.205139669825854,0.05197407079453148,0.25,80.87498990344015,32.205139669825854,111.13193306186498,32.205139669825854,30.256943158424832,0
G203,input_image.png,F02,rectangle,horizontal,69,32.34189944970975,123,32.34189944970975,0.05197407079453148,0.25,80.87748315813181,32.34189944970975,111.1340552879793,32.34189944970975,30.2565721298475,0
G204,input_image.png,F02,rectangle,horizontal,69,32.47865922959365,123,32.47865922959365,0.05197407079453148,0.25,80.87997558013785,32.47865922959365,111.13617848452418,32.47865922959365,30.256202904386328,0
G205,input_image.png,F02,rectangle,horizontal,69,32.615419009477556,123,32.615419009477556,0.05197407079453148,0.25,80.88246716987535,32.615419009477556,111.13830265216535,32.615419009477556,30.25583548229,0
G206,input_image.png,F02,rectangle,horizontal,69,32.75217878936146,123,32.75217878936146,0.05197407079453148,0.25,80.88495792776114,32.75217878936146,111.14042779156925,32.75217878936146,30.255469863808116,0
G207,input_image.png,F02,rectangle,horizontal,69,32.88893856924536,123,32.88893856924536,0.05197407079453148,0.25,80.8874478542117,32.88893856924536,111.14255390340284,32.88893856924536,30.255106049191156,0
G208,input_image.png,F02,rectangle,horizontal,69,33.02569834912926,123,33.02569834912926,0.05197407079453148,0.25,80.88999860486324,33.02569834912926,111.1445893069633,33.02569834912926,30.254590702100067,0
G209,input_image.png,F02,rectangle,horizontal,69,33.16245812901316,123,33.16245812901316,0.05197407079453148,0.25,80.89281507611503,33.16245812901316,111.14622950037256,33.16245812901316,30.253414424257524,0
G210,input_image.png,F02,rectangle,horizontal,69,33.29921790889706,123,33.29921790889706,0.05197407079453148,0.25,80.89563087487413,33.29921790889706,111.14787073341108,33.29921790889706,30.252239858536957,0
G211,input_image.png,F02,rectangle,horizontal,69,33.435977688780966,123,33.435977688780966,0.05197407079453148,0.25,80.89844600138139,33.435977688780966,111.14951300706768,33.435977688780966,30.25106700568629,0
G212,input_image.png,F02,rectangle,horizontal,69,33.57273746866486,123,33.57273746866486,0.05197407079453148,0.25,80.9012604558775,33.57273746866486,111.15115632233235,33.57273746866486,30.249895866454835,0
G213,input_image.png,F02,rectangle,horizontal,69,33.709497248548765,123,33.709497248548765,0.05197407079453148,0.25,80.90407423860309,33.709497248548765,111.15280068019635,33.709497248548765,30.248726441593256,0
G214,input_image.png,F02,rectangle,horizontal,69,33.84625702843267,123,33.84625702843267,0.05197407079453148,0.25,80.90688734979862,33.84625702843267,111.15444608165222,33.84625702843267,30.2475587318536,0
G215,input_image.png,F02,rectangle,horizontal,69,33.98301680831657,123,33.98301680831657,0.05197407079453148,0.25,80.90969978970446,33.98301680831657,111.15609252769374,33.98301680831657,30.246392737989282,0
G216,input_image.png,F02,rectangle,horizontal,69,34.119776588200466,123,34.119776588200466,0.05197407079453148,0.25,80.91285514379123,34.119776588200466,111.15709489624633,34.119776588200466,30.244239752455098,0
G217,input_image.png,F02,rectangle,horizontal,69,34.25653636808437,123,34.25653636808437,0.05197407079453148,0.25,80.91605876017834,34.25653636808437,111.15800665871478,34.25653636808437,30.24194789853644,0
G218,input_image.png,F02,rectangle,horizontal,69,34.39329614796827,123,34.39329614796827,0.05197407079453148,0.25,80.91926193611144,34.39329614796827,111.15891927673076,34.39329614796827,30.239657340619317,0
G219,input_image.png,F02,rectangle,horizontal,69,34.530055927852175,123,34.530055927852175,0.05197407079453148,0.25,80.92246467168133,34.530055927852175,111.15983275149897,34.530055927852175,30.237368079817642,0
G220,input_image.png,F02,rectangle,horizontal,69,34.66681570773608,123,34.66681570773608,0.05197407079453148,0.25,80.92566696697882,34.66681570773608,111.16074708422647,34.66681570773608,30.23508011724765,0
G221,input_image.png,F02,rectangle,horizontal,69,34.80357548761997,123,34.80357548761997,0.05197407079453148,0.25,80.9288688220947,34.80357548761997,111.16166227612257,34.80357548761997,30.23279345402786,0
G222,input_image.png,F02,rectangle,horizontal,69,34.940335267503876,123,34.940335267503876,0.05197407079453148,0.25,80.93207023711972,34.940335267503876,111.16257832839881,34.940335267503876,30.230508091279077,0
G223,input_image.png,F02,rectangle,horizontal,69,35.07709504738778,123,35.07709504738778,0.05197407079453148,0.25,80.93563946480224,35.07709504738778,111.16279795855878,35.07709504738778,30.227158493756548,0
G224,input_image.png,F02,rectangle,horizontal,69,35.21385482727168,123,35.21385482727168,0.05197407079453148,0.25,80.93949435737736,35.21385482727168,111.16247776923493,35.21385482727168,30.222983411857573,0
G225,input_image.png,F02,rectangle,horizontal,69,35.35061460715558,123,35.35061460715558,0.05197407079453148,0.25,80.94335022991983,35.35061460715558,111.16215710350392,35.35061460715558,30.218806873584082,0
G226,input_image.png,F02,rectangle,horizontal,69,35.48737438703948,123,35.48737438703948,0.05197407079453148,0.25,80.94720708280339,35.48737438703948,111.16183596030166,35.48737438703948,30.214628877498285,0
G227,input_image.png,F02,rectangle,horizontal,69,35.62413416692338,123,35.62413416692338,0.05197407079453148,0.25,80.95106491640195,35.62413416692338,111.16151433856098,35.62413416692338,30.210449422159037,0
G228,input_image.png,F02,rectangle,horizontal,69,35.760893946807286,123,35.760893946807286,0.05197407079453148,0.25,80.95492373108962,35.760893946807286,111.16119223721145,35.760893946807286,30.206268506121823,0
G229,input_image.png,F02,rectangle,horizontal,69,35.89765372669119,123,35.89765372669119,0.05197407079453148,0.25,80.95878352724071,35.89765372669119,111.16086965517945,35.89765372669119,30.202086127938742,0
G230,input_image.png,F02,rectangle,horizontal,69,36.034413506575085,123,36.034413506575085,0.05197407079453148,0.25,80.96295219878317,36.034413506575085,111.16001679772147,36.034413506575085,30.197064598938294,0
G231,input_image.png,F02,rectangle,horizontal,69,36.17117328645899,123,36.17117328645899,0.05197407079453148,0.25,80.9680409949914,36.17117328645899,111.15758435804841,36.17117328645899,30.189543363057005,0
G232,input_image.png,F02,rectangle,horizontal,69,36.30793306634289,123,36.30793306634289,0.05197407079453148,0.25,80.97313631568895,36.30793306634289,111.15514584916396,36.30793306634289,30.182009533475004,0
G233,input_image.png,F02,rectangle,horizontal,69,36.44469284622679,123,36.44469284622679,0.05197407079453148,0.25,80.97823817343173,36.44469284622679,111.15270124832472,36.44469284622679,30.174463074892977,0
G234,input_image.png,F02,rectangle,horizontal,69,36.58145262611069,123,36.58145262611069,0.05197407079453148,0.25,80.98334658080788,36.58145262611069,111.15025053267345,36.58145262611069,30.166903951865564,0
G235,input_image.png,F02,rectangle,horizontal,69,36.71821240599459,123,36.71821240599459,0.05197407079453148,0.25,80.98846155043786,36.71821240599459,111.14779367923848,36.71821240599459,30.159332128800614,0
G236,input_image.png,F02,rectangle,horizontal,69,36.854972185878495,123,36.854972185878495,0.05197407079453148,0.25,80.99358309497461,36.854972185878495,111.14533066493291,36.854972185878495,30.1517475699583,0
G237,input_image.png,F02,rectangle,horizontal,69,36.9917319657624,123,36.9917319657624,0.05197407079453148,0.25,80.9987112271036,36.9917319657624,111.1428614665539,36.9917319657624,30.1441502394503,0
G238,input_image.png,F02,rectangle,horizontal,69,37.12849174564629,123,37.12849174564629,0.05197407079453148,0.25,81.00762331212019,37.12849174564629,111.137048765336,37.12849174564629,30.12942545321581,0
G239,input_image.png,F02,rectangle,horizontal,69,37.265251525530196,123,37.265251525530196,0.05197407079453148,0.25,81.0170673481073,37.265251525530196,111.13099592548764,37.265251525530196,30.11392857738034,0
G240,input_image.png,F02,rectangle,horizontal,69,37.4020113054141,123,37.4020113054141,0.05197407079453148,0.25,81.02652045686932,37.4020113054141,111.12491692843238,37.4020113054141,30.098396471563063,0
G241,input_image.png,F02,rectangle,vertical,88.90072885262994,5,88.90072885262994,59,0.05197407079453148,0.25,88.90072885262994,20.783001778606035,88.90072885262994,43.461779847771425,22.67877806916539,0
G242,input_image.png,F02,rectangle,vertical,89.08045723610766,5,89.08045723610766,59,0.05197407079453148,0.25,89.08045723610766,20.777306276953233,89.08045723610766,43.46210203030066,22.68479575334743,0
G243,input_image.png,F02,rectangle,vertical,89.26018561958539,5,89.26018561958539,59,0.05197407079453148,0.25,89.26018561958539,20.77237491627009,89.26018561958539,43.461450193853686,22.689075277583598,0
G244,input_image.png,F02,rectangle,vertical,89.43991400306311,5,89.43991400306311,59,0.05197407079453148,0.25,89.43991400306311,20.767442607082984,89.43991400306311,43.46079951766226,22.693356910579276,0
G245,input_image.png,F02,rectangle,vertical,89.61964238654083,5,89.61964238654083,59,0.05197407079453148,0.25,89.61964238654083,20.762509349118233,89.61964238654083,43.46014999863129,22.697640649513055,0
G246,input_image.png,F02,rectangle,vertical,89.79937077001856,5,89.79937077001856,59,0.05197407079453148,0.25,89.79937077001856,20.757575142102052,89.79937077001856,43.45950163367669,22.701926491574632,0
G247,input_image.png,F02,rectangle,vertical,89.97909915349628,5,89.97909915349628,59,0.05197407079453148,0.25,89.97909915349628,20.752639985760553,89.97909915349628,43.458854419725306,22.706214433964753,0
G248,input_image.png,F02,rectangle,vertical,90.158827536974,5,90.158827536974,59,0.05197407079453148,0.25,90.158827536974,20.748379124384183,90.158827536974,43.45731038398662,22.70893125960244,0
G249,input_image.png,F02,rectangle,vertical,90.33855592045173,5,90.33855592045173,59,0.05197407079453148,0.25,90.33855592045173,20.74420501134086,90.33855592045173,43.45565038761074,22.71144537626988,0
G250,input_image.png,F02,rectangle,vertical,90.51828430392945,5,90.51828430392945,59,0.05197407079453148,0.25,90.51828430392945,20.740028714801152,90.51828430392945,43.45399265956063,22.713963944759485,0
G251,input_image.png,F02,rectangle,vertical,90.69801268740717,5,90.69801268740717,59,0.05197407079453148,0.25,90.69801268740717,20.735850233051316,90.69801268740717,43.4523371951901,22.71648696213878,0
G252,input_image.png,F02,rectangle,vertical,90.8777410708849,5,90.8777410708849,59,0.05197407079453148,0.25,90.8777410708849,20.731669564375814,90.8777410708849,43.45068398986561,22.719014425489796,0
G253,input_image.png,F02,rectangle,vertical,91.05746945436262,5,91.05746945436262,59,0.05197407079453148,0.25,91.05746945436262,20.7276161223257,91.05746945436262,43.44883881606438,22.721222693738685,0
G254,input_image.png,F02,rectangle,vertical,91.23719783784034,5,91.23719783784034,59,0.05197407079453148,0.25,91.23719783784034,20.72383551960415,91.23719783784034,43.44658291330293,22.722747393698782,0
G255,input_image.png,F02,rectangle,vertical,91.41692622131806,5,91.41692622131806,59,0.05197407079453148,0.25,91.41692622131806,20.720052292462434,91.41692622131806,43.444329567607674,22.72427727514524,0
G256,input_image.png,F02,rectangle,vertical,91.59665460479579,5,91.59665460479579,59,0.05197407079453148,0.25,91.59665460479579,20.71626643816687,91.59665460479579,43.44207877463342,22.725812336466554,0
G257,input_image.png,F02,rectangle,vertical,91.77638298827351,5,91.77638298827351,59,0.05197407079453148,0.25,91.77638298827351,20.712477953979977,91.77638298827351,43.43983053004482,22.727352576064845,0
G258,input_image.png,F02,rectangle,vertical,91.95611137175123,5,91.95611137175123,59,0.05197407079453148,0.25,91.95611137175123,20.708686837160478,91.95611137175123,43.43758482951633,22.728897992355854,0
G259,input_image.png,F02,rectangle,vertical,92.13583975522896,5,92.13583975522896,59,0.05197407079453148,0.25,92.13583975522896,20.705051932357435,92.13583975522896,43.43503312620754,22.729981193850108,0
G260,input_image.png,F02,rectangle,vertical,92.31556813870668,5,92.31556813870668,59,0.05197407079453148,0.25,92.31556813870668,20.70146553778709,92.31556813870668,43.43238443921404,22.730918901426953,0
G261,input_image.png,F02,rectangle,vertical,92.4952965221844,5,92.4952965221844,59,0.05197407079453148,0.25,92.4952965221844,20.697876303761063,92.4952965221844,43.42973847509451,22.731862171333447,0
G262,input_image.png,F02,rectangle,vertical,92.67502490566213,5,92.67502490566213,59,0.05197407079453148,0.25,92.67502490566213,20.694284226905893,92.67502490566213,43.427095229652394,22.7328110027465,0
G263,input_image.png,F02,rectangle,vertical,92.85475328913985,5,92.85475328913985,59,0.05197407079453148,0.25,92.85475328913985,20.69068930384278,92.85475328913985,43.42445469869977,22.733765394856984,0
G264,input_image.png,F02,rectangle,vertical,93.03448167261757,5,93.03448167261757,59,0.05197407079453148,0.25,93.03448167261757,20.68711457499164,93.03448167261757,43.42175309978422,22.73463852479258,0
G265,input_image.png,F02,rectangle,vertical,93.2142100560953,5,93.2142100560953,59,0.05197407079453148,0.25,93.2142100560953,20.683633953865687,93.2142100560953,43.41878576338128,22.735151809515592,0
G266,input_image.png,F02,rectangle,vertical,93.39393843957302,5,93.39393843957302,59,0.05197407079453148,0.25,93.39393843957302,20.68015029737422,93.39393843957302,43.41582147889854,22.735671181524324,0
G267,input_image.png,F02,rectangle,vertical,93.57366682305074,5,93.57366682305074,59,0.05197407079453148,0.25,93.57366682305074,20.676663601544888,93.57366682305074,43.41286024163005,22.73619664008516,0
G268,input_image.png,F02,rectangle,vertical,93.75339520652847,5,93.75339520652847,59,0.05197407079453148,0.25,93.75339520652847,20.67317386239843,93.75339520652847,43.40990204687952,22.736728184481095,0
G269,input_image.png,F02,rectangle,vertical,93.93312359000619,5,93.93312359000619,59,0.05197407079453148,0.25,93.93312359000619,20.669681075948624,93.93312359000619,43.406946889960324,22.7372658140117,0
G270,input_image.png,F02,rectangle,vertical,94.11285197348391,5,94.11285197348391,59,0.05197407079453148,0.25,94.11285197348391,20.666231798471966,94.11285197348391,43.40383506058803,22.737603262116064,0
G271,input_image.png,F02,rectangle,vertical,94.29258035696164,5,94.29258035696164,59,0.05197407079453148,0.25,94.29258035696164,20.66280693377768,94.29258035696164,43.40063189018072,22.73782495640304,0
G272,input_image.png,F02,rectangle,vertical,94.47230874043936,5,94.47230874043936,59,0.05197407079453148,0.25,94.47230874043936,20.659378857396174,94.47230874043936,43.39743207782251,22.738053220426334,0
G273,input_image.png,F02,rectangle,vertical,94.65203712391708,5,94.65203712391708,59,0.05197407079453148,0.25,94.65203712391708,20.65594756480766,94.65203712391708,43.394235618235534,22.738288053427873,0
G274,input_image.png,F02,rectangle,vertical,94.8317655073948,5,94.8317655073948,59,0.05197407079453148,0.25,94.8317655073948,20.652513051483865,94.8317655073948,43.391042506153,22.738529454669134,0
G275,input_image.png,F02,rectangle,vertical,95.01149389087253,5,95.01149389087253,59,0.05197407079453148,0.25,95.01149389087253,20.649079263104028,95.01149389087253,43.38784328451941,22.73876402141538,0
G276,input_image.png,F02,rectangle,vertical,95.19122227435025,5,95.19122227435025,59,0.05197407079453148,0.25,95.19122227435025,20.645699994754892,95.19122227435025,43.38450913346329,22.738809138708397,0
G277,input_image.png,F02,rectangle,vertical,95.37095065782798,5,95.37095065782798,59,0.05197407079453148,0.25,95.37095065782798,20.64231736216499,95.37095065782798,43.38117846113856,22.73886109897357,0
G278,input_image.png,F02,rectangle,vertical,95.5506790413057,5,95.5506790413057,59,0.05197407079453148,0.25,95.5506790413057,20.638931360307907,95.5506790413057,43.37785126210368,22.73891990179578,0
G279,input_image.png,F02,rectangle,vertical,95.73040742478341,5,95.73040742478341,59,0.05197407079453148,0.25,95.73040742478341,20.63554198414719,95.73040742478341,43.374527530928475,22.738985546781286,0
G280,input_image.png,F02,rectangle,vertical,95.91013580826113,5,95.91013580826113,59,0.05197407079453148,0.25,95.91013580826113,20.63214922863636,95.91013580826113,43.371207262194055,22.739058033557694,0
G281,input_image.png,F02,rectangle,vertical,96.08986419173885,5,96.08986419173885,59,0.05197407079453148,0.25,96.08986419173885,20.628792745019716,96.08986419173885,43.367850777630096,22.73905803261038,0
G282,input_image.png,F02,rectangle,vertical,96.26959257521658,5,96.26959257521658,59,0.05197407079453148,0.25,96.26959257521658,20.625472477521797,96.26959257521658,43.36445802145996,22.738985543938163,0
G283,input_image.png,F02,rectangle,vertical,96.4493209586943,5,96.4493209586943,59,0.05197407079453148,0.25,96.4493209586943,20.62214874758625,96.4493209586943,43.36106864464153,22.738919897055272,0
G284,input_image.png,F02,rectangle,vertical,96.62904934217202,5,96.62904934217202,59,0.05197407079453148,0.25,96.62904934217202,20.61882154979423,96.62904934217202,43.3576826421283,22.738861092334073,0
G285,input_image.png,F02,rectangle,vertical,96.80877772564975,5,96.80877772564975,59,0.05197407079453148,0.25,96.80877772564975,20.61549087871554,96.80877772564975,43.35430000888385,22.73880913016831,0
G286,input_image.png,F02,rectangle,vertical,96.98850610912747,5,96.98850610912747,59,0.05197407079453148,0.25,96.98850610912747,20.61215672890865,96.98850610912747,43.35092073988173,22.738764010973078,0
G287,input_image.png,F02,rectangle,vertical,97.1682344926052,5,97.1682344926052,59,0.05197407079453148,0.25,97.1682344926052,20.60895750956618,97.1682344926052,43.34748695129366,22.738529441727483,0
G288,input_image.png,F02,rectangle,vertical,97.34796287608292,5,97.34796287608292,59,0.05197407079453148,0.25,97.34796287608292,20.605764399851775,97.34796287608292,43.344052437792186,22.73828803794041,0
G289,input_image.png,F02,rectangle,vertical,97.52769125956064,5,97.52769125956064,59,0.05197407079453148,0.25,97.52769125956064,20.6025679426391,97.52769125956064,43.34062114502621,22.73805320238711,0
G290,input_image.png,F02,rectangle,vertical,97.70741964303836,5,97.70741964303836,59,0.05197407079453148,0.25,97.70741964303836,20.59936813266137,97.70741964303836,43.33719306846747,22.737824935806103,0
G291,input_image.png,F02,rectangle,vertical,97.88714802651609,5,97.88714802651609,59,0.05197407079453148,0.25,97.88714802651609,20.59616496464073,97.88714802651609,43.33376820359618,22.737603238955447,0
G292,input_image.png,F02,rectangle,vertical,98.06687640999381,5,98.06687640999381,59,0.05197407079453148,0.25,98.06687640999381,20.593053138360766,98.06687640999381,43.33031892597495,22.737265787614184,0
G293,input_image.png,F02,rectangle,vertical,98.24660479347153,5,98.24660479347153,59,0.05197407079453148,0.25,98.24660479347153,20.590097985723656,98.24660479347153,43.32682613943491,22.73672815371125,0
G294,input_image.png,F02,rectangle,vertical,98.42633317694926,5,98.42633317694926,59,0.05197407079453148,0.25,98.42633317694926,20.587139795266204,98.42633317694926,43.32333640019807,22.73619660493187,0
G295,input_image.png,F02,rectangle,vertical,98.60606156042698,5,98.60606156042698,59,0.05197407079453148,0.25,98.60606156042698,20.5841785623018,98.60606156042698,43.31984970427823,22.735671141976425,0
G296,input_image.png,F02,rectangle,vertical,98.7857899439047,5,98.7857899439047,59,0.05197407079453148,0.25,98.7857899439047,20.581214282134198,98.7857899439047,43.31636604769611,22.73515176556191,0
G297,input_image.png,F02,rectangle,vertical,98.96551832738243,5,98.96551832738243,59,0.05197407079453148,0.25,98.96551832738243,20.578246950057462,98.96551832738243,43.31288542647937,22.734638476421907,0
G298,input_image.png,F02,rectangle,vertical,99.14524671086015,5,99.14524671086015,59,0.05197407079453148,0.25,99.14524671086015,20.575545357797235,99.14524671086015,43.309310697760026,22.733765339962787,0
G299,input_image.png,F02,rectangle,vertical,99.32497509433787,5,99.32497509433787,59,0.05197407079453148,0.25,99.32497509433787,20.57290483406736,99.32497509433787,43.30571577488066,22.7328109408133,0
G300,input_image.png,F02,rectangle,vertical,99.5047034778156,5,99.5047034778156,59,0.05197407079453148,0.25,99.5047034778156,20.570261595865805,99.5047034778156,43.30212369820823,22.731862102342422,0
G301,input_image.png,F02,rectangle,vertical,99.68443186129332,5,99.68443186129332,59,0.05197407079453148,0.25,99.68443186129332,20.567615639004686,99.68443186129332,43.29853446436393,22.730918825359247,0
G302,input_image.png,F02,rectangle,vertical,99.86416024477104,5,99.86416024477104,59,0.05197407079453148,0.25,99.86416024477104,20.5649669592875,99.86416024477104,43.29494806997432,22.729981110686815,0
G303,input_image.png,F02,rectangle,vertical,100.04388862824877,5,100.04388862824877,59,0.05197407079453148,0.25,100.04388862824877,20.562415264242787,100.04388862824877,43.29131316537161,22.728897901128825,0
G304,input_image.png,F02,rectangle,vertical,100.22361701172649,5,100.22361701172649,59,0.05197407079453148,0.25,100.22361701172649,20.560169575004718,100.22361701172649,43.28752204881492,22.727352473810207,0
G305,input_image.png,F02,rectangle,vertical,100.40334539520421,5,100.40334539520421,59,0.05197407079453148,0.25,100.40334539520421,20.557921341735295,100.40334539520421,43.28373356488932,22.725812223154026,0
G306,input_image.png,F02,rectangle,vertical,100.58307377868194,5,100.58307377868194,59,0.05197407079453148,0.25,100.58307377868194,20.555670560109046,100.58307377868194,43.279947710853506,22.724277150744456,0
G307,input_image.png,F02,rectangle,vertical,100.76280216215966,5,100.76280216215966,59,0.05197407079453148,0.25,100.76280216215966,20.553417225790714,100.76280216215966,43.27616448397003,22.722747258179314,0
G308,input_image.png,F02,rectangle,vertical,100.94253054563738,5,100.94253054563738,59,0.05197407079453148,0.25,100.94253054563738,20.551161334435175,100.94253054563738,43.27238388150519,22.721222547070013,0
G309,input_image.png,F02,rectangle,vertical,101.1222589291151,5,101.1222589291151,59,0.05197407079453148,0.25,101.1222589291151,20.549316175563092,101.1222589291151,43.26833043976884,22.719014264205747,0
G310,input_image.png,F02,rectangle,vertical,101.30198731259283,5,101.30198731259283,59,0.05197407079453148,0.25,101.30198731259283,20.547662986850245,101.30198731259283,43.26414977143256,22.716486784582315,0
G311,input_image.png,F02,rectangle,vertical,101.48171569607055,5,101.48171569607055,59,0.05197407079453148,0.25,101.48171569607055,20.546007539133548,101.48171569607055,43.25997129001976,22.713963750886215,0
G312,input_image.png,F02,rectangle,vertical,101.66144407954827,5,101.66144407954827,59,0.05197407079453148,0.25,101.66144407954827,20.544349827779605,101.66144407954827,43.255794993814916,22.711445166035308,0
G313,input_image.png,F02,rectangle,vertical,101.841172463026,5,101.841172463026,59,0.05197407079453148,0.25,101.841172463026,20.542689848142345,101.841172463026,43.25162088110429,22.70893103296194,0
G314,input_image.png,F02,rectangle,vertical,102.02090084650372,5,102.02090084650372,59,0.05197407079453148,0.25,102.02090084650372,20.54114582981154,102.02090084650372,43.247360020065884,22.706214190254343,0
G315,input_image.png,F02,rectangle,vertical,102.20062922998144,5,102.20062922998144,59,0.05197407079453148,0.25,102.20062922998144,20.540498638077928,102.20062922998144,43.2424248641163,22.701926226038374,0
G316,input_image.png,F02,rectangle,vertical,102.38035761345917,5,102.38035761345917,59,0.05197407079453148,0.25,102.38035761345917,20.539850295392945,102.38035761345917,43.2374906574891,22.697640362096152,0
G317,input_image.png,F02,rectangle,vertical,102.56008599693689,5,102.56008599693689,59,0.05197407079453148,0.25,102.56008599693689,20.53920079868363,102.56008599693689,43.23255739991038,22.693356601226746,0
G318,input_image.png,F02,rectangle,vertical,102.73981438041461,5,102.73981438041461,59,0.05197407079453148,0.25,102.73981438041461,20.53855014486605,102.73981438041461,43.227625091106354,22.689074946240304,0
G319,input_image.png,F02,rectangle,vertical,102.91954276389234,5,102.91954276389234,59,0.05197407079453148,0.25,102.91954276389234,20.537898330845298,102.91954276389234,43.22269373080335,22.684795399958052,0
G320,input_image.png,F02,rectangle,vertical,103.09927114737006,5,103.09927114737006,59,0.05197407079453148,0.25,103.09927114737006,20.538220537971988,103.09927114737006,43.216998229534035,22.678777691562047,0
G321,input_image.png,F03,rectangle,horizontal,133,24.570181675957514,187,24.570181675957514,0.05197407079453148,0.25,148.34306624348264,24.570181675957514,173.16725816536035,24.570181675957514,24.82419192187769,0
G322,input_image.png,F03,rectangle,horizontal,133,24.75827834238897,187,24.75827834238897,0.05197407079453148,0.25,148.31744112043629,24.75827834238897,173.1598762562721,24.75827834238897,24.84243513583582,0
G323,input_image.png,F03,rectangle,horizontal,133,24.946375008820425,187,24.946375008820425,0.05197407079453148,0.25,148.29158294377484,24.946375008820425,173.15252424149804,24.946375008820425,24.86094129772318,0
G324,input_image.png,F03,rectangle,horizontal,133,25.13447167525188,187,25.13447167525188,0.05197407079453148,0.25,148.26652841978316,25.13447167525188,173.14207273134318,25.13447167525188,24.87554431156002,0
G325,input_image.png,F03,rectangle,horizontal,133,25.322568341683336,187,25.322568341683336,0.05197407079453148,0.25,148.24165922714388,25.322568341683336,173.1303881934846,25.322568341683336,24.888728966340715,0
G326,input_image.png,F03,rectangle,horizontal,133,25.510665008114792,187,25.510665008114792,0.05197407079453148,0.25,148.21655917293637,25.510665008114792,173.1187160260531,25.510665008114792,24.90215685311675,0
G327,input_image.png,F03,rectangle,horizontal,133,25.698761674546247,187,25.698761674546247,0.05197407079453148,0.25,148.19122502752643,25.698761674546247,173.10705620941428,25.698761674546247,24.91583118188784,0
G328,input_image.png,F03,rectangle,horizontal,133,25.886858340977703,187,25.886858340977703,0.05197407079453148,0.25,148.1656535007564,25.886858340977703,173.09540872397508,25.886858340977703,24.929755223218688,0
G329,input_image.png,F03,rectangle,horizontal,133,26.07495500740916,187,26.07495500740916,0.05197407079453148,0.25,148.1412033178859,26.07495500740916,173.0825479316306,26.07495500740916,24.941344613744693,0
G330,input_image.png,F03,rectangle,horizontal,133,26.263051673840614,187,26.263051673840614,0.05197407079453148,0.25,148.11863675514985,26.263051673840614,173.06782986810833,26.263051673840614,24.949193112958472,0
G331,input_image.png,F03,rectangle,horizontal,133,26.45114834027207,187,26.45114834027207,0.05197407079453148,0.25,148.09592690471348,26.45114834027207,173.0530961285291,26.45114834027207,24.95716922381562,0
G332,input_image.png,F03,rectangle,horizontal,133,26.639245006703526,187,26.639245006703526,0.05197407079453148,0.25,148.07307239750995,26.639245006703526,173.03834668783497,26.639245006703526,24.965274290325013,0
G333,input_image.png,F03,rectangle,horizontal,133,26.82734167313498,187,26.82734167313498,0.05197407079453148,0.25,148.05007184697538,26.82734167313498,173.02358152091452,26.82734167313498,24.973509673939148,0
G334,input_image.png,F03,rectangle,horizontal,133,27.015438339566433,187,27.015438339566433,0.05197407079453148,0.25,148.02706047330443,27.015438339566433,173.00861775201068,27.015438339566433,24.981557278706255,0
G335,input_image.png,F03,rectangle,horizontal,133,27.20353500599789,187,27.20353500599789,0.05197407079453148,0.25,148.0054333950541,27.20353500599789,172.99041944875668,27.20353500599789,24.984986053702592,0
G336,input_image.png,F03,rectangle,horizontal,133,27.391631672429344,187,27.391631672429344,0.05197407079453148,0.25,147.98566553879675,27.391631672429344,172.97112974534554,27.391631672429344,24.98546420654879,0
G337,input_image.png,F03,rectangle,horizontal,133,27.5797283388608,187,27.5797283388608,0.05197407079453148,0.25,147.96660319060857,27.5797283388608,172.95197644898417,27.5797283388608,24.98537325837561,0
G338,input_image.png,F03,rectangle,horizontal,133,27.767825005292256,187,27.767825005292256,0.05197407079453148,0.25,147.94760430842055,27.767825005292256,172.93295811786768,27.767825005292256,24.985353809447147,0
G339,input_image.png,F03,rectangle,horizontal,133,27.95592167172371,187,27.95592167172371,0.05197407079453148,0.25,147.9286685758048,27.95592167172371,172.91407333043946,27.95592167172371,24.985404754634647,0
G340,input_image.png,F03,rectangle,horizontal,133,28.144018338155167,187,28.144018338155167,0.05197407079453148,0.25,147.9105294814735,28.144018338155167,172.89294969411682,28.144018338155167,24.982420212643312,0
G341,input_image.png,F03,rectangle,horizontal,133,28.332115004586623,187,28.332115004586623,0.05197407079453148,0.25,147.89265075822703,28.332115004586623,172.8712806625226,28.332115004586623,24.978629904295573,0
G342,input_image.png,F03,rectangle,horizontal,133,28.520211671018078,187,28.520211671018078,0.05197407079453148,0.25,147.87480416459516,28.520211671018078,172.84979616700778,28.520211671018078,24.974992002412623,0
G343,input_image.png,F03,rectangle,horizontal,133,28.70830833744953,187,28.70830833744953,0.05197407079453148,0.25,147.85698961404609,28.70830833744953,172.82849386027013,28.70830833744953,24.97150424622403,0
G344,input_image.png,F03,rectangle,horizontal,133,28.896405003880986,187,28.896405003880986,0.05197407079453148,0.25,147.83920702035851,28.896405003880986,172.80737143464967,28.896405003880986,24.968164414291152,0
G345,input_image.png,F03,rectangle,horizontal,133,29.08450167031244,187,29.08450167031244,0.05197407079453148,0.25,147.82183275906436,29.08450167031244,172.78545268772277,29.08450167031244,24.963619928658403,0
G346,input_image.png,F03,rectangle,horizontal,133,29.272598336743897,187,29.272598336743897,0.05197407079453148,0.25,147.80492868400097,29.272598336743897,172.76255811884033,29.272598336743897,24.95762943483937,0
G347,input_image.png,F03,rectangle,horizontal,133,29.460695003175353,187,29.460695003175353,0.05197407079453148,0.25,147.7880244684841,29.460695003175353,172.73989468593808,29.460695003175353,24.95187021745396,0
G348,input_image.png,F03,rectangle,horizontal,133,29.64879166960681,187,29.64879166960681,0.05197407079453148,0.25,147.77112011251208,29.64879166960681,172.71745890638735,29.64879166960681,24.946338793875277,0
G349,input_image.png,F03,rectangle,horizontal,133,29.836888336038264,187,29.836888336038264,0.05197407079453148,0.25,147.7542156160831,29.836888336038264,172.69524736717563,29.836888336038264,24.941031751092535,0
G350,input_image.png,F03,rectangle,horizontal,133,30.02498500246972,187,30.02498500246972,0.05197407079453148,0.25,147.73728995160005,30.02498500246972,172.6732077053326,30.02498500246972,24.93591775373256,0
G351,input_image.png,F03,rectangle,horizontal,133,30.213081668901175,187,30.213081668901175,0.05197407079453148,0.25,147.72019555524415,30.213081668901175,172.65106956400865,30.213081668901175,24.93087400876451,0
G352,input_image.png,F03,rectangle,horizontal,133,30.40117833533263,187,30.40117833533263,0.05197407079453148,0.25,147.70304553943782,30.40117833533263,172.6291526232843,30.40117833533263,24.926107083846496,0
G353,input_image.png,F03,rectangle,horizontal,133,30.589275001764086,187,30.589275001764086,0.05197407079453148,0.25,147.6858396322881,30.589275001764086,172.6074535843412,30.589275001764086,24.92161395205309,0
G354,input_image.png,F03,rectangle,horizontal,133,30.777371668195542,187,30.777371668195542,0.05197407079453148,0.25,147.66857756012695,30.777371668195542,172.58596921363124,30.777371668195542,24.917391653504282,0
G355,input_image.png,F03,rectangle,horizontal,133,30.965468334626998,187,30.965468334626998,0.05197407079453148,0.25,147.65125904749675,30.965468334626998,172.56469634127032,30.965468334626998,24.913437293773562,0
G356,input_image.png,F03,rectangle,horizontal,133,31.15356500105845,187,31.15356500105845,0.05197407079453148,0.25,147.63289565912171,31.15356500105845,172.54380950287222,31.15356500105845,24.910913843750503,0
G357,input_image.png,F03,rectangle,horizontal,133,31.341661667489905,187,31.341661667489905,0.05197407079453148,0.25,147.61419101113316,31.341661667489905,172.5231509874392,31.341661667489905,24.908959976306036,0
G358,input_image.png,F03,rectangle,horizontal,133,31.52975833392136,187,31.52975833392136,0.05197407079453148,0.25,147.59535982391418,31.52975833392136,172.50267660806696,31.52975833392136,24.907316784152773,0
G359,input_image.png,F03,rectangle,horizontal,133,31.717855000352817,187,31.717855000352817,0.05197407079453148,0.25,147.5764008090265,31.717855000352817,172.48238391378183,31.717855000352817,24.905983104755336,0
G360,input_image.png,F03,rectangle,horizontal,133,31.905951666784272,187,31.905951666784272,0.05197407079453148,0.25,147.55731266048022,31.905951666784272,172.46227049691683,31.905951666784272,24.90495783643661,0
G361,input_image.png,F03,rectangle,horizontal,133,32.094048333215724,187,32.094048333215724,0.05197407079453148,0.25,147.53772952821424,32.094048333215724,172.44268736386374,32.094048333215724,24.904957835649505,0
G362,input_image.png,F03,rectangle,horizontal,133,32.28214499964718,187,32.28214499964718,0.05197407079453148,0.25,147.51761611198881,32.28214499964718,172.42359921438575,32.28214499964718,24.905983102396927,0
G363,input_image.png,F03,rectangle,horizontal,133,32.470241666078635,187,32.470241666078635,0.05197407079453148,0.25,147.4973234183617,32.470241666078635,172.40464019858797,32.470241666078635,24.90731678022626,0
G364,input_image.png,F03,rectangle,horizontal,133,32.65833833251009,187,32.65833833251009,0.05197407079453148,0.25,147.4768490396663,32.65833833251009,172.38580901048013,32.65833833251009,24.908959970813846,0
G365,input_image.png,F03,rectangle,horizontal,133,32.84643499894155,187,32.84643499894155,0.05197407079453148,0.25,147.45619052492935,32.84643499894155,172.36710436162363,32.84643499894155,24.910913836694263,0
G366,input_image.png,F03,rectangle,horizontal,133,33.034531665373,187,33.034531665373,0.05197407079453148,0.25,147.43530368718558,33.034531665373,172.34874097237935,33.034531665373,24.913437285193766,0
G367,input_image.png,F03,rectangle,horizontal,133,33.22262833180446,187,33.22262833180446,0.05197407079453148,0.25,147.41403081521418,33.22262833180446,172.33142245880342,33.22262833180446,24.917391643589255,0
G368,input_image.png,F03,rectangle,horizontal,133,33.410724998235914,187,33.410724998235914,0.05197407079453148,0.25,147.3925464448943,33.410724998235914,172.3141603857169,33.410724998235914,24.921613940822596,0
G369,input_image.png,F03,rectangle,horizontal,133,33.59882166466737,187,33.59882166466737,0.05197407079453148,0.25,147.37084740634185,33.59882166466737,172.29695447766198,33.59882166466737,24.926107071320132,0
G370,input_image.png,F03,rectangle,horizontal,133,33.786918331098825,187,33.786918331098825,0.05197407079453148,0.25,147.3489304660087,33.786918331098825,172.27980446097047,33.786918331098825,24.930873994961765,0
G371,input_image.png,F03,rectangle,horizontal,133,33.97501499753028,187,33.97501499753028,0.05197407079453148,0.25,147.3267923250764,33.97501499753028,172.26271006374918,33.97501499753028,24.935917738672757,0
G372,input_image.png,F03,rectangle,horizontal,133,34.163111663961736,187,34.163111663961736,0.05197407079453148,0.25,147.30475266323293,34.163111663961736,172.24578439830987,34.163111663961736,24.941031735076926,0
G373,input_image.png,F03,rectangle,horizontal,133,34.35120833039319,187,34.35120833039319,0.05197407079453148,0.25,147.2825411239487,34.35120833039319,172.22887990092016,34.35120833039319,24.94633877697145,0
G374,input_image.png,F03,rectangle,horizontal,133,34.53930499682465,187,34.53930499682465,0.05197407079453148,0.25,147.26010534431234,34.53930499682465,172.21197554399936,34.53930499682465,24.951870199687026,0
G375,input_image.png,F03,rectangle,horizontal,133,34.7274016632561,187,34.7274016632561,0.05197407079453148,0.25,147.2374419113109,34.7274016632561,172.19507132754572,34.7274016632561,24.95762941623483,0
G376,input_image.png,F03,rectangle,horizontal,133,34.91549832968756,187,34.91549832968756,0.05197407079453148,0.25,147.2145473423153,34.91549832968756,172.1781672515575,34.91549832968756,24.96361990924217,0
G377,input_image.png,F03,rectangle,horizontal,133,35.103594996119014,187,35.103594996119014,0.05197407079453148,0.25,147.19262859505727,35.103594996119014,172.16079298943197,35.103594996119014,24.968164394374703,0
G378,input_image.png,F03,rectangle,horizontal,133,35.29169166255047,187,35.29169166255047,0.05197407079453148,0.25,147.17150616891493,35.29169166255047,172.14301039499222,35.29169166255047,24.9715042260773,0
G379,input_image.png,F03,rectangle,horizontal,133,35.479788328981925,187,35.479788328981925,0.05197407079453148,0.25,147.15020386162738,35.479788328981925,172.12519584370406,35.479788328981925,24.97499198207668,0
G380,input_image.png,F03,rectangle,horizontal,133,35.66788499541338,187,35.66788499541338,0.05197407079453148,0.25,147.128719365534,35.66788499541338,172.10734924934627,35.66788499541338,24.97862988381224,0
G381,input_image.png,F03,rectangle,horizontal,133,35.85598166184484,187,35.85598166184484,0.05197407079453148,0.25,147.10705033333193,35.85598166184484,172.08947052538707,35.85598166184484,24.982420192055145,0
G382,input_image.png,F03,rectangle,horizontal,133,36.04407832827629,187,36.04407832827629,0.05197407079453148,0.25,147.08592669630653,36.04407832827629,172.0713314304378,36.04407832827629,24.985404734131265,0
G383,input_image.png,F03,rectangle,horizontal,133,36.23217499470775,187,36.23217499470775,0.05197407079453148,0.25,147.0670419079392,36.23217499470775,172.05239569748818,36.23217499470775,24.98535378954898,0
G384,input_image.png,F03,rectangle,horizontal,133,36.420271661139196,187,36.420271661139196,0.05197407079453148,0.25,147.04802357586235,36.420271661139196,172.0333968149871,36.420271661139196,24.985373239124748,0
G385,input_image.png,F03,rectangle,horizontal,133,36.60836832757065,187,36.60836832757065,0.05197407079453148,0.25,147.02887027851895,36.60836832757065,172.01433446650685,36.60836832757065,24.985464187987922,0
G386,input_image.png,F03,rectangle,horizontal,133,36.79646499400211,187,36.79646499400211,0.05197407079453148,0.25,147.00958057410372,36.79646499400211,171.99456661065608,36.79646499400211,24.984986036552353,0
G387,input_image.png,F03,rectangle,horizontal,133,36.98456166043356,187,36.98456166043356,0.05197407079453148,0.25,146.99138226713472,36.98456166043356,171.97293953209635,36.98456166043356,24.98155726496161,0
G388,input_image.png,F03,rectangle,horizontal,133,37.17265832686502,187,37.17265832686502,0.05197407079453148,0.25,146.97641849739657,37.17265832686502,171.94992815791474,37.17265832686502,24.97350966051818,0
G389,input_image.png,F03,rectangle,horizontal,133,37.360754993296474,187,37.360754993296474,0.05197407079453148,0.25,146.96165332962875,37.360754993296474,171.92692760687177,37.360754993296474,24.96527427724303,0
G390,input_image.png,F03,rectangle,horizontal,133,37.54885165972793,187,37.54885165972793,0.05197407079453148,0.25,146.94690388806393,37.54885165972793,171.9040730991809,37.54885165972793,24.957169211116955,0
G391,input_image.png,F03,rectangle,horizontal,133,37.736948326159386,187,37.736948326159386,0.05197407079453148,0.25,146.93217014759082,37.736948326159386,171.8813632482778,37.736948326159386,24.94919310068701,0
G392,input_image.png,F03,rectangle,horizontal,133,37.92504499259084,187,37.92504499259084,0.05197407079453148,0.25,146.91745208315152,37.92504499259084,171.8587966850954,37.92504499259084,24.941344601943875,0
G393,input_image.png,F03,rectangle,horizontal,133,38.1131416590223,187,38.1131416590223,0.05197407079453148,0.25,146.90459128998586,38.1131416590223,171.83434650187917,38.1131416590223,24.92975521189328,0
G394,input_image.png,F03,rectangle,horizontal,133,38.30123832545375,187,38.30123832545375,0.05197407079453148,0.25,146.89294380378612,38.30123832545375,171.8087749748188,38.30123832545375,24.915831171032664,0
G395,input_image.png,F03,rectangle,horizontal,133,38.48933499188521,187,38.48933499188521,0.05197407079453148,0.25,146.88128398636957,38.48933499188521,171.78344082911605,38.48933499188521,24.90215684274648,0
G396,input_image.png,F03,rectangle,horizontal,133,38.677431658316664,187,38.677431658316664,0.05197407079453148,0.25,146.86961181814323,38.677431658316664,171.7583407746134,38.677431658316664,24.888728956470178,0
G397,input_image.png,F03,rectangle,horizontal,133,38.86552832474812,187,38.86552832474812,0.05197407079453148,0.25,146.85792727947256,38.86552832474812,171.73347158167678,38.86552832474812,24.875544302204204,0
G398,input_image.png,F03,rectangle,horizontal,133,39.053624991179575,187,39.053624991179575,0.05197407079453148,0.25,146.84747576853732,39.053624991179575,171.70841705743086,39.053624991179575,24.86094128889354,0
G399,input_image.png,F03,rectangle,horizontal,133,39.24172165761103,187,39.24172165761103,0.05197407079453148,0.25,146.84012375309354,39.24172165761103,171.68255888063402,39.24172165761103,24.842435127540465,0
G400,input_image.png,F03,rectangle,horizontal,133,39.429818324042486,187,39.429818324042486,0.05197407079453148,0.25,146.8327418433262,39.429818324042486,171.65693375746122,39.429818324042486,24.82419191413503,0
G401,input_image.png,F03,rectangle,vertical,154.15005161831715,5,154.15005161831715,59,0.05197407079453148,0.25,154.15005161831715,15.708198517677914,154.15005161831715,47.31412450722599,31.605925989548076,0
G402,input_image.png,F03,rectangle,vertical,154.29815157734708,5,154.29815157734708,59,0.05197407079453148,0.25,154.29815157734708,15.704749896580413,154.29815157734708,47.33234268722054,31.627592790640126,0
G403,input_image.png,F03,rectangle,vertical,154.44625153637705,5,154.44625153637705,59,0.05197407079453148,0.25,154.44625153637705,15.701340684667477,154.44625153637705,47.35062226073745,31.649281576069974,0
G404,input_image.png,F03,rectangle,vertical,154.59435149540698,5,154.59435149540698,59,0.05197407079453148,0.25,154.59435149540698,15.697970210253123,154.59435149540698,47.368963538635946,31.67099332838282,0
G405,input_image.png,F03,rectangle,vertical,154.74245145443692,5,154.74245145443692,59,0.05197407079453148,0.25,154.74245145443692,15.694637816829337,154.74245145443692,47.38736683387746,31.692729017048123,0
G406,input_image.png,F03,rectangle,vertical,154.89055141346688,5,154.89055141346688,59,0.05197407079453148,0.25,154.89055141346688,15.691342862639752,154.89055141346688,47.40583246154345,31.714489598903697,0
G407,input_image.png,F03,rectangle,vertical,155.03865137249682,5,155.03865137249682,59,0.05197407079453148,0.25,155.03865137249682,15.689826656330952,155.03865137249682,47.42419849365737,31.73437183732642,0
G408,input_image.png,F03,rectangle,vertical,155.18675133152678,5,155.18675133152678,59,0.05197407079453148,0.25,155.18675133152678,15.693237393324317,155.18675133152678,47.44219597811863,31.748958584794316,0
G409,input_image.png,F03,rectangle,vertical,155.3348512905567,5,155.3348512905567,59,0.05197407079453148,0.25,155.3348512905567,15.696618068796932,155.3348512905567,47.4603015074056,31.763683438608673,0
G410,input_image.png,F03,rectangle,vertical,155.48295124958665,5,155.48295124958665,59,0.05197407079453148,0.25,155.48295124958665,15.699969078438945,155.48295124958665,47.478516057390536,31.77854697895159,0
G411,input_image.png,F03,rectangle,vertical,155.6310512086166,5,155.6310512086166,59,0.05197407079453148,0.25,155.6310512086166,15.703290811026383,155.6310512086166,47.49684061573341,31.793549804707027,0
G412,input_image.png,F03,rectangle,vertical,155.77915116764655,5,155.77915116764655,59,0.05197407079453148,0.25,155.77915116764655,15.70658364857151,155.77915116764655,47.51527618206044,31.80869253348893,0
G413,input_image.png,F03,rectangle,vertical,155.92725112667648,5,155.92725112667648,59,0.05197407079453148,0.25,155.92725112667648,15.70984796646929,155.92725112667648,47.533823768145886,31.823975801676596,0
G414,input_image.png,F03,rectangle,vertical,156.07535108570644,5,156.07535108570644,59,0.05197407079453148,0.25,156.07535108570644,15.714965121052787,156.07535108570644,47.55220674216656,31.837241621113776,0
G415,input_image.png,F03,rectangle,vertical,156.22345104473638,5,156.22345104473638,59,0.05197407079453148,0.25,156.22345104473638,15.721862019752102,156.22345104473638,47.57044852992913,31.84858651017703,0
G416,input_image.png,F03,rectangle,vertical,156.37155100376634,5,156.37155100376634,59,0.05197407079453148,0.25,156.37155100376634,15.728720201575703,156.37155100376634,47.588822731404534,31.86010252982883,0
G417,input_image.png,F03,rectangle,vertical,156.51965096279628,5,156.51965096279628,59,0.05197407079453148,0.25,156.51965096279628,15.735539991626405,156.51965096279628,47.60733079359394,31.871790801967535,0
G418,input_image.png,F03,rectangle,vertical,156.6677509218262,5,156.6677509218262,59,0.05197407079453148,0.25,156.6677509218262,15.74232171137737,156.6677509218262,47.62597418465915,31.883652473281778,0
G419,input_image.png,F03,rectangle,vertical,156.81585088085617,5,156.81585088085617,59,0.05197407079453148,0.25,156.81585088085617,15.74906567872261,156.81585088085617,47.64475439431082,31.895688715588214,0
G420,input_image.png,F03,rectangle,vertical,156.9639508398861,5,156.9639508398861,59,0.05197407079453148,0.25,156.9639508398861,15.755772208026665,156.9639508398861,47.66367293420526,31.907900726178596,0
G421,input_image.png,F03,rectangle,vertical,157.11205079891607,5,157.11205079891607,59,0.05197407079453148,0.25,157.11205079891607,15.764179108147479,157.11205079891607,47.68222494779495,31.91804583964747,0
G422,input_image.png,F03,rectangle,vertical,157.260150757946,5,157.260150757946,59,0.05197407079453148,0.25,157.260150757946,15.77312238623086,157.260150757946,47.70075275413188,31.927630367901017,0
G423,input_image.png,F03,rectangle,vertical,157.40825071697594,5,157.40825071697594,59,0.05197407079453148,0.25,157.40825071697594,15.782045110534415,157.40825071697594,47.71942046215373,31.937375351619313,0
G424,input_image.png,F03,rectangle,vertical,157.5563506760059,5,157.5563506760059,59,0.05197407079453148,0.25,157.5563506760059,15.790947351833028,157.5563506760059,47.73822966244194,31.947282310608912,0
G425,input_image.png,F03,rectangle,vertical,157.70445063503584,5,157.70445063503584,59,0.05197407079453148,0.25,157.70445063503584,15.799829180577007,157.70445063503584,47.75718196978135,31.957352789204343,0
G426,input_image.png,F03,rectangle,vertical,157.85255059406578,5,157.85255059406578,59,0.05197407079453148,0.25,157.85255059406578,15.808690666893957,157.85255059406578,47.77627902362234,31.967588356728378,0
G427,input_image.png,F03,rectangle,vertical,158.00065055309574,5,158.00065055309574,59,0.05197407079453148,0.25,158.00065055309574,15.817541464263357,158.00065055309574,47.7955141805322,31.977972716268845,0
G428,input_image.png,F03,rectangle,vertical,158.14875051212567,5,158.14875051212567,59,0.05197407079453148,0.25,158.14875051212567,15.828554026157605,158.14875051212567,47.81299489939224,31.984440873234632,0
G429,input_image.png,F03,rectangle,vertical,158.29685047115564,5,158.29685047115564,59,0.05197407079453148,0.25,158.29685047115564,15.8395659330883,158.29685047115564,47.83058613817044,31.991020205082137,0
G430,input_image.png,F03,rectangle,vertical,158.44495043018557,5,158.44495043018557,59,0.05197407079453148,0.25,158.44495043018557,15.850577185113865,158.44495043018557,47.848288948315634,31.99771176320177,0
G431,input_image.png,F03,rectangle,vertical,158.5930503892155,5,158.5930503892155,59,0.05197407079453148,0.25,158.5930503892155,15.861587782292723,158.5930503892155,47.86610439465661,32.00451661236389,0
G432,input_image.png,F03,rectangle,vertical,158.74115034824547,5,158.74115034824547,59,0.05197407079453148,0.25,158.74115034824547,15.872597724683294,158.74115034824547,47.88403355561556,32.011435830932264,0
G433,input_image.png,F03,rectangle,vertical,158.8892503072754,5,158.8892503072754,59,0.05197407079453148,0.25,158.8892503072754,15.883607012343978,158.8892503072754,47.90207752342574,32.01847051108176,0
G434,input_image.png,F03,rectangle,vertical,159.03735026630537,5,159.03735026630537,59,0.05197407079453148,0.25,159.03735026630537,15.895059575260795,159.03735026630537,47.9196495499745,32.024589974713706,0
G435,input_image.png,F03,rectangle,vertical,159.1854502253353,5,159.1854502253353,59,0.05197407079453148,0.25,159.1854502253353,15.907838887385582,159.1854502253353,47.93557435234719,32.02773546496161,0
G436,input_image.png,F03,rectangle,vertical,159.33355018436524,5,159.33355018436524,59,0.05197407079453148,0.25,159.33355018436524,15.920635264969256,159.33355018436524,47.95158314820333,32.03094788323408,0
G437,input_image.png,F03,rectangle,vertical,159.4816501433952,5,159.4816501433952,59,0.05197407079453148,0.25,159.4816501433952,15.933448742218413,159.4816501433952,47.967676603820564,32.03422786160215,0
G438,input_image.png,F03,rectangle,vertical,159.62975010242513,5,159.62975010242513,59,0.05197407079453148,0.25,159.62975010242513,15.946279353431121,159.62975010242513,47.98385539254215,32.03757603911102,0
G439,input_image.png,F03,rectangle,vertical,159.77785006145507,5,159.77785006145507,59,0.05197407079453148,0.25,159.77785006145507,15.959127132997239,159.77785006145507,48.00010569395975,32.040978560962515,0
G440,input_image.png,F03,rectangle,vertical,159.92595002048503,5,159.92595002048503,59,0.05197407079453148,0.25,159.92595002048503,15.971992115398725,159.92595002048503,48.014424984942046,32.04243286954332,0
G441,input_image.png,F03,rectangle,vertical,160.07404997951497,5,160.07404997951497,59,0.05197407079453148,0.25,160.07404997951497,15.985575125983686,160.07404997951497,48.02800799594102,32.04243286995733,0
G442,input_image.png,F03,rectangle,vertical,160.22214993854493,5,160.22214993854493,59,0.05197407079453148,0.25,160.22214993854493,15.999894416103636,160.22214993854493,48.04087297829954,32.0409785621959,0
G443,input_image.png,F03,rectangle,vertical,160.37024989757487,5,160.37024989757487,59,0.05197407079453148,0.25,160.37024989757487,16.016144731608716,160.37024989757487,48.05372075780098,32.03757602619227,0
G444,input_image.png,F03,rectangle,vertical,160.5183498566048,5,160.5183498566048,59,0.05197407079453148,0.25,160.5183498566048,16.032323519330234,160.5183498566048,48.06655136892739,32.03422784959716,0
G445,input_image.png,F03,rectangle,vertical,160.66644981563476,5,160.66644981563476,59,0.05197407079453148,0.25,160.66644981563476,16.048416973956538,160.66644981563476,48.07936484606872,32.03094787211218,0
G446,input_image.png,F03,rectangle,vertical,160.8145497746647,5,160.8145497746647,59,0.05197407079453148,0.25,160.8145497746647,16.064425768830805,160.8145497746647,48.09216122352312,32.02773545469232,0
G447,input_image.png,F03,rectangle,vertical,160.96264973369463,5,160.96264973369463,59,0.05197407079453148,0.25,160.96264973369463,16.080350570230557,160.96264973369463,48.10494053549727,32.02458996526671,0
G448,input_image.png,F03,rectangle,vertical,161.1107496927246,5,161.1107496927246,59,0.05197407079453148,0.25,161.1107496927246,16.097922595113545,161.1107496927246,48.116393097719985,32.01847050260644,0
G449,input_image.png,F03,rectangle,vertical,161.25884965175453,5,161.25884965175453,59,0.05197407079453148,0.25,161.25884965175453,16.115966561037247,161.25884965175453,48.127402384483105,32.01143582344586,0
G450,input_image.png,F03,rectangle,vertical,161.4069496107845,5,161.4069496107845,59,0.05197407079453148,0.25,161.4069496107845,16.133895720126496,161.4069496107845,48.13841232594788,32.00451660582139,0
G451,input_image.png,F03,rectangle,vertical,161.55504956981443,5,161.55504956981443,59,0.05197407079453148,0.25,161.55504956981443,16.151711164614333,161.55504956981443,48.149422922172704,31.99771175755837,0
G452,input_image.png,F03,rectangle,vertical,161.70314952884436,5,161.70314952884436,59,0.05197407079453148,0.25,161.70314952884436,16.169413972922765,161.70314952884436,48.16043417321599,31.991020200293224,0
G453,input_image.png,F03,rectangle,vertical,161.85124948787433,5,161.85124948787433,59,0.05197407079453148,0.25,161.85124948787433,16.18700520988037,161.85124948787433,48.17144607913616,31.984440869255792,0
G454,input_image.png,F03,rectangle,vertical,161.99934944690426,5,161.99934944690426,59,0.05197407079453148,0.25,161.99934944690426,16.204485926935774,161.99934944690426,48.18245863999163,31.977972713055856,0
G455,input_image.png,F03,rectangle,vertical,162.14744940593422,5,162.14744940593422,59,0.05197407079453148,0.25,162.14744940593422,16.22372108114208,162.14744940593422,48.19130943592049,31.967588354778407,0
G456,input_image.png,F03,rectangle,vertical,162.29554936496416,5,162.29554936496416,59,0.05197407079453148,0.25,162.29554936496416,16.242818132330903,162.29554936496416,48.20017092076897,31.957352788438065,0
G457,input_image.png,F03,rectangle,vertical,162.4436493239941,5,162.4436493239941,59,0.05197407079453148,0.25,162.4436493239941,16.261770437072627,162.4436493239941,48.20905274801803,31.947282310945404,0
G458,input_image.png,F03,rectangle,vertical,162.59174928302406,5,162.59174928302406,59,0.05197407079453148,0.25,162.59174928302406,16.280579634816643,162.59174928302406,48.21795498779511,31.937375352978467,0
G459,input_image.png,F03,rectangle,vertical,162.739849242054,5,162.739849242054,59,0.05197407079453148,0.25,162.739849242054,16.2992473403468,162.739849242054,48.22687771055035,31.92763037020355,0
G460,input_image.png,F03,rectangle,vertical,162.88794920108393,5,162.88794920108393,59,0.05197407079453148,0.25,162.88794920108393,16.317775144243562,162.88794920108393,48.23582098705844,31.918045842814877,0
G461,input_image.png,F03,rectangle,vertical,163.0360491601139,5,163.0360491601139,59,0.05197407079453148,0.25,163.0360491601139,16.33632715531774,163.0360491601139,48.24422788561774,31.9079007303,0
G462,input_image.png,F03,rectangle,vertical,163.18414911914383,5,163.18414911914383,59,0.05197407079453148,0.25,163.18414911914383,16.355245692360995,163.18414911914383,48.250934413462886,31.89568872110189,0
G463,input_image.png,F03,rectangle,vertical,163.3322490781738,5,163.3322490781738,59,0.05197407079453148,0.25,163.3322490781738,16.374025899220012,163.3322490781738,48.25767837932606,31.883652480106047,0
G464,input_image.png,F03,rectangle,vertical,163.48034903720372,5,163.48034903720372,59,0.05197407079453148,0.25,163.48034903720372,16.392669287550035,163.48034903720372,48.26446009757149,31.87179081002145,0
G465,input_image.png,F03,rectangle,vertical,163.62844899623366,5,163.62844899623366,59,0.05197407079453148,0.25,163.62844899623366,16.411177347060693,163.62844899623366,48.27127988609285,31.860102539032155,0
G466,input_image.png,F03,rectangle,vertical,163.77654895526362,5,163.77654895526362,59,0.05197407079453148,0.25,163.77654895526362,16.429551545912787,163.77654895526362,48.27813806636298,31.84858652045019,0
G467,input_image.png,F03,rectangle,vertical,163.92464891429356,5,163.92464891429356,59,0.05197407079453148,0.25,163.92464891429356,16.447793331106496,163.92464891429356,48.28503496348436,31.83724163237786,0
G468,input_image.png,F03,rectangle,vertical,164.07274887332352,5,164.07274887332352,59,0.05197407079453148,0.25,164.07274887332352,16.466176302540894,164.07274887332352,48.2901521165619,31.823975814021004,0
G469,input_image.png,F03,rectangle,vertical,164.22084883235345,5,164.22084883235345,59,0.05197407079453148,0.25,164.22084883235345,16.484723886027098,164.22084883235345,48.29341643303577,31.808692547008675,0
G470,input_image.png,F03,rectangle,vertical,164.3689487913834,5,164.3689487913834,59,0.05197407079453148,0.25,164.3689487913834,16.503159449817073,164.3689487913834,48.29670926914088,31.793549819323804,0
G471,input_image.png,F03,rectangle,vertical,164.51704875041335,5,164.51704875041335,59,0.05197407079453148,0.25,164.51704875041335,16.521484005684098,164.51704875041335,48.300031000271915,31.778546994587817,0
G472,input_image.png,F03,rectangle,vertical,164.6651487094433,5,164.6651487094433,59,0.05197407079453148,0.25,164.6651487094433,16.539698553253423,164.6651487094433,48.303382008440884,31.76368345518746,0
G473,input_image.png,F03,rectangle,vertical,164.81324866847322,5,164.81324866847322,59,0.05197407079453148,0.25,164.81324866847322,16.557804080184088,164.81324866847322,48.30676268242354,31.74895860223945,0
G474,input_image.png,F03,rectangle,vertical,164.96134862750318,5,164.96134862750318,59,0.05197407079453148,0.25,164.96134862750318,16.575801562347397,164.96134862750318,48.31017341790975,31.734371855562355,0
G475,input_image.png,F03,rectangle,vertical,165.10944858653312,5,165.10944858653312,59,0.05197407079453148,0.25,165.10944858653312,16.594167592112626,165.10944858653312,48.30865721032784,31.71448961821521,0
G476,input_image.png,F03,rectangle,vertical,165.25754854556308,5,165.25754854556308,59,0.05197407079453148,0.25,165.25754854556308,16.61263321743872,165.25754854556308,48.305362254942246,31.692729037503526,0
G477,input_image.png,F03,rectangle,vertical,165.40564850459302,5,165.40564850459302,59,0.05197407079453148,0.25,165.40564850459302,16.631036510385464,165.40564850459302,48.3020298603115,31.670993349926036,0
G478,input_image.png,F03,rectangle,vertical,165.55374846362295,5,165.55374846362295,59,0.05197407079453148,0.25,165.55374846362295,16.649377786033902,165.55374846362295,48.2986593846791,31.649281598645196,0
G479,input_image.png,F03,rectangle,vertical,165.70184842265292,5,165.70184842265292,59,0.05197407079453148,0.25,165.70184842265292,16.667657357345057,165.70184842265292,48.29525017153687,31.627592814191814,0
G480,input_image.png,F03,rectangle,vertical,165.84994838168285,5,165.84994838168285,59,0.05197407079453148,0.25,165.84994838168285,16.68587553517774,165.84994838168285,48.2918015491987,31.605926014020962,0
G481,input_image.png,F04,ellipse,horizontal,197,27.662162720436058,251,27.662162720436058,0.05197407079453148,0.25,208.98867722843593,27.662162720436058,235.77534319730447,27.662162720436058,26.786665968868537,0
G482,input_image.png,F04,ellipse,horizontal,197,27.771981385741473,251,27.771981385741473,0.05197407079453148,0.25,208.9296700301455,27.771981385741473,235.92813780398205,27.771981385741473,26.99846777383654,0
G483,input_image.png,F04,ellipse,horizontal,197,27.881800051046888,251,27.881800051046888,0.05197407079453148,0.25,208.87133875555372,27.881800051046888,236.0755347367634,27.881800051046888,27.204195981209672,0
G484,input_image.png,F04,ellipse,horizontal,197,27.991618716352306,251,27.991618716352306,0.05197407079453148,0.25,208.81367185680617,27.991618716352306,236.21285934622412,27.991618716352306,27.399187489417972,0
G485,input_image.png,F04,ellipse,horizontal,197,28.10143738165772,251,28.10143738165772,0.05197407079453148,0.25,208.7771544200935,28.10143738165772,236.320332535801,28.10143738165772,27.543178115707484,0
G486,input_image.png,F04,ellipse,horizontal,197,28.211256046963136,251,28.211256046963136,0.05197407079453148,0.25,208.74239242222353,28.211256046963136,236.428596514292,28.211256046963136,27.686204092068458,0
G487,input_image.png,F04,ellipse,horizontal,197,28.321074712268555,251,28.321074712268555,0.05197407079453148,0.25,208.7076689887543,28.321074712268555,236.54029519286456,28.321074712268555,27.832626204110262,0
G488,input_image.png,F04,ellipse,horizontal,197,28.43089337757397,251,28.43089337757397,0.05197407079453148,0.25,208.6729840555473,28.43089337757397,236.6555946560512,28.43089337757397,27.982610600503893,0
G489,input_image.png,F04,ellipse,horizontal,197,28.540712042879385,251,28.540712042879385,0.05197407079453148,0.25,208.63833755860614,28.540712042879385,236.77467187180483,28.540712042879385,28.136334313198702,0
G490,input_image.png,F04,ellipse,horizontal,197,28.650530708184803,251,28.650530708184803,0.05197407079453148,0.25,208.6037294340762,28.650530708184803,236.8977155978268,28.650530708184803,28.293986163750585,0
G491,input_image.png,F04,ellipse,horizontal,197,28.760349373490218,251,28.760349373490218,0.05197407079453148,0.25,208.5691596182443,28.760349373490218,237.0214150536197,28.760349373490218,28.452255435375406,0
G492,input_image.png,F04,ellipse,horizontal,197,28.870168038795637,251,28.870168038795637,0.05197407079453148,0.25,208.53462804753815,28.870168038795637,237.13180349382912,28.870168038795637,28.597175446290997,0
G493,input_image.png,F04,ellipse,horizontal,197,28.97998670410105,251,28.97998670410105,0.05197407079453148,0.25,208.50013465852604,28.97998670410105,237.24154710806386,28.97998670410105,28.741412449537812,0
G494,input_image.png,F04,ellipse,horizontal,197,29.08980536940647,251,29.08980536940647,0.05197407079453148,0.25,208.4849421096531,29.08980536940647,237.3302407051118,29.08980536940647,28.845298595458672,0
G495,input_image.png,F04,ellipse,horizontal,197,29.199624034711885,251,29.199624034711885,0.05197407079453148,0.25,208.47408703209783,29.199624034711885,237.41616231441878,29.199624034711885,28.942075282320957,0
G496,input_image.png,F04,ellipse,horizontal,197,29.3094427000173,251,29.3094427000173,0.05197407079453148,0.25,208.46327709210001,29.3094427000173,237.5041716014456,29.3094427000173,29.04089450934557,0
G497,input_image.png,F04,ellipse,horizontal,197,29.41926136532272,251,29.41926136532272,0.05197407079453148,0.25,208.4525120087074,29.41926136532272,237.59434558986226,29.41926136532272,29.14183358115486,0
G498,input_image.png,F04,ellipse,horizontal,197,29.529080030628133,251,29.529080030628133,0.05197407079453148,0.25,208.4417915032947,29.529080030628133,237.68676513950885,29.529080030628133,29.24497363621414,0
G499,input_image.png,F04,ellipse,horizontal,197,29.63889869593355,251,29.63889869593355,0.05197407079453148,0.25,208.4311152995393,29.63889869593355,237.78151518823222,29.63889869593355,29.350399888692912,0
G500,input_image.png,F04,ellipse,horizontal,197,29.748717361238967,251,29.748717361238967,0.05197407079453148,0.25,208.4204831233977,29.748717361238967,237.87868501225182,29.748717361238967,29.458201888854106,0
G501,input_image.png,F04,ellipse,horizontal,197,29.85853602654438,251,29.85853602654438,0.05197407079453148,0.25,208.409894703082,29.85853602654438,237.97836850673121,29.85853602654438,29.568473803649226,0
G502,input_image.png,F04,ellipse,horizontal,197,29.968354691849797,251,29.968354691849797,0.05197407079453148,0.25,208.39934976903672,29.968354691849797,238.06824275005928,29.968354691849797,29.66889298102258,0
G503,input_image.png,F04,ellipse,horizontal,197,30.078173357155215,251,30.078173357155215,0.05197407079453148,0.25,208.4054312837536,30.078173357155215,238.1391881840235,30.078173357155215,29.73375690026994,0
G504,input_image.png,F04,ellipse,horizontal,197,30.18799202246063,251,30.18799202246063,0.05197407079453148,0.25,208.4181367481131,30.18799202246063,238.20486607820254,30.18799202246063,29.786729330089415,0
G505,input_image.png,F04,ellipse,horizontal,197,30.29781068776605,251,30.29781068776605,0.05197407079453148,0.25,208.43073216884147,30.29781068776605,238.27159965837123,30.29781068776605,29.84086748952975,0
G506,input_image.png,F04,ellipse,horizontal,197,30.407629353071464,251,30.407629353071464,0.05197407079453148,0.25,208.44321896942685,30.407629353071464,238.3394145839011,30.407629353071464,29.89619561447423,0
G507,input_image.png,F04,ellipse,horizontal,197,30.51744801837688,251,30.51744801837688,0.05197407079453148,0.25,208.45559854891113,30.51744801837688,238.40833735252048,30.51744801837688,29.95273880360937,0
G508,input_image.png,F04,ellipse,horizontal,197,30.627266683682297,251,30.627266683682297,0.05197407079453148,0.25,208.4678722824124,30.627266683682297,238.47839533483585,30.627266683682297,30.01052305242345,0
G509,input_image.png,F04,ellipse,horizontal,197,30.737085348987712,251,30.737085348987712,0.05197407079453148,0.25,208.4800415216343,30.737085348987712,238.54961681057256,30.737085348987712,30.069575288938267,0
G510,input_image.png,F04,ellipse,horizontal,197,30.846904014293127,251,30.846904014293127,0.05197407079453148,0.25,208.49210759536206,30.846904014293127,238.62203100663666,30.846904014293127,30.1299234112746,0
G511,input_image.png,F04,ellipse,horizontal,197,30.956722679598546,251,30.956722679598546,0.05197407079453148,0.25,208.50407180994637,30.956722679598546,238.69566813710503,30.956722679598546,30.191596327158646,0
G512,input_image.png,F04,ellipse,horizontal,197,31.06654134490396,251,31.06654134490396,0.05197407079453148,0.25,208.52907995144676,31.06654134490396,238.75625391790638,31.06654134490396,30.227173966459603,0
G513,input_image.png,F04,ellipse,horizontal,197,31.17636001020938,251,31.17636001020938,0.05197407079453148,0.25,208.56230101489234,31.17636001020938,238.80866260443986,31.17636001020938,30.246361589547526,0
G514,input_image.png,F04,ellipse,horizontal,197,31.286178675514794,251,31.286178675514794,0.05197407079453148,0.25,208.5951341180726,31.286178675514794,238.8621938896337,31.286178675514794,30.267059771561094,0
G515,input_image.png,F04,ellipse,horizontal,197,31.39599734082021,251,31.39599734082021,0.05197407079453148,0.25,208.62758601751773,31.39599734082021,238.91688423321568,31.39599734082021,30.28929821569796,0
G516,input_image.png,F04,ellipse,horizontal,197,31.505816006125627,251,31.505816006125627,0.05197407079453148,0.25,208.65966331377217,31.505816006125627,238.97277169104416,31.505816006125627,30.313108377271984,0
G517,input_image.png,F04,ellipse,horizontal,197,31.615634671431042,251,31.615634671431042,0.05197407079453148,0.25,208.69137245587015,31.615634671431042,239.02588779963872,31.615634671431042,30.334515343768583,0
G518,input_image.png,F04,ellipse,horizontal,197,31.72545333673646,251,31.72545333673646,0.05197407079453148,0.25,208.72271974565825,31.72545333673646,239.07567088260163,31.72545333673646,30.352951136943386,0
G519,input_image.png,F04,ellipse,horizontal,197,31.835272002041876,251,31.835272002041876,0.05197407079453148,0.25,208.7537113419706,31.835272002041876,239.1255285693287,31.835272002041876,30.371817227358115,0
G520,input_image.png,F04,ellipse,horizontal,197,31.94509066734729,251,31.94509066734729,0.05197407079453148,0.25,208.7843532646629,31.94509066734729,239.1754610276449,31.94509066734729,30.391107762982,0
G521,input_image.png,F04,ellipse,horizontal,197,32.054909332652706,251,32.054909332652706,0.05197407079453148,0.25,208.8245392610973,32.054909332652706,239.21564702903532,32.054909332652706,30.391107767938003,0
G522,input_image.png,F04,ellipse,horizontal,197,32.164727997958124,251,32.164727997958124,0.05197407079453148,0.25,208.87447171427783,32.164727997958124,239.24628895661473,32.164727997958124,30.371817242336903,0
G523,input_image.png,F04,ellipse,horizontal,197,32.27454666326354,251,32.27454666326354,0.05197407079453148,0.25,208.92432939583844,32.27454666326354,239.27728055793352,32.27454666326354,30.35295116209509,0
G524,input_image.png,F04,ellipse,horizontal,197,32.384365328568954,251,32.384365328568954,0.05197407079453148,0.25,208.97411247360424,32.384365328568954,239.30862785285058,32.384365328568954,30.334515379246326,0
G525,input_image.png,F04,ellipse,horizontal,197,32.49418399387437,251,32.49418399387437,0.05197407079453148,0.25,209.02722861685504,32.49418399387437,239.34033700020325,32.49418399387437,30.3131083833482,0
G526,input_image.png,F04,ellipse,horizontal,197,32.60400265917979,251,32.60400265917979,0.05197407079453148,0.25,209.08311606887693,32.60400265917979,239.3724143018415,32.60400265917979,30.28929823296457,0
G527,input_image.png,F04,ellipse,horizontal,197,32.7138213244852,251,32.7138213244852,0.05197407079453148,0.25,209.13780640681435,32.7138213244852,239.40486620680298,32.7138213244852,30.267059799988637,0
G528,input_image.png,F04,ellipse,horizontal,197,32.82363998979062,251,32.82363998979062,0.05197407079453148,0.25,209.19133768651926,32.82363998979062,239.4376993156357,32.82363998979062,30.246361629116457,0
G529,input_image.png,F04,ellipse,horizontal,197,32.93345865509604,251,32.93345865509604,0.05197407079453148,0.25,209.24374636771353,32.93345865509604,239.4709203848736,32.93345865509604,30.227174017160067,0
G530,input_image.png,F04,ellipse,horizontal,197,33.04327732040146,251,33.04327732040146,0.05197407079453148,0.25,209.3043321431716,33.04327732040146,239.4959285308936,33.04327732040146,30.191596387722022,0
G531,input_image.png,F04,ellipse,horizontal,197,33.15309598570687,251,33.15309598570687,0.05197407079453148,0.25,209.37796926814002,33.15309598570687,239.50789274789364,33.15309598570687,30.129923479753607,0
G532,input_image.png,F04,ellipse,horizontal,197,33.26291465101229,251,33.26291465101229,0.05197407079453148,0.25,209.45038345874494,33.26291465101229,239.5199588240803,33.26291465101229,30.069575365335346,0
G533,input_image.png,F04,ellipse,horizontal,197,33.37273331631771,251,33.37273331631771,0.05197407079453148,0.25,209.52160492906344,33.37273331631771,239.53212806580513,33.37273331631771,30.010523136741668,0
G534,input_image.png,F04,ellipse,horizontal,197,33.48255198162312,251,33.48255198162312,0.05197407079453148,0.25,209.59166290600177,33.48255198162312,239.54440180185424,33.48255198162312,29.952738895852463,0
G535,input_image.png,F04,ellipse,horizontal,197,33.592370646928536,251,33.592370646928536,0.05197407079453148,0.25,209.66058566928544,33.592370646928536,239.5567813839321,33.592370646928536,29.896195714646673,0
G536,input_image.png,F04,ellipse,horizontal,197,33.702189312233955,251,33.702189312233955,0.05197407079453148,0.25,209.72840058952096,33.702189312233955,239.56926818715777,33.702189312233955,29.84086759763683,0
G537,input_image.png,F04,ellipse,horizontal,197,33.812007977539366,251,33.812007977539366,0.05197407079453148,0.25,209.79513416443677,33.812007977539366,239.58186361057406,33.812007977539366,29.786729446137283,0
G538,input_image.png,F04,ellipse,horizontal,197,33.921826642844785,251,33.921826642844785,0.05197407079453148,0.25,209.86081205340443,33.921826642844785,239.5945690776701,33.921826642844785,29.733757024265678,0
G539,input_image.png,F04,ellipse,horizontal,197,34.0316453081502,251,34.0316453081502,0.05197407079453148,0.25,209.93175748282033,34.0316453081502,239.60065059359164,34.0316453081502,29.66889311077128,0
G540,input_image.png,F04,ellipse,horizontal,197,34.141463973455615,251,34.141463973455615,0.05197407079453148,0.25,210.02163175987243,34.141463973455615,239.59010565684855,34.141463973455615,29.56847389697611,0
G541,input_image.png,F04,ellipse,horizontal,197,34.25128263876103,251,34.25128263876103,0.05197407079453148,0.25,210.12131524797803,34.25128263876103,239.57951723381348,34.25128263876103,29.458201985835444,0
G542,input_image.png,F04,ellipse,horizontal,197,34.36110130406645,251,34.36110130406645,0.05197407079453148,0.25,210.21848506563026,34.36110130406645,239.56888505493072,34.36110130406645,29.350399989300474,0
G543,input_image.png,F04,ellipse,horizontal,197,34.47091996937186,251,34.47091996937186,0.05197407079453148,0.25,210.31323510799817,34.47091996937186,239.55820884841222,34.47091996937186,29.244973740414046,0
G544,input_image.png,F04,ellipse,horizontal,197,34.58073863467728,251,34.58073863467728,0.05197407079453148,0.25,210.4056546513061,34.58073863467728,239.54748834021422,34.58073863467728,29.141833688908118,0
G545,input_image.png,F04,ellipse,horizontal,197,34.6905572999827,251,34.6905572999827,0.05197407079453148,0.25,210.49582863340538,34.6905572999827,239.53672325401396,34.6905572999827,29.04089462060858,0
G546,input_image.png,F04,ellipse,horizontal,197,34.80037596528811,251,34.80037596528811,0.05197407079453148,0.25,210.5838379141399,34.80037596528811,239.52591331118586,34.80037596528811,28.942075397045947,0
G547,input_image.png,F04,ellipse,horizontal,197,34.91019463059353,251,34.91019463059353,0.05197407079453148,0.25,210.66975951718342,34.91019463059353,239.51505823077753,34.91019463059353,28.845298713594108,0
G548,input_image.png,F04,ellipse,horizontal,197,35.02001329589895,251,35.02001329589895,0.05197407079453148,0.25,210.7584531081903,35.02001329589895,239.49986567796475,35.02001329589895,28.741412569774457,0
G549,input_image.png,F04,ellipse,horizontal,197,35.12983196120437,251,35.12983196120437,0.05197407079453148,0.25,210.868196716844,35.12983196120437,239.46537228024098,35.12983196120437,28.597175563396974,0
G550,input_image.png,F04,ellipse,horizontal,197,35.23965062650978,251,35.23965062650978,0.05197407079453148,0.25,210.97858515077235,35.23965062650978,239.43084070084205,35.23965062650978,28.452255550069687,0
G551,input_image.png,F04,ellipse,horizontal,197,35.3494692918152,251,35.3494692918152,0.05197407079453148,0.25,211.10228463025362,35.3494692918152,239.39627087633633,35.3494692918152,28.293986246082692,0
G552,input_image.png,F04,ellipse,horizontal,197,35.459287957120615,251,35.459287957120615,0.05197407079453148,0.25,211.2253283471692,35.459287957120615,239.36166274315164,35.459287957120615,28.13633439598244,0
G553,input_image.png,F04,ellipse,horizontal,197,35.56910662242603,251,35.56910662242603,0.05197407079453148,0.25,211.3444055539229,35.56910662242603,239.32701623757484,35.56910662242603,27.982610683651913,0
G554,input_image.png,F04,ellipse,horizontal,197,35.678925287731445,251,35.678925287731445,0.05197407079453148,0.25,211.4597050082198,35.678925287731445,239.29233129575138,35.678925287731445,27.83262628753158,0
G555,input_image.png,F04,ellipse,horizontal,197,35.788743953036864,251,35.788743953036864,0.05197407079453148,0.25,211.5714036780157,35.788743953036864,239.257607853685,35.788743953036864,27.68620417566928,0
G556,input_image.png,F04,ellipse,horizontal,197,35.898562618342275,251,35.898562618342275,0.05197407079453148,0.25,211.67966764784543,35.898562618342275,239.22284584723727,35.898562618342275,27.543178199391832,0
G557,input_image.png,F04,ellipse,horizontal,197,36.008381283647694,251,36.008381283647694,0.05197407079453148,0.25,211.787140828934,36.008381283647694,239.1863284016527,36.008381283647694,27.399187572718695,0
G558,input_image.png,F04,ellipse,horizontal,197,36.11819994895311,251,36.11819994895311,0.05197407079453148,0.25,211.92446543012687,36.11819994895311,239.1286614901942,36.11819994895311,27.204196060067314,0
G559,input_image.png,F04,ellipse,horizontal,197,36.22801861425853,251,36.22801861425853,0.05197407079453148,0.25,212.07186237435573,36.22801861425853,239.07033020279164,36.22801861425853,26.998467828435892,0
G560,input_image.png,F04,ellipse,horizontal,197,36.33783727956394,251,36.33783727956394,0.05197407079453148,0.25,212.2246569689343,36.33783727956394,239.01132299158974,36.33783727956394,26.786666022655425,0
G561,input_image.png,F04,ellipse,vertical,216.51953179430052,5,216.51953179430052,59,0.05197407079453148,0.25,216.51953179430052,23.054481895568383,216.51953179430052,39.00120932806926,15.946727432500875,0
G562,input_image.png,F04,ellipse,vertical,216.70891073621695,5,216.70891073621695,59,0.05197407079453148,0.25,216.70891073621695,23.007946234293826,216.70891073621695,39.07995593508622,16.072009700792393,0
G563,input_image.png,F04,ellipse,vertical,216.8982896781334,5,216.8982896781334,59,0.05197407079453148,0.25,216.8982896781334,22.97085505359898,216.8982896781334,39.157917587661224,16.187062534062242,0
G564,input_image.png,F04,ellipse,vertical,217.08766862004984,5,217.08766862004984,59,0.05197407079453148,0.25,217.08766862004984,22.94027381874102,217.08766862004984,39.22985808190101,16.289584263159988,0
G565,input_image.png,F04,ellipse,vertical,217.2770475619663,5,217.2770475619663,59,0.05197407079453148,0.25,217.2770475619663,22.91453848028796,217.2770475619663,39.29707795761825,16.38253947733029,0
G566,input_image.png,F04,ellipse,vertical,217.46642650388273,5,217.46642650388273,59,0.05197407079453148,0.25,217.46642650388273,22.888928530121486,217.46642650388273,39.36653780619131,16.477609276069824,0
G567,input_image.png,F04,ellipse,vertical,217.6558054457992,5,217.6558054457992,59,0.05197407079453148,0.25,217.6558054457992,22.863443054089185,217.6558054457992,39.43835148889401,16.574908434804822,0
G568,input_image.png,F04,ellipse,vertical,217.84518438771562,5,217.84518438771562,59,0.05197407079453148,0.25,217.84518438771562,22.838081146903367,217.84518438771562,39.51264071700148,16.674559570098115,0
G569,input_image.png,F04,ellipse,vertical,218.03456332963205,5,218.03456332963205,59,0.05197407079453148,0.25,218.03456332963205,22.81437608413872,218.03456332963205,39.587843878606016,16.773467794467297,0
G570,input_image.png,F04,ellipse,vertical,218.2239422715485,5,218.2239422715485,59,0.05197407079453148,0.25,218.2239422715485,22.797617596819254,218.2239422715485,39.65873017510207,16.861112578282818,0
G571,input_image.png,F04,ellipse,vertical,218.41332121346494,5,218.41332121346494,59,0.05197407079453148,0.25,218.41332121346494,22.78090095783683,218.41332121346494,39.73349188373903,16.952590925902197,0
G572,input_image.png,F04,ellipse,vertical,218.6027001553814,5,218.6027001553814,59,0.05197407079453148,0.25,218.6027001553814,22.764226010634996,218.6027001553814,39.81245574403042,17.048229733395427,0
G573,input_image.png,F04,ellipse,vertical,218.79207909729783,5,218.79207909729783,59,0.05197407079453148,0.25,218.79207909729783,22.747592599437255,218.79207909729783,39.89598628786601,17.148393688428754,0
G574,input_image.png,F04,ellipse,vertical,218.98145803921426,5,218.98145803921426,59,0.05197407079453148,0.25,218.98145803921426,22.73100056924219,218.98145803921426,39.98449146629376,17.25349089705157,0
G575,input_image.png,F04,ellipse,vertical,219.17083698113072,5,219.17083698113072,59,0.05197407079453148,0.25,219.17083698113072,22.721694207508243,219.17083698113072,40.04087448178806,17.319180274279816,0
G576,input_image.png,F04,ellipse,vertical,219.36021592304715,5,219.36021592304715,59,0.05197407079453148,0.25,219.36021592304715,22.713201032883024,219.36021592304715,40.09183363005157,17.378632597168544,0
G577,input_image.png,F04,ellipse,vertical,219.5495948649636,5,219.5495948649636,59,0.05197407079453148,0.25,219.5495948649636,22.704733911893605,219.5495948649636,40.14313502106345,17.438401109169845,0
G578,input_image.png,F04,ellipse,vertical,219.73897380688004,5,219.73897380688004,59,0.05197407079453148,0.25,219.73897380688004,22.696292724840497,219.73897380688004,40.19478211420496,17.498489389364465,0
G579,input_image.png,F04,ellipse,vertical,219.9283527487965,5,219.9283527487965,59,0.05197407079453148,0.25,219.9283527487965,22.687877352756356,219.9283527487965,40.2467784156381,17.55890106288174,0
G580,input_image.png,F04,ellipse,vertical,220.11773169071293,5,220.11773169071293,59,0.05197407079453148,0.25,220.11773169071293,22.68402753113477,220.11773169071293,40.293017109234206,17.608989578099436,0
G581,input_image.png,F04,ellipse,vertical,220.30711063262936,5,220.30711063262936,59,0.05197407079453148,0.25,220.30711063262936,22.682949454826538,220.30711063262936,40.33642315060482,17.653473695778285,0
G582,input_image.png,F04,ellipse,vertical,220.49648957454582,5,220.49648957454582,59,0.05197407079453148,0.25,220.49648957454582,22.68187640874162,220.49648957454582,40.38087085242534,17.69899444368372,0
G583,input_image.png,F04,ellipse,vertical,220.68586851646225,5,220.68586851646225,59,0.05197407079453148,0.25,220.68586851646225,22.680808357755986,220.68586851646225,40.42639816681712,17.745589809061137,0
G584,input_image.png,F04,ellipse,vertical,220.8752474583787,5,220.8752474583787,59,0.05197407079453148,0.25,220.8752474583787,22.679745267071866,220.8752474583787,40.47304491224416,17.793299645172297,0
G585,input_image.png,F04,ellipse,vertical,221.06462640029514,5,221.06462640029514,59,0.05197407079453148,0.25,221.06462640029514,22.68106410304925,221.06462640029514,40.518536786602276,17.837472683553028,0
G586,input_image.png,F04,ellipse,vertical,221.25400534221157,5,221.25400534221157,59,0.05197407079453148,0.25,221.25400534221157,22.68694649272872,221.25400534221157,40.560874850543534,17.873928357814815,0
G587,input_image.png,F04,ellipse,vertical,221.44338428412803,5,221.44338428412803,59,0.05197407079453148,0.25,221.44338428412803,22.692789614225752,221.44338428412803,40.60464976527823,17.91186015105248,0
G588,input_image.png,F04,ellipse,vertical,221.63276322604446,5,221.63276322604446,59,0.05197407079453148,0.25,221.63276322604446,22.698593859437317,221.63276322604446,40.64993593823545,17.951342078798135,0
G589,input_image.png,F04,ellipse,vertical,221.82214216796092,5,221.82214216796092,59,0.05197407079453148,0.25,221.82214216796092,22.704359615062817,221.82214216796092,40.69681300467817,17.992453389615353,0
G590,input_image.png,F04,ellipse,vertical,222.01152110987735,5,222.01152110987735,59,0.05197407079453148,0.25,222.01152110987735,22.710512987416315,222.01152110987735,40.744901985524756,18.03438899810844,0
G591,input_image.png,F04,ellipse,vertical,222.2009000517938,5,222.2009000517938,59,0.05197407079453148,0.25,222.2009000517938,22.723164390955674,222.2009000517938,40.78744302235832,18.064278631402644,0
G592,input_image.png,F04,ellipse,vertical,222.39027899371024,5,222.39027899371024,59,0.05197407079453148,0.25,222.39027899371024,22.735710487518293,222.39027899371024,40.83156062051553,18.09585013299724,0
G593,input_image.png,F04,ellipse,vertical,222.57965793562667,5,222.57965793562667,59,0.05197407079453148,0.25,222.57965793562667,22.748152586476376,222.57965793562667,40.877344075141266,18.12919148866489,0
G594,input_image.png,F04,ellipse,vertical,222.76903687754313,5,222.76903687754313,59,0.05197407079453148,0.25,222.76903687754313,22.76049197558431,222.76903687754313,40.924889554617266,18.164397579032958,0
G595,input_image.png,F04,ellipse,vertical,222.95841581945956,5,222.95841581945956,59,0.05197407079453148,0.25,222.95841581945956,22.772729921422986,222.95841581945956,40.97430077484696,18.201570853423974,0
G596,input_image.png,F04,ellipse,vertical,223.14779476137602,5,223.14779476137602,59,0.05197407079453148,0.25,223.14779476137602,22.790261141688326,223.14779476137602,41.00947198921149,18.219210847523165,0
G597,input_image.png,F04,ellipse,vertical,223.33717370329245,5,223.33717370329245,59,0.05197407079453148,0.25,223.33717370329245,22.80916459616349,223.33717370329245,41.03526249186138,18.22609789569789,0
G598,input_image.png,F04,ellipse,vertical,223.52655264520888,5,223.52655264520888,59,0.05197407079453148,0.25,223.52655264520888,22.827918786659723,223.52655264520888,41.06109203508373,18.23317324842401,0
G599,input_image.png,F04,ellipse,vertical,223.71593158712534,5,223.71593158712534,59,0.05197407079453148,0.25,223.71593158712534,22.8465254741345,223.71593158712534,41.08696070759264,18.24043523345814,0
G600,input_image.png,F04,ellipse,vertical,223.90531052904177,5,223.90531052904177,59,0.05197407079453148,0.25,223.90531052904177,22.86498639195368,223.90531052904177,41.112868598371186,18.247882206417508,0
G601,input_image.png,F04,ellipse,vertical,224.09468947095823,5,224.09468947095823,59,0.05197407079453148,0.25,224.09468947095823,22.887131401628817,224.09468947095823,41.13501360804632,18.247882206417504,0
G602,input_image.png,F04,ellipse,vertical,224.28406841287466,5,224.28406841287466,59,0.05197407079453148,0.25,224.28406841287466,22.913039292407365,224.28406841287466,41.1534745258655,18.240435233458133,0
G603,input_image.png,F04,ellipse,vertical,224.47344735479112,5,224.47344735479112,59,0.05197407079453148,0.25,224.47344735479112,22.93890796491627,224.47344735479112,41.17208121334028,18.233173248424006,0
G604,input_image.png,F04,ellipse,vertical,224.66282629670755,5,224.66282629670755,59,0.05197407079453148,0.25,224.66282629670755,22.96473750813862,224.66282629670755,41.19083540383651,18.22609789569789,0
G605,input_image.png,F04,ellipse,vertical,224.85220523862398,5,224.85220523862398,59,0.05197407079453148,0.25,224.85220523862398,22.99052801078851,224.85220523862398,41.209738858311674,18.219210847523165,0
G606,input_image.png,F04,ellipse,vertical,225.04158418054044,5,225.04158418054044,59,0.05197407079453148,0.25,225.04158418054044,23.025699225153037,225.04158418054044,41.227270078577014,18.201570853423977,0
G607,input_image.png,F04,ellipse,vertical,225.23096312245687,5,225.23096312245687,59,0.05197407079453148,0.25,225.23096312245687,23.07511044538273,225.23096312245687,41.23950802441569,18.16439757903296,0
G608,input_image.png,F04,ellipse,vertical,225.42034206437333,5,225.42034206437333,59,0.05197407079453148,0.25,225.42034206437333,23.122655924858734,225.42034206437333,41.25184741352363,18.129191488664894,0
G609,input_image.png,F04,ellipse,vertical,225.60972100628976,5,225.60972100628976,59,0.05197407079453148,0.25,225.60972100628976,23.168439379484468,225.60972100628976,41.26428951248171,18.095850132997242,0
G610,input_image.png,F04,ellipse,vertical,225.7990999482062,5,225.7990999482062,59,0.05197407079453148,0.25,225.7990999482062,23.212556977641682,225.7990999482062,41.27683560904433,18.06427863140265,0
G611,input_image.png,F04,ellipse,vertical,225.98847889012265,5,225.98847889012265,59,0.05197407079453148,0.25,225.98847889012265,23.255098014475244,225.98847889012265,41.28948701258369,18.034388998108447,0
G612,input_image.png,F04,ellipse,vertical,226.17785783203908,5,226.17785783203908,59,0.05197407079453148,0.25,226.17785783203908,23.30318699532183,226.17785783203908,41.29564038493719,17.992453389615356,0
G613,input_image.png,F04,ellipse,vertical,226.36723677395554,5,226.36723677395554,59,0.05197407079453148,0.25,226.36723677395554,23.350064061764545,226.36723677395554,41.30140614056269,17.951342078798145,0
G614,input_image.png,F04,ellipse,vertical,226.55661571587197,5,226.55661571587197,59,0.05197407079453148,0.25,226.55661571587197,23.395350234721768,226.55661571587197,41.307210385774255,17.911860151052487,0
G615,input_image.png,F04,ellipse,vertical,226.7459946577884,5,226.7459946577884,59,0.05197407079453148,0.25,226.7459946577884,23.439125149456462,226.7459946577884,41.31305350727129,17.87392835781483,0
G616,input_image.png,F04,ellipse,vertical,226.93537359970486,5,226.93537359970486,59,0.05197407079453148,0.25,226.93537359970486,23.481463213397724,226.93537359970486,41.31893589695076,17.837472683553038,0
G617,input_image.png,F04,ellipse,vertical,227.1247525416213,5,227.1247525416213,59,0.05197407079453148,0.25,227.1247525416213,23.526955087755837,227.1247525416213,41.32025473295539,17.793299645199554,0
G618,input_image.png,F04,ellipse,vertical,227.31413148353775,5,227.31413148353775,59,0.05197407079453148,0.25,227.31413148353775,23.573601833182877,227.31413148353775,41.319191642312894,17.745589809130017,0
G619,input_image.png,F04,ellipse,vertical,227.50351042545418,5,227.50351042545418,59,0.05197407079453148,0.25,227.50351042545418,23.61912914757466,227.50351042545418,41.318123591369215,17.698994443794554,0
G620,input_image.png,F04,ellipse,vertical,227.69288936737064,5,227.69288936737064,59,0.05197407079453148,0.25,227.69288936737064,23.663576849395174,227.69288936737064,41.31705054532657,17.6534736959314,0
G621,input_image.png,F04,ellipse,vertical,227.88226830928707,5,227.88226830928707,59,0.05197407079453148,0.25,227.88226830928707,23.70698289076579,227.88226830928707,41.31597246906095,17.608989578295162,0
G622,input_image.png,F04,ellipse,vertical,228.0716472512035,5,228.0716472512035,59,0.05197407079453148,0.25,228.0716472512035,23.753221584360173,228.0716472512035,41.31212264745117,17.558901063090996,0
G623,input_image.png,F04,ellipse,vertical,228.26102619311996,5,228.26102619311996,59,0.05197407079453148,0.25,228.26102619311996,23.805217885788768,228.26102619311996,41.30370727532697,17.498489389538204,0
G624,input_image.png,F04,ellipse,vertical,228.4504051350364,5,228.4504051350364,59,0.05197407079453148,0.25,228.4504051350364,23.856864978925742,228.4504051350364,41.29526608823266,17.438401109306916,0
G625,input_image.png,F04,ellipse,vertical,228.63978407695285,5,228.63978407695285,59,0.05197407079453148,0.25,228.63978407695285,23.90816636993311,228.63978407695285,41.28679896720086,17.37863259726775,0
G626,input_image.png,F04,ellipse,vertical,228.82916301886928,5,228.82916301886928,59,0.05197407079453148,0.25,228.82916301886928,23.959125518192113,228.82916301886928,41.27830579253209,17.319180274339974,0
G627,input_image.png,F04,ellipse,vertical,229.01854196078574,5,229.01854196078574,59,0.05197407079453148,0.25,229.01854196078574,24.015508533635405,229.01854196078574,41.26899943075782,17.25349089712242,0
G628,input_image.png,F04,ellipse,vertical,229.20792090270217,5,229.20792090270217,59,0.05197407079453148,0.25,229.20792090270217,24.10401371168251,229.20792090270217,41.25240740056276,17.14839368888025,0
G629,input_image.png,F04,ellipse,vertical,229.3972998446186,5,229.3972998446186,59,0.05197407079453148,0.25,229.3972998446186,24.187544255154975,229.3972998446186,41.235773989365015,17.04822973421004,0
G630,input_image.png,F04,ellipse,vertical,229.58667878653506,5,229.58667878653506,59,0.05197407079453148,0.25,229.58667878653506,24.26650811509966,229.58667878653506,41.21909904216318,16.952590927063518,0
G631,input_image.png,F04,ellipse,vertical,229.7760577284515,5,229.7760577284515,59,0.05197407079453148,0.25,229.7760577284515,24.341269823405273,229.7760577284515,41.20238240318075,16.861112579775476,0
G632,input_image.png,F04,ellipse,vertical,229.96543667036795,5,229.96543667036795,59,0.05197407079453148,0.25,229.96543667036795,24.41215611958438,229.96543667036795,41.185623915861285,16.773467796276904,0
G633,input_image.png,F04,ellipse,vertical,230.15481561228438,5,230.15481561228438,59,0.05197407079453148,0.25,230.15481561228438,24.48735928082492,230.15481561228438,41.16191885309664,16.67455957227172,0
G634,input_image.png,F04,ellipse,vertical,230.3441945542008,5,230.3441945542008,59,0.05197407079453148,0.25,230.3441945542008,24.561648508565728,230.3441945542008,41.13655694591082,16.57490843734509,0
G635,input_image.png,F04,ellipse,vertical,230.53357349611727,5,230.53357349611727,59,0.05197407079453148,0.25,230.53357349611727,24.633462190912002,230.53357349611727,41.11107146987852,16.477609278966515,0
G636,input_image.png,F04,ellipse,vertical,230.7229524380337,5,230.7229524380337,59,0.05197407079453148,0.25,230.7229524380337,24.702922039138464,230.7229524380337,41.08546151971204,16.382539480573577,0
G637,input_image.png,F04,ellipse,vertical,230.91233137995016,5,230.91233137995016,59,0.05197407079453148,0.25,230.91233137995016,24.770141914518536,230.91233137995016,41.05972618125898,16.289584266740444,0
G638,input_image.png,F04,ellipse,vertical,231.1017103218666,5,231.1017103218666,59,0.05197407079453148,0.25,231.1017103218666,24.842082408011468,231.1017103218666,41.02914494640102,16.18706253838955,0
G639,input_image.png,F04,ellipse,vertical,231.29108926378302,5,231.29108926378302,59,0.05197407079453148,0.25,231.29108926378302,24.92004405946388,231.29108926378302,40.992053765705464,16.072009706241584,0
G640,input_image.png,F04,ellipse,vertical,231.48046820569948,5,231.48046820569948,59,0.05197407079453148,0.25,231.48046820569948,24.998790665335918,231.48046820569948,40.94551810442362,15.946727439087702,0
G641,input_image.png,F05,rectangle,horizontal,261,27.725814136207603,315,27.725814136207603,0.05197407079453148,0.25,276.63493389340977,27.725814136207603,299.2620534311012,27.725814136207603,22.62711953769145,0
G642,input_image.png,F05,rectangle,horizontal,261,27.83402137326564,315,27.83402137326564,0.05197407079453148,0.25,276.5876268195524,27.83402137326564,299.29496452684845,27.83402137326564,22.707337707296027,0
G643,input_image.png,F05,rectangle,horizontal,261,27.942228610323674,315,27.942228610323674,0.05197407079453148,0.25,276.5412312847411,27.942228610323674,299.32765070525215,27.942228610323674,22.786419420511066,0
G644,input_image.png,F05,rectangle,horizontal,261,28.05043584738171,315,28.05043584738171,0.05197407079453148,0.25,276.5029181391552,28.05043584738171,299.35647427871237,28.05043584738171,22.85355613955714,0
G645,input_image.png,F05,rectangle,horizontal,261,28.158643084439746,315,28.158643084439746,0.05197407079453148,0.25,276.47334496089013,28.158643084439746,299.38097089295275,28.158643084439746,22.907625932062643,0
G646,input_image.png,F05,rectangle,horizontal,261,28.26685032149778,315,28.26685032149778,0.05197407079453148,0.25,276.44412577815797,28.26685032149778,299.4053341123108,28.26685032149778,22.961208334152793,0
G647,input_image.png,F05,rectangle,horizontal,261,28.375057558555813,315,28.375057558555813,0.05197407079453148,0.25,276.41525427270193,28.375057558555813,299.42956502341895,28.375057558555813,23.014310750717,0
G648,input_image.png,F05,rectangle,horizontal,261,28.48326479561385,315,28.48326479561385,0.05197407079453148,0.25,276.3867242757368,28.48326479561385,299.45366470113936,28.48326479561385,23.066940425402535,0
G649,input_image.png,F05,rectangle,horizontal,261,28.591472032671884,315,28.591472032671884,0.05197407079453148,0.25,276.3585297635553,28.591472032671884,299.4776342087229,28.591472032671884,23.119104445167608,0
G650,input_image.png,F05,rectangle,horizontal,261,28.69967926972992,315,28.69967926972992,0.05197407079453148,0.25,276.33066485328766,28.69967926972992,299.5014745979654,28.69967926972992,23.170809744677697,0
G651,input_image.png,F05,rectangle,horizontal,261,28.807886506787955,315,28.807886506787955,0.05197407079453148,0.25,276.3031237988099,28.807886506787955,299.5251869093615,28.807886506787955,23.22206311055159,0
G652,input_image.png,F05,rectangle,horizontal,261,28.91609374384599,315,28.91609374384599,0.05197407079453148,0.25,276.2759009867931,28.91609374384599,299.5487721722562,28.91609374384599,23.272871185463075,0
G653,input_image.png,F05,rectangle,horizontal,261,29.024300980904027,315,29.024300980904027,0.05197407079453148,0.25,276.2515054917532,29.024300980904027,299.5709812964428,29.024300980904027,23.31947580468957,0
G654,input_image.png,F05,rectangle,horizontal,261,29.132508217962062,315,29.132508217962062,0.05197407079453148,0.25,276.235983252516,29.132508217962062,299.5888073769463,29.132508217962062,23.35282412443031,0
G655,input_image.png,F05,rectangle,horizontal,261,29.240715455020098,315,29.240715455020098,0.05197407079453148,0.25,276.22057598896623,29.240715455020098,299.60660403802825,29.240715455020098,23.38602804906201,0
G656,input_image.png,F05,rectangle,horizontal,261,29.348922692078133,315,29.348922692078133,0.05197407079453148,0.25,276.205282428353,29.348922692078133,299.62437135245744,29.348922692078133,23.419088924104493,0
G657,input_image.png,F05,rectangle,horizontal,261,29.45712992913617,315,29.45712992913617,0.05197407079453148,0.25,276.1901013166415,29.45712992913617,299.642109392763,29.45712992913617,23.45200807612151,0
G658,input_image.png,F05,rectangle,horizontal,261,29.565337166194205,315,29.565337166194205,0.05197407079453148,0.25,276.17503141817065,29.565337166194205,299.65981823123514,29.565337166194205,23.484786813064435,0
G659,input_image.png,F05,rectangle,horizontal,261,29.67354440325224,315,29.67354440325224,0.05197407079453148,0.25,276.1600715153176,29.67354440325224,299.6774979399262,29.67354440325224,23.5174264246086,0
G660,input_image.png,F05,rectangle,horizontal,261,29.781751640310276,315,29.781751640310276,0.05197407079453148,0.25,276.1452204081696,29.781751640310276,299.6951485906518,29.781751640310276,23.549928182482198,0
G661,input_image.png,F05,rectangle,horizontal,261,29.88995887736831,315,29.88995887736831,0.05197407079453148,0.25,276.1304769142036,29.88995887736831,299.71277025499165,29.88995887736831,23.582293340788056,0
G662,input_image.png,F05,rectangle,horizontal,261,29.998166114426347,315,29.998166114426347,0.05197407079453148,0.25,276.115839867972,29.998166114426347,299.73036300429055,29.998166114426347,23.614523136318525,0
G663,input_image.png,F05,rectangle,horizontal,261,30.10637335148438,315,30.10637335148438,0.05197407079453148,0.25,276.1100132774721,30.10637335148438,299.7434522362789,30.10637335148438,23.63343895880683,0
G664,input_image.png,F05,rectangle,horizontal,261,30.214580588542415,315,30.214580588542415,0.05197407079453148,0.25,276.1043703047231,30.214580588542415,299.75648530492356,30.214580588542415,23.652115000200453,0
G665,input_image.png,F05,rectangle,horizontal,261,30.32278782560045,315,30.32278782560045,0.05197407079453148,0.25,276.09875997796377,30.32278782560045,299.76953983215145,30.32278782560045,23.67077985418767,0
G666,input_image.png,F05,rectangle,horizontal,261,30.430995062658486,315,30.430995062658486,0.05197407079453148,0.25,276.09318201471353,30.430995062658486,299.7826158710027,30.430995062658486,23.689433856289128,0
G667,input_image.png,F05,rectangle,horizontal,261,30.53920229971652,315,30.53920229971652,0.05197407079453148,0.25,276.0876361357415,30.53920229971652,299.79571347469226,30.53920229971652,23.708077338950783,0
G668,input_image.png,F05,rectangle,horizontal,261,30.647409536774557,315,30.647409536774557,0.05197407079453148,0.25,276.0821220650198,30.647409536774557,299.80883269661103,30.647409536774557,23.726710631591217,0
G669,input_image.png,F05,rectangle,horizontal,261,30.755616773832593,315,30.755616773832593,0.05197407079453148,0.25,276.0766395296778,30.755616773832593,299.82197359032597,30.755616773832593,23.74533406064815,0
G670,input_image.png,F05,rectangle,horizontal,261,30.863824010890628,315,30.863824010890628,0.05197407079453148,0.25,276.0711882599571,30.863824010890628,299.8351362095813,30.863824010890628,23.763947949624203,0
G671,input_image.png,F05,rectangle,horizontal,261,30.972031247948664,315,30.972031247948664,0.05197407079453148,0.25,276.0657679891674,30.972031247948664,299.8483206082993,30.972031247948664,23.782552619131845,0
G672,input_image.png,F05,rectangle,horizontal,261,31.0802384850067,315,31.0802384850067,0.05197407079453148,0.25,276.06561191387925,31.0802384850067,299.85716440137134,31.0802384850067,23.79155248749208,0
G673,input_image.png,F05,rectangle,horizontal,261,31.188445722064735,315,31.188445722064735,0.05197407079453148,0.25,276.0672770223735,31.188445722064735,299.8645133667873,31.188445722064735,23.797236344413797,0
G674,input_image.png,F05,rectangle,horizontal,261,31.29665295912277,315,31.29665295912277,0.05197407079453148,0.25,276.0689341415005,31.29665295912277,299.8718888353148,31.29665295912277,23.802954693814293,0
G675,input_image.png,F05,rectangle,horizontal,261,31.404860196180806,315,31.404860196180806,0.05197407079453148,0.25,276.0705833286234,31.404860196180806,299.87929095058297,31.404860196180806,23.808707621959577,0
G676,input_image.png,F05,rectangle,horizontal,261,31.51306743323884,315,31.51306743323884,0.05197407079453148,0.25,276.07222464055747,31.51306743323884,299.8867198572607,31.51306743323884,23.81449521670322,0
G677,input_image.png,F05,rectangle,horizontal,261,31.621274670296877,315,31.621274670296877,0.05197407079453148,0.25,276.0738581335767,31.621274670296877,299.894175701066,31.621274670296877,23.820317567489262,0
G678,input_image.png,F05,rectangle,horizontal,261,31.729481907354913,315,31.729481907354913,0.05197407079453148,0.25,276.0754838634202,31.729481907354913,299.90165862877546,31.729481907354913,23.826174765355262,0
G679,input_image.png,F05,rectangle,horizontal,261,31.837689144412945,315,31.837689144412945,0.05197407079453148,0.25,276.0771018852985,31.837689144412945,299.90916878823407,31.837689144412945,23.83206690293564,0
G680,input_image.png,F05,rectangle,horizontal,261,31.94589638147098,315,31.94589638147098,0.05197407079453148,0.25,276.07871225389977,31.94589638147098,299.9167063283649,31.94589638147098,23.837994074465133,0
G681,input_image.png,F05,rectangle,horizontal,261,32.05410361852902,315,32.05410361852902,0.05197407079453148,0.25,276.08329366967706,32.05410361852902,299.9212877442879,32.05410361852902,23.837994074610826,0
G682,input_image.png,F05,rectangle,horizontal,261,32.16231085558705,315,32.16231085558705,0.05197407079453148,0.25,276.0908312095195,32.16231085558705,299.92289811288794,32.16231085558705,23.832066903368435,0
G683,input_image.png,F05,rectangle,horizontal,261,32.27051809264509,315,32.27051809264509,0.05197407079453148,0.25,276.0983413686954,32.27051809264509,299.9245161347649,32.27051809264509,23.82617476606947,0
G684,input_image.png,F05,rectangle,horizontal,261,32.37872532970312,315,32.37872532970312,0.05197407079453148,0.25,276.10582429612776,32.37872532970312,299.926141864607,32.37872532970312,23.82031756847925,0
G685,input_image.png,F05,rectangle,horizontal,261,32.48693256676116,315,32.48693256676116,0.05197407079453148,0.25,276.1132801396615,32.48693256676116,299.92777535762497,32.48693256676116,23.814495217963426,0
G686,input_image.png,F05,rectangle,horizontal,261,32.595139803819194,315,32.595139803819194,0.05197407079453148,0.25,276.1207090460732,32.595139803819194,299.9294166695577,32.595139803819194,23.808707623484473,0
G687,input_image.png,F05,rectangle,horizontal,261,32.70334704087723,315,32.70334704087723,0.05197407079453148,0.25,276.1281111610808,32.70334704087723,299.93106585667925,32.70334704087723,23.802954695598427,0
G688,input_image.png,F05,rectangle,horizontal,261,32.811554277935265,315,32.811554277935265,0.05197407079453148,0.25,276.1354866293532,32.811554277935265,299.93272297580495,32.811554277935265,23.797236346451758,0
G689,input_image.png,F05,rectangle,horizontal,261,32.919761514993304,315,32.919761514993304,0.05197407079453148,0.25,276.14283559451934,32.919761514993304,299.9343880842979,32.919761514993304,23.791552489778503,0
G690,input_image.png,F05,rectangle,horizontal,261,33.027968752051336,315,33.027968752051336,0.05197407079453148,0.25,276.1516793874605,33.027968752051336,299.93423200899514,33.027968752051336,23.78255262153463,0
G691,input_image.png,F05,rectangle,horizontal,261,33.13617598910937,315,33.13617598910937,0.05197407079453148,0.25,276.1648637863722,33.13617598910937,299.92881173815306,33.13617598910937,23.763947951780786,0
G692,input_image.png,F05,rectangle,horizontal,261,33.24438322616741,315,33.24438322616741,0.05197407079453148,0.25,276.1780264058165,33.24438322616741,299.9233604683801,33.24438322616741,23.74533406256353,0
G693,input_image.png,F05,rectangle,horizontal,261,33.35259046322544,315,33.35259046322544,0.05197407079453148,0.25,276.1911672997155,33.35259046322544,299.9178779329859,33.35259046322544,23.726710633270372,0
G694,input_image.png,F05,rectangle,horizontal,261,33.46079770028348,315,33.46079770028348,0.05197407079453148,0.25,276.2042865218134,33.46079770028348,299.9123638622121,33.46079770028348,23.708077340398674,0
G695,input_image.png,F05,rectangle,horizontal,261,33.56900493734151,315,33.56900493734151,0.05197407079453148,0.25,276.21738412567737,33.56900493734151,299.9068179831881,33.56900493734151,23.6894338575107,0
G696,input_image.png,F05,rectangle,horizontal,261,33.67721217439955,315,33.67721217439955,0.05197407079453148,0.25,276.2304601646982,33.67721217439955,299.901240019886,33.67721217439955,23.670779855187845,0
G697,input_image.png,F05,rectangle,horizontal,261,33.78541941145758,315,33.78541941145758,0.05197407079453148,0.25,276.2435146920908,33.78541941145758,299.8956296930749,33.78541941145758,23.65211500098414,0
G698,input_image.png,F05,rectangle,horizontal,261,33.89362664851562,315,33.89362664851562,0.05197407079453148,0.25,276.2565477608954,33.89362664851562,299.88998672027435,33.89362664851562,23.63343895937892,0
G699,input_image.png,F05,rectangle,horizontal,261,34.00183388557365,315,34.00183388557365,0.05197407079453148,0.25,276.2696369930382,34.00183388557365,299.88416012972664,34.00183388557365,23.614523136688412,0
G700,input_image.png,F05,rectangle,horizontal,261,34.11004112263169,315,34.11004112263169,0.05197407079453148,0.25,276.2872297424428,34.11004112263169,299.86952308366244,34.11004112263169,23.582293341219668,0
G701,input_image.png,F05,rectangle,horizontal,261,34.218248359689724,315,34.218248359689724,0.05197407079453148,0.25,276.3048514068911,34.218248359689724,299.8547795898645,34.218248359689724,23.549928182973375,0
G702,input_image.png,F05,rectangle,horizontal,261,34.32645559674776,315,34.32645559674776,0.05197407079453148,0.25,276.32250205772795,34.32645559674776,299.8399284828851,34.32645559674776,23.51742642515716,0
G703,input_image.png,F05,rectangle,horizontal,261,34.434662833805795,315,34.434662833805795,0.05197407079453148,0.25,276.3401817665331,34.434662833805795,299.82496858020124,34.434662833805795,23.484786813668187,0
G704,input_image.png,F05,rectangle,horizontal,261,34.542870070863835,315,34.542870070863835,0.05197407079453148,0.25,276.357890605122,34.542870070863835,299.8098986819003,34.542870070863835,23.45200807677825,0
G705,input_image.png,F05,rectangle,horizontal,261,34.65107730792187,315,34.65107730792187,0.05197407079453148,0.25,276.37562864554724,34.65107730792187,299.79471757035924,34.65107730792187,23.41908892481201,0
G706,input_image.png,F05,rectangle,horizontal,261,34.7592845449799,315,34.7592845449799,0.05197407079453148,0.25,276.3933959600989,34.7592845449799,299.77942400991697,34.7592845449799,23.38602804981805,0
G707,input_image.png,F05,rectangle,horizontal,261,34.86749178203794,315,34.86749178203794,0.05197407079453148,0.25,276.41119262130616,34.86749178203794,299.7640167465388,34.86749178203794,23.352824125232637,0
G708,input_image.png,F05,rectangle,horizontal,261,34.97569901909597,315,34.97569901909597,0.05197407079453148,0.25,276.4290187019378,34.97569901909597,299.74849450747377,34.97569901909597,23.31947580553593,0
G709,input_image.png,F05,rectangle,horizontal,261,35.08390625615401,315,35.08390625615401,0.05197407079453148,0.25,276.4512278262041,35.08390625615401,299.72409901234164,35.08390625615401,23.272871186137532,0
G710,input_image.png,F05,rectangle,horizontal,261,35.19211349321204,315,35.19211349321204,0.05197407079453148,0.25,276.47481308915974,35.19211349321204,299.69687620015213,35.19211349321204,23.22206311099239,0
G711,input_image.png,F05,rectangle,horizontal,261,35.30032073027008,315,35.30032073027008,0.05197407079453148,0.25,276.4985254006121,35.30032073027008,299.6693351454973,35.30032073027008,23.1708097448852,0
G712,input_image.png,F05,rectangle,horizontal,261,35.40852796732811,315,35.40852796732811,0.05197407079453148,0.25,276.5223657899061,35.40852796732811,299.64147023504825,35.40852796732811,23.11910444514217,0
G713,input_image.png,F05,rectangle,horizontal,261,35.51673520438615,315,35.51673520438615,0.05197407079453148,0.25,276.54633529753625,35.51673520438615,299.6132757226807,35.51673520438615,23.066940425144452,0
G714,input_image.png,F05,rectangle,horizontal,261,35.62494244144418,315,35.62494244144418,0.05197407079453148,0.25,276.5704349752984,35.62494244144418,299.58474572552495,35.62494244144418,23.014310750226535,0
G715,input_image.png,F05,rectangle,horizontal,261,35.73314967850222,315,35.73314967850222,0.05197407079453148,0.25,276.5946658864433,35.73314967850222,299.55587421987343,35.73314967850222,22.961208333430147,0
G716,input_image.png,F05,rectangle,horizontal,261,35.841356915560254,315,35.841356915560254,0.05197407079453148,0.25,276.6190291058329,35.841356915560254,299.5266550369409,35.841356915560254,22.907625931107987,0
G717,input_image.png,F05,rectangle,horizontal,261,35.949564152618294,315,35.949564152618294,0.05197407079453148,0.25,276.6435257200998,35.949564152618294,299.4970818584703,35.949564152618294,22.853556138370582,0
G718,input_image.png,F05,rectangle,horizontal,261,36.057771389676326,315,36.057771389676326,0.05197407079453148,0.25,276.6723492935539,36.057771389676326,299.4587687130042,36.057771389676326,22.78641941945025,0
G719,input_image.png,F05,rectangle,horizontal,261,36.16597862673436,315,36.16597862673436,0.05197407079453148,0.25,276.7050354719408,36.16597862673436,299.41237317859776,36.16597862673436,22.70733770665694,0
G720,input_image.png,F05,rectangle,horizontal,261,36.2741858637924,315,36.2741858637924,0.05197407079453148,0.25,276.7379465676899,36.2741858637924,299.3650661051422,36.2741858637924,22.627119537452312,0
G721,input_image.png,F05,rectangle,vertical,282.1000926090816,5,282.1000926090816,59,0.05197407079453148,0.25,282.1000926090816,24.29844943848243,282.1000926090816,40.663050834852136,16.364601396369707,0
G722,input_image.png,F05,rectangle,vertical,282.24945735315555,5,282.24945735315555,59,0.05197407079453148,0.25,282.24945735315555,24.270738029028248,282.24945735315555,40.67211071018586,16.401372681157614,0
G723,input_image.png,F05,rectangle,vertical,282.3988220972294,5,282.3988220972294,59,0.05197407079453148,0.25,282.3988220972294,24.24304400004207,282.3988220972294,40.68108766745337,16.4380436674113,0
G724,input_image.png,F05,rectangle,vertical,282.5481868413033,5,282.5481868413033,59,0.05197407079453148,0.25,282.5481868413033,24.215367335177582,282.5481868413033,40.689982839797146,16.474615504619564,0
G725,input_image.png,F05,rectangle,vertical,282.6975515853772,5,282.6975515853772,59,0.05197407079453148,0.25,282.6975515853772,24.18770801810897,282.6975515853772,40.69879733980622,16.51108932169725,0
G726,input_image.png,F05,rectangle,vertical,282.84691632945106,5,282.84691632945106,59,0.05197407079453148,0.25,282.84691632945106,24.16006603253091,282.84691632945106,40.707532259980056,16.547466227449146,0
G727,input_image.png,F05,rectangle,vertical,282.9962810735249,5,282.9962810735249,59,0.05197407079453148,0.25,282.9962810735249,24.13244136215847,282.9962810735249,40.71618867317999,16.583747311021522,0
G728,input_image.png,F05,rectangle,vertical,283.14564581759885,5,283.14564581759885,59,0.05197407079453148,0.25,283.14564581759885,24.107851481156086,283.14564581759885,40.71749510289494,16.60964362173885,0
G729,input_image.png,F05,rectangle,vertical,283.2950105616727,5,283.2950105616727,59,0.05197407079453148,0.25,283.2950105616727,24.083273010427828,283.2950105616727,40.71860711664418,16.63533410621635,0
G730,input_image.png,F05,rectangle,vertical,283.4443753057466,5,283.4443753057466,59,0.05197407079453148,0.25,283.4443753057466,24.0586275855813,283.4443753057466,40.719711355215516,16.661083769634217,0
G731,input_image.png,F05,rectangle,vertical,283.59374004982044,5,283.59374004982044,59,0.05197407079453148,0.25,283.59374004982044,24.03391493265917,283.59374004982044,40.72080789987067,16.686892967211502,0
G732,input_image.png,F05,rectangle,vertical,283.74310479389436,5,283.74310479389436,59,0.05197407079453148,0.25,283.74310479389436,24.00913477620745,283.74310479389436,40.72189683074292,16.71276205453547,0
G733,input_image.png,F05,rectangle,vertical,283.8924695379682,5,283.8924695379682,59,0.05197407079453148,0.25,283.8924695379682,23.985810672632823,283.8924695379682,40.7229782268566,16.737167554223774,0
G734,input_image.png,F05,rectangle,vertical,284.0418342820421,5,284.0418342820421,59,0.05197407079453148,0.25,284.0418342820421,23.96408617045064,284.0418342820421,40.72262403207524,16.7585378616246,0
G735,input_image.png,F05,rectangle,vertical,284.191199026116,5,284.191199026116,59,0.05197407079453148,0.25,284.191199026116,23.94415452476174,284.191199026116,40.71860977504452,16.77445525028278,0
G736,input_image.png,F05,rectangle,vertical,284.3405637701899,5,284.3405637701899,59,0.05197407079453148,0.25,284.3405637701899,23.924234464078232,284.3405637701899,40.714616436865434,16.790381972787202,0
G737,input_image.png,F05,rectangle,vertical,284.48992851426374,5,284.48992851426374,59,0.05197407079453148,0.25,284.48992851426374,23.90432597830259,284.48992851426374,40.71064385444636,16.80631787614377,0
G738,input_image.png,F05,rectangle,vertical,284.63929325833766,5,284.63929325833766,59,0.05197407079453148,0.25,284.63929325833766,23.88442905734903,284.63929325833766,40.70669186638664,16.82226280903761,0
G739,input_image.png,F05,rectangle,vertical,284.7886580024115,5,284.7886580024115,59,0.05197407079453148,0.25,284.7886580024115,23.864543691143503,284.7886580024115,40.70276031295475,16.83821662181125,0
G740,input_image.png,F05,rectangle,vertical,284.9380227464854,5,284.9380227464854,59,0.05197407079453148,0.25,284.9380227464854,23.84466986962363,284.9380227464854,40.69884903606676,16.85417916644313,0
G741,input_image.png,F05,rectangle,vertical,285.0873874905593,5,285.0873874905593,59,0.05197407079453148,0.25,285.0873874905593,23.82595999346736,285.0873874905593,40.69284828105708,16.86688828758972,0
G742,input_image.png,F05,rectangle,vertical,285.2367522346332,5,285.2367522346332,59,0.05197407079453148,0.25,285.2367522346332,23.808056704388587,285.2367522346332,40.685377821364995,16.877321116976407,0
G743,input_image.png,F05,rectangle,vertical,285.38611697870704,5,285.38611697870704,59,0.05197407079453148,0.25,285.38611697870704,23.790136838802955,285.38611697870704,40.67793537887734,16.88779854007439,0
G744,input_image.png,F05,rectangle,vertical,285.53548172278096,5,285.53548172278096,59,0.05197407079453148,0.25,285.53548172278096,23.77220037367772,285.53548172278096,40.67052079627557,16.89832042259785,0
G745,input_image.png,F05,rectangle,vertical,285.6848464668548,5,285.6848464668548,59,0.05197407079453148,0.25,285.6848464668548,23.754247285937467,285.6848464668548,40.663133917416765,16.908886631479298,0
G746,input_image.png,F05,rectangle,vertical,285.8342112109287,5,285.8342112109287,59,0.05197407079453148,0.25,285.8342112109287,23.73627755246397,285.8342112109287,40.65577458732262,16.919497034858647,0
G747,input_image.png,F05,rectangle,vertical,285.9835759550026,5,285.9835759550026,59,0.05197407079453148,0.25,285.9835759550026,23.71829115009611,285.9835759550026,40.64844265216866,16.93015150207255,0
G748,input_image.png,F05,rectangle,vertical,286.13294069907647,5,286.13294069907647,59,0.05197407079453148,0.25,286.13294069907647,23.701782536785554,286.13294069907647,40.638507098761316,16.936724561975762,0
G749,input_image.png,F05,rectangle,vertical,286.28230544315034,5,286.28230544315034,59,0.05197407079453148,0.25,286.28230544315034,23.68542156992834,286.28230544315034,40.62827502442716,16.94285345449882,0
G750,input_image.png,F05,rectangle,vertical,286.43167018722426,5,286.43167018722426,59,0.05197407079453148,0.25,286.43167018722426,23.669022305747855,286.43167018722426,40.618071418485414,16.94904911273756,0
G751,input_image.png,F05,rectangle,vertical,286.5810349312981,5,286.5810349312981,59,0.05197407079453148,0.25,286.5810349312981,23.65258460961849,286.5810349312981,40.60789616229101,16.955311552672523,0
G752,input_image.png,F05,rectangle,vertical,286.730399675372,5,286.730399675372,59,0.05197407079453148,0.25,286.730399675372,23.63610834628288,286.730399675372,40.59774913785725,16.961640791574368,0
G753,input_image.png,F05,rectangle,vertical,286.8797644194459,5,286.8797644194459,59,0.05197407079453148,0.25,286.8797644194459,23.619593379848215,286.8797644194459,40.58763022785123,16.968036848003013,0
G754,input_image.png,F05,rectangle,vertical,287.02912916351977,5,287.02912916351977,59,0.05197407079453148,0.25,287.02912916351977,23.603400030961794,287.02912916351977,40.576969869440994,16.9735698384792,0
G755,input_image.png,F05,rectangle,vertical,287.17849390759363,5,287.17849390759363,59,0.05197407079453148,0.25,287.17849390759363,23.588649308324005,287.17849390759363,40.56399523935821,16.97534593103421,0
G756,input_image.png,F05,rectangle,vertical,287.32785865166755,5,287.32785865166755,59,0.05197407079453148,0.25,287.32785865166755,23.57384893704645,287.32785865166755,40.55106225808623,16.977213321039784,0
G757,input_image.png,F05,rectangle,vertical,287.4772233957414,5,287.4772233957414,59,0.05197407079453148,0.25,287.4772233957414,23.558998666042168,287.4772233957414,40.53817072540619,16.97917205936402,0
G758,input_image.png,F05,rectangle,vertical,287.6265881398153,5,287.6265881398153,59,0.05197407079453148,0.25,287.6265881398153,23.544098242528243,287.6265881398153,40.525320442380526,16.981222199852283,0
G759,input_image.png,F05,rectangle,vertical,287.7759528838892,5,287.7759528838892,59,0.05197407079453148,0.25,287.7759528838892,23.52914741201146,287.7759528838892,40.51251121134272,16.983363799331258,0
G760,input_image.png,F05,rectangle,vertical,287.92531762796307,5,287.92531762796307,59,0.05197407079453148,0.25,287.92531762796307,23.514145918273847,287.92531762796307,40.499742835887226,16.98559691761338,0
G761,input_image.png,F05,rectangle,vertical,288.07468237203693,5,288.07468237203693,59,0.05197407079453148,0.25,288.07468237203693,23.500257164236974,288.07468237203693,40.48585408186102,16.985596917624047,0
G762,input_image.png,F05,rectangle,vertical,288.2240471161108,5,288.2240471161108,59,0.05197407079453148,0.25,288.2240471161108,23.487488788784816,288.2240471161108,40.47085258814669,16.983363799361875,0
G763,input_image.png,F05,rectangle,vertical,288.3734118601847,5,288.3734118601847,59,0.05197407079453148,0.25,288.3734118601847,23.47467955774974,288.3734118601847,40.45590175765074,16.981222199901,0
G764,input_image.png,F05,rectangle,vertical,288.5227766042586,5,288.5227766042586,59,0.05197407079453148,0.25,288.5227766042586,23.461829274726192,288.5227766042586,40.441001334155224,16.979172059429033,0
G765,input_image.png,F05,rectangle,vertical,288.67214134833245,5,288.67214134833245,59,0.05197407079453148,0.25,288.67214134833245,23.448937742047654,288.67214134833245,40.426151063166955,16.9772133211193,0
G766,input_image.png,F05,rectangle,vertical,288.82150609240637,5,288.82150609240637,59,0.05197407079453148,0.25,288.82150609240637,23.43600476077655,288.82150609240637,40.41135069190304,16.975345931126487,0
G767,input_image.png,F05,rectangle,vertical,288.97087083648023,5,288.97087083648023,59,0.05197407079453148,0.25,288.97087083648023,23.423030130694016,288.97087083648023,40.39659996927653,16.973569838582513,0
G768,input_image.png,F05,rectangle,vertical,289.1202355805541,5,289.1202355805541,59,0.05197407079453148,0.25,289.1202355805541,23.41236977224474,289.1202355805541,40.380406620397956,16.968036848153215,0
G769,input_image.png,F05,rectangle,vertical,289.269600324628,5,289.269600324628,59,0.05197407079453148,0.25,289.269600324628,23.402250862189483,289.269600324628,40.36389165396926,16.96164079177978,0
G770,input_image.png,F05,rectangle,vertical,289.4189650687019,5,289.4189650687019,59,0.05197407079453148,0.25,289.4189650687019,23.392103837705616,289.4189650687019,40.347415390638105,16.95531155293249,0
G771,input_image.png,F05,rectangle,vertical,289.56832981277574,5,289.56832981277574,59,0.05197407079453148,0.25,289.56832981277574,23.381928581460247,289.56832981277574,40.33097769451168,16.949049113051434,0
G772,input_image.png,F05,rectangle,vertical,289.71769455684966,5,289.71769455684966,59,0.05197407079453148,0.25,289.71769455684966,23.37172497546666,289.71769455684966,40.314578430332645,16.942853454865986,0
G773,input_image.png,F05,rectangle,vertical,289.86705930092353,5,289.86705930092353,59,0.05197407079453148,0.25,289.86705930092353,23.361492901079778,289.86705930092353,40.29821746347539,16.93672456239561,0
G774,input_image.png,F05,rectangle,vertical,290.0164240449974,5,290.0164240449974,59,0.05197407079453148,0.25,290.0164240449974,23.351557347626944,290.0164240449974,40.281708850160484,16.93015150253354,0
G775,input_image.png,F05,rectangle,vertical,290.1657887890713,5,290.1657887890713,59,0.05197407079453148,0.25,290.1657887890713,23.34422541249178,290.1657887890713,40.26372244776564,16.919497035273857,0
G776,input_image.png,F05,rectangle,vertical,290.3151535331452,5,290.3151535331452,59,0.05197407079453148,0.25,290.3151535331452,23.336866082414534,290.3151535331452,40.24575271426664,16.908886631852102,0
G777,input_image.png,F05,rectangle,vertical,290.46451827721904,5,290.46451827721904,59,0.05197407079453148,0.25,290.46451827721904,23.329479203570692,290.46451827721904,40.22779962650235,16.89832042293166,0
G778,input_image.png,F05,rectangle,vertical,290.61388302129296,5,290.61388302129296,59,0.05197407079453148,0.25,290.61388302129296,23.32206462098194,290.61388302129296,40.209863161354555,16.887798540372614,0
G779,input_image.png,F05,rectangle,vertical,290.7632477653668,5,290.7632477653668,59,0.05197407079453148,0.25,290.7632477653668,23.314622178505335,290.7632477653668,40.19194329574783,16.8773211172425,0
G780,input_image.png,F05,rectangle,vertical,290.9126125094407,5,290.9126125094407,59,0.05197407079453148,0.25,290.9126125094407,23.307151718822308,290.9126125094407,40.174040006649435,16.866888287827127,0
G781,input_image.png,F05,rectangle,vertical,291.0619772535146,5,291.0619772535146,59,0.05197407079453148,0.25,291.0619772535146,23.301150963757422,291.0619772535146,40.15533013047086,16.854179166713436,0
G782,input_image.png,F05,rectangle,vertical,291.2113419975885,5,291.2113419975885,59,0.05197407079453148,0.25,291.2113419975885,23.29723968672595,291.2113419975885,40.13545630892595,16.838216622200004,0
G783,input_image.png,F05,rectangle,vertical,291.36070674166234,5,291.36070674166234,59,0.05197407079453148,0.25,291.36070674166234,23.293308133150724,291.36070674166234,40.1155709426992,16.822262809548477,0
G784,input_image.png,F05,rectangle,vertical,291.51007148573626,5,291.51007148573626,59,0.05197407079453148,0.25,291.51007148573626,23.289356144947824,291.51007148573626,40.09567402172825,16.806317876780426,0
G785,input_image.png,F05,rectangle,vertical,291.6594362298101,5,291.6594362298101,59,0.05197407079453148,0.25,291.6594362298101,23.285383562385725,291.6594362298101,40.07576553593904,16.790381973553316,0
G786,input_image.png,F05,rectangle,vertical,291.808800973884,5,291.808800973884,59,0.05197407079453148,0.25,291.808800973884,23.281390224063788,291.808800973884,40.055845475245796,16.774455251182008,0
G787,input_image.png,F05,rectangle,vertical,291.9581657179579,5,291.9581657179579,59,0.05197407079453148,0.25,291.9581657179579,23.277375966890396,291.9581657179579,40.035913829551,16.758537862660603,0
G788,input_image.png,F05,rectangle,vertical,292.1075304620318,5,292.1075304620318,59,0.05197407079453148,0.25,292.1075304620318,23.277021772107762,292.1075304620318,40.01418932737418,16.73716755526642,0
G789,input_image.png,F05,rectangle,vertical,292.25689520610564,5,292.25689520610564,59,0.05197407079453148,0.25,292.25689520610564,23.278103168275397,292.25689520610564,39.99086522381188,16.712762055536484,0
G790,input_image.png,F05,rectangle,vertical,292.4062599501795,5,292.4062599501795,59,0.05197407079453148,0.25,292.4062599501795,23.27919209920193,292.4062599501795,39.96608506737795,16.686892968176025,0
G791,input_image.png,F05,rectangle,vertical,292.5556246942534,5,292.5556246942534,59,0.05197407079453148,0.25,292.5556246942534,23.280288643911682,292.5556246942534,39.9413724144787,16.661083770567018,0
G792,input_image.png,F05,rectangle,vertical,292.7049894383273,5,292.7049894383273,59,0.05197407079453148,0.25,292.7049894383273,23.281392882537933,292.7049894383273,39.91672698966012,16.635334107122187,0
G793,input_image.png,F05,rectangle,vertical,292.85435418240115,5,292.85435418240115,59,0.05197407079453148,0.25,292.85435418240115,23.282504896342427,292.85435418240115,39.89214851896482,16.60964362262239,0
G794,input_image.png,F05,rectangle,vertical,293.0037189264751,5,293.0037189264751,59,0.05197407079453148,0.25,293.0037189264751,23.283811326110364,293.0037189264751,39.86755863800181,16.583747311891447,0
G795,input_image.png,F05,rectangle,vertical,293.15308367054894,5,293.15308367054894,59,0.05197407079453148,0.25,293.15308367054894,23.29246773926379,293.15308367054894,39.839933967717904,16.547466228454113,0
G796,input_image.png,F05,rectangle,vertical,293.3024484146228,5,293.3024484146228,59,0.05197407079453148,0.25,293.3024484146228,23.30120265939367,293.3024484146228,39.81229198221012,16.51108932281645,0
G797,input_image.png,F05,rectangle,vertical,293.4518131586967,5,293.4518131586967,59,0.05197407079453148,0.25,293.4518131586967,23.310017159361415,293.4518131586967,39.78463266519349,16.474615505832077,0
G798,input_image.png,F05,rectangle,vertical,293.6011779027706,5,293.6011779027706,59,0.05197407079453148,0.25,293.6011779027706,23.318912331666567,293.6011779027706,39.756956000362656,16.43804366869609,0
G799,input_image.png,F05,rectangle,vertical,293.75054264684445,5,293.75054264684445,59,0.05197407079453148,0.25,293.75054264684445,23.327889288898238,293.75054264684445,39.72926197139177,16.401372682493534,0
G800,input_image.png,F05,rectangle,vertical,293.8999073909184,5,293.8999073909184,59,0.05197407079453148,0.25,293.8999073909184,23.336949164198987,293.8999073909184,39.70155056193449,16.364601397735502,0
G801,input_image.png,F06,rectangle,horizontal,5,91.75319950206539,59,91.75319950206539,0.05197407079453148,0.25,23.243217939863435,91.75319950206539,41.49921594019122,91.75319950206539,18.255998000327786,0
G802,input_image.png,F06,rectangle,horizontal,5,91.86071343872196,59,91.86071343872196,0.05197407079453148,0.25,23.216081378847537,91.86071343872196,41.52462766131686,91.86071343872196,18.308546282469326,0
G803,input_image.png,F06,rectangle,horizontal,5,91.96822737537853,59,91.96822737537853,0.05197407079453148,0.25,23.188871274437826,91.96822737537853,41.5497015525681,91.96822737537853,18.360830278130276,0
G804,input_image.png,F06,rectangle,horizontal,5,92.0757413120351,59,92.0757413120351,0.05197407079453148,0.25,23.165124488893355,92.0757413120351,41.563514434028704,92.0757413120351,18.39838994513535,0
G805,input_image.png,F06,rectangle,horizontal,5,92.18325524869168,59,92.18325524869168,0.05197407079453148,0.25,23.142758730186962,92.18325524869168,41.57259876525936,92.18325524869168,18.429840035072395,0
G806,input_image.png,F06,rectangle,horizontal,5,92.29076918534825,59,92.29076918534825,0.05197407079453148,0.25,23.120284498894737,92.29076918534825,41.58157334977244,92.29076918534825,18.461288850877704,0
G807,input_image.png,F06,rectangle,horizontal,5,92.39828312200483,59,92.39828312200483,0.05197407079453148,0.25,23.097701003970123,92.39828312200483,41.59044016438255,92.39828312200483,18.492739160412427,0
G808,input_image.png,F06,rectangle,horizontal,5,92.5057970586614,59,92.5057970586614,0.05197407079453148,0.25,23.07500744665612,92.5057970586614,41.599201138711095,92.5057970586614,18.524193692054975,0
G809,input_image.png,F06,rectangle,horizontal,5,92.61331099531797,59,92.61331099531797,0.05197407079453148,0.25,23.052203020391104,92.61331099531797,41.60785815658627,92.61331099531797,18.555655136195163,0
G810,input_image.png,F06,rectangle,horizontal,5,92.72082493197453,59,92.72082493197453,0.05197407079453148,0.25,23.02928691071327,92.72082493197453,41.616413057393466,92.72082493197453,18.587126146680195,0
G811,input_image.png,F06,rectangle,horizontal,5,92.8283388686311,59,92.8283388686311,0.05197407079453148,0.25,23.006258295163658,92.8283388686311,41.62486763737824,92.8283388686311,18.61860934221458,0
G812,input_image.png,F06,rectangle,horizontal,5,92.93585280528768,59,92.93585280528768,0.05197407079453148,0.25,22.986806030327365,92.93585280528768,41.63322365090359,92.93585280528768,18.646417620576223,0
G813,input_image.png,F06,rectangle,horizontal,5,93.04336674194425,59,93.04336674194425,0.05197407079453148,0.25,22.96980691122992,93.04336674194425,41.637444069942774,93.04336674194425,18.667637158712854,0
G814,input_image.png,F06,rectangle,horizontal,5,93.15088067860083,59,93.15088067860083,0.05197407079453148,0.25,22.954366824267396,93.15088067860083,41.635674888963564,93.15088067860083,18.681308064696168,0
G815,input_image.png,F06,rectangle,horizontal,5,93.2583946152574,59,93.2583946152574,0.05197407079453148,0.25,22.938886634055503,93.2583946152574,41.63392407285052,93.2583946152574,18.695037438795016,0
G816,input_image.png,F06,rectangle,horizontal,5,93.36590855191398,59,93.36590855191398,0.05197407079453148,0.25,22.92336618414804,93.36590855191398,41.632191337127196,93.36590855191398,18.708825152979156,0
G817,input_image.png,F06,rectangle,horizontal,5,93.47342248857055,59,93.47342248857055,0.05197407079453148,0.25,22.90780531728401,93.47342248857055,41.63047640316249,93.47342248857055,18.72267108587848,0
G818,input_image.png,F06,rectangle,horizontal,5,93.58093642522712,59,93.58093642522712,0.05197407079453148,0.25,22.89220387538228,93.58093642522712,41.628778998021204,93.58093642522712,18.736575122638925,0
G819,input_image.png,F06,rectangle,horizontal,5,93.6884503618837,59,93.6884503618837,0.05197407079453148,0.25,22.87656169953626,93.6884503618837,41.62709885431928,93.6884503618837,18.750537154783018,0
G820,input_image.png,F06,rectangle,horizontal,5,93.79596429854027,59,93.79596429854027,0.05197407079453148,0.25,22.860878630008497,93.79596429854027,41.62543571008336,93.79596429854027,18.764557080074862,0
G821,input_image.png,F06,rectangle,horizontal,5,93.90347823519684,59,93.90347823519684,0.05197407079453148,0.25,22.845154506225217,93.90347823519684,41.62378930861463,93.90347823519684,18.778634802389416,0
G822,input_image.png,F06,rectangle,horizontal,5,94.01099217185342,59,94.01099217185342,0.05197407079453148,0.25,22.829558044347955,94.01099217185342,41.621428034216734,94.01099217185342,18.79186998986878,0
G823,input_image.png,F06,rectangle,horizontal,5,94.11850610850998,59,94.11850610850998,0.05197407079453148,0.25,22.815378064424625,94.11850610850998,41.61270190669689,94.11850610850998,18.797323842272267,0
G824,input_image.png,F06,rectangle,horizontal,5,94.22602004516655,59,94.22602004516655,0.05197407079453148,0.25,22.80111064827842,94.22602004516655,41.60406532783986,94.22602004516655,18.80295467956144,0
G825,input_image.png,F06,rectangle,horizontal,5,94.33353398182312,59,94.33353398182312,0.05197407079453148,0.25,22.786754984687846,94.33353398182312,41.59551692624225,94.33353398182312,18.8087619415544,0
G826,input_image.png,F06,rectangle,horizontal,5,94.4410479184797,59,94.4410479184797,0.05197407079453148,0.25,22.77231025236505,94.4410479184797,41.5870553583618,94.4410479184797,18.814745105996753,0
G827,input_image.png,F06,rectangle,horizontal,5,94.54856185513627,59,94.54856185513627,0.05197407079453148,0.25,22.75777561979923,94.54856185513627,41.57867930781343,94.54856185513627,18.8209036880142,0
G828,input_image.png,F06,rectangle,horizontal,5,94.65607579179284,59,94.65607579179284,0.05197407079453148,0.25,22.74315024509706,94.65607579179284,41.57038748468652,94.65607579179284,18.82723723958946,0
G829,input_image.png,F06,rectangle,horizontal,5,94.76358972844942,59,94.76358972844942,0.05197407079453148,0.25,22.728433275820134,94.76358972844942,41.56217862488269,94.76358972844942,18.833745349062557,0
G830,input_image.png,F06,rectangle,horizontal,5,94.87110366510599,59,94.87110366510599,0.05197407079453148,0.25,22.71362384881935,94.87110366510599,41.554051489473366,94.87110366510599,18.840427640654017,0
G831,input_image.png,F06,rectangle,horizontal,5,94.97861760176256,59,94.97861760176256,0.05197407079453148,0.25,22.698721090066147,94.97861760176256,41.54600486407641,94.97861760176256,18.84728377401026,0
G832,input_image.png,F06,rectangle,horizontal,5,95.08613153841914,59,95.08613153841914,0.05197407079453148,0.25,22.685210620263682,95.08613153841914,41.534223336064144,95.08613153841914,18.849012715800463,0
G833,input_image.png,F06,rectangle,horizontal,5,95.19364547507571,59,95.19364547507571,0.05197407079453148,0.25,22.67195721161131,95.19364547507571,41.521624184994714,95.19364547507571,18.849666973383403,0
G834,input_image.png,F06,rectangle,horizontal,5,95.30115941173229,59,95.30115941173229,0.05197407079453148,0.25,22.65858852668406,95.30115941173229,41.50915787847507,95.30115941173229,18.850569351791012,0
G835,input_image.png,F06,rectangle,horizontal,5,95.40867334838885,59,95.40867334838885,0.05197407079453148,0.25,22.645103054927517,95.40867334838885,41.49682232646864,95.40867334838885,18.85171927154112,0
G836,input_image.png,F06,rectangle,horizontal,5,95.51618728504542,59,95.51618728504542,0.05197407079453148,0.25,22.631499259279533,95.51618728504542,41.48461548255336,95.51618728504542,18.853116223273826,0
G837,input_image.png,F06,rectangle,horizontal,5,95.62370122170199,59,95.62370122170199,0.05197407079453148,0.25,22.617775575586204,95.62370122170199,41.47253534278992,95.62370122170199,18.854759767203713,0
G838,input_image.png,F06,rectangle,horizontal,5,95.73121515835857,59,95.73121515835857,0.05197407079453148,0.25,22.603930412002338,95.73121515835857,41.46057994462507,95.73121515835857,18.85664953262273,0
G839,input_image.png,F06,rectangle,horizontal,5,95.83872909501514,59,95.83872909501514,0.05197407079453148,0.25,22.58996214837593,95.83872909501514,41.44874736582867,95.83872909501514,18.858785217452745,0
G840,input_image.png,F06,rectangle,horizontal,5,95.94624303167171,59,95.94624303167171,0.05197407079453148,0.25,22.575869135616145,95.94624303167171,41.43703572346343,95.94624303167171,18.861166587847286,0
G841,input_image.png,F06,rectangle,horizontal,5,96.05375696832829,59,96.05375696832829,0.05197407079453148,0.25,22.56296427695592,96.05375696832829,41.424130864824456,96.05375696832829,18.861166587868535,0
G842,input_image.png,F06,rectangle,horizontal,5,96.16127090498486,59,96.16127090498486,0.05197407079453148,0.25,22.55125263458844,96.16127090498486,41.41003785210621,96.16127090498486,18.858785217517767,0
G843,input_image.png,F06,rectangle,horizontal,5,96.26878484164143,59,96.26878484164143,0.05197407079453148,0.25,22.539420055789318,96.26878484164143,41.396069588522536,96.26878484164143,18.85664953273322,0
G844,input_image.png,F06,rectangle,horizontal,5,96.37629877829801,59,96.37629877829801,0.05197407079453148,0.25,22.52746465762122,96.37629877829801,41.38222442498257,96.37629877829801,18.854759767361347,0
G845,input_image.png,F06,rectangle,horizontal,5,96.48381271495458,59,96.48381271495458,0.05197407079453148,0.25,22.515384517854013,96.48381271495458,41.368500741334266,96.48381271495458,18.853116223480253,0
G846,input_image.png,F06,rectangle,horizontal,5,96.59132665161115,59,96.59132665161115,0.05197407079453148,0.25,22.50317767393441,96.59132665161115,41.3548969457324,96.59132665161115,18.85171927179799,0
G847,input_image.png,F06,rectangle,horizontal,5,96.69884058826771,59,96.69884058826771,0.05197407079453148,0.25,22.4908421219231,96.69884058826771,41.341411474023026,96.69884058826771,18.850569352099924,0
G848,input_image.png,F06,rectangle,horizontal,5,96.80635452492429,59,96.80635452492429,0.05197407079453148,0.25,22.478375815398007,96.80635452492429,41.32804278914397,96.80635452492429,18.849666973745965,0
G849,input_image.png,F06,rectangle,horizontal,5,96.91386846158086,59,96.91386846158086,0.05197407079453148,0.25,22.46577666432253,96.91386846158086,41.314789380540795,96.91386846158086,18.849012716218265,0
G850,input_image.png,F06,rectangle,horizontal,5,97.02138239823744,59,97.02138239823744,0.05197407079453148,0.25,22.453995136302634,97.02138239823744,41.30127891076599,97.02138239823744,18.847283774463353,0
G851,input_image.png,F06,rectangle,horizontal,5,97.12889633489401,59,97.12889633489401,0.05197407079453148,0.25,22.44594851089363,97.12889633489401,41.28637615194872,97.12889633489401,18.840427641055093,0
G852,input_image.png,F06,rectangle,horizontal,5,97.23641027155058,59,97.23641027155058,0.05197407079453148,0.25,22.437821375471803,97.23641027155058,41.27156672488139,97.23641027155058,18.833745349409586,0
G853,input_image.png,F06,rectangle,horizontal,5,97.34392420820716,59,97.34392420820716,0.05197407079453148,0.25,22.429612515655013,97.34392420820716,41.25684975553548,97.34392420820716,18.827237239880464,0
G854,input_image.png,F06,rectangle,horizontal,5,97.45143814486373,59,97.45143814486373,0.05197407079453148,0.25,22.42132069251467,97.45143814486373,41.242224380761925,97.45143814486373,18.820903688247256,0
G855,input_image.png,F06,rectangle,horizontal,5,97.5589520815203,59,97.5589520815203,0.05197407079453148,0.25,22.41294464195238,97.5589520815203,41.22768974812239,97.5589520815203,18.814745106170008,0
G856,input_image.png,F06,rectangle,horizontal,5,97.66646601817688,59,97.66646601817688,0.05197407079453148,0.25,22.40448307405751,97.66646601817688,41.21324501572359,97.66646601817688,18.808761941666077,0
G857,input_image.png,F06,rectangle,horizontal,5,97.77397995483345,59,97.77397995483345,0.05197407079453148,0.25,22.395934672444966,97.77397995483345,41.19888935205475,97.77397995483345,18.802954679609783,0
G858,input_image.png,F06,rectangle,horizontal,5,97.88149389149002,59,97.88149389149002,0.05197407079453148,0.25,22.387298093572472,97.88149389149002,41.18462193582809,97.88149389149002,18.79732384225562,0
G859,input_image.png,F06,rectangle,horizontal,5,97.98900782814658,59,97.98900782814658,0.05197407079453148,0.25,22.378571966036628,97.98900782814658,41.17044195582215,97.98900782814658,18.79186998978552,0
G860,input_image.png,F06,rectangle,horizontal,5,98.09652176480316,59,98.09652176480316,0.05197407079453148,0.25,22.376210691620376,98.09652176480316,41.15484549388939,98.09652176480316,18.778634802269014,0
G861,input_image.png,F06,rectangle,horizontal,5,98.20403570145973,59,98.20403570145973,0.05197407079453148,0.25,22.3745642901322,98.20403570145973,41.13912137005284,98.20403570145973,18.764557079920642,0
G862,input_image.png,F06,rectangle,horizontal,5,98.3115496381163,59,98.3115496381163,0.05197407079453148,0.25,22.3729011458759,98.3115496381163,41.12343830047077,98.3115496381163,18.750537154594866,0
G863,input_image.png,F06,rectangle,horizontal,5,98.41906357477288,59,98.41906357477288,0.05197407079453148,0.25,22.37122100215264,98.41906357477288,41.107796124569404,98.41906357477288,18.736575122416763,0
G864,input_image.png,F06,rectangle,horizontal,5,98.52657751142945,59,98.52657751142945,0.05197407079453148,0.25,22.369523596989044,98.52657751142945,41.09219468261131,98.52657751142945,18.722671085622263,0
G865,input_image.png,F06,rectangle,horizontal,5,98.63409144808602,59,98.63409144808602,0.05197407079453148,0.25,22.367808663001014,98.63409144808602,41.07663381568989,98.63409144808602,18.708825152688874,0
G866,input_image.png,F06,rectangle,horizontal,5,98.7416053847426,59,98.7416053847426,0.05197407079453148,0.25,22.36607592725334,98.7416053847426,41.06111336572403,98.7416053847426,18.695037438470692,0
G867,input_image.png,F06,rectangle,horizontal,5,98.84911932139917,59,98.84911932139917,0.05197407079453148,0.25,22.36432511111487,98.84911932139917,41.04563317545275,98.84911932139917,18.68130806433788,0
G868,input_image.png,F06,rectangle,horizontal,5,98.95663325805575,59,98.95663325805575,0.05197407079453148,0.25,22.36255593010915,98.95663325805575,41.03019308842984,98.95663325805575,18.66763715832069,0
G869,input_image.png,F06,rectangle,horizontal,5,99.06414719471232,59,99.06414719471232,0.05197407079453148,0.25,22.36677634914346,99.06414719471232,41.01319396930491,99.06414719471232,18.646417620161447,0
G870,input_image.png,F06,rectangle,horizontal,5,99.1716611313689,59,99.1716611313689,0.05197407079453148,0.25,22.375132362677654,99.1716611313689,40.99374170438213,99.1716611313689,18.618609341704477,0
G871,input_image.png,F06,rectangle,horizontal,5,99.27917506802547,59,99.27917506802547,0.05197407079453148,0.25,22.383586942669403,99.27917506802547,40.97071308889787,99.27917506802547,18.587126146228464,0
G872,input_image.png,F06,rectangle,horizontal,5,99.38668900468203,59,99.38668900468203,0.05197407079453148,0.25,22.392141843481653,99.38668900468203,40.94779697927959,99.38668900468203,18.555655135797934,0
G873,input_image.png,F06,rectangle,horizontal,5,99.4942029413386,59,99.4942029413386,0.05197407079453148,0.25,22.400798861359863,99.4942029413386,40.92499255306841,99.4942029413386,18.524193691708543,0
G874,input_image.png,F06,rectangle,horizontal,5,99.60171687799517,59,99.60171687799517,0.05197407079453148,0.25,22.409559835689368,99.60171687799517,40.90229899580261,99.60171687799517,18.492739160113242,0
G875,input_image.png,F06,rectangle,horizontal,5,99.70923081465175,59,99.70923081465175,0.05197407079453148,0.25,22.418426650298287,99.70923081465175,40.87971550092065,99.70923081465175,18.461288850622367,0
G876,input_image.png,F06,rectangle,horizontal,5,99.81674475130832,59,99.81674475130832,0.05197407079453148,0.25,22.42740123480794,99.81674475130832,40.857241269665614,99.81674475130832,18.429840034857673,0
G877,input_image.png,F06,rectangle,horizontal,5,99.9242586879649,59,99.9242586879649,0.05197407079453148,0.25,22.436485566032857,99.9242586879649,40.83487551099101,99.9242586879649,18.398389944958154,0
G878,input_image.png,F06,rectangle,horizontal,5,100.03177262462147,59,100.03177262462147,0.05197407079453148,0.25,22.4502984474848,100.03177262462147,40.81112872546653,100.03177262462147,18.36083027798173,0
G879,input_image.png,F06,rectangle,horizontal,5,100.13928656127804,59,100.13928656127804,0.05197407079453148,0.25,22.475372338726817,100.13928656127804,40.78391862106278,100.13928656127804,18.308546282335964,0
G880,input_image.png,F06,rectangle,horizontal,5,100.24680049793461,59,100.24680049793461,0.05197407079453148,0.25,22.500784059845646,100.24680049793461,40.75678206005786,100.24680049793461,18.255998000212212,0
G881,input_image.png,F06,rectangle,vertical,27.3310468858858,69,27.3310468858858,123,0.05197407079453148,0.25,27.3310468858858,87.20103489231342,27.3310468858858,103.78300645994631,16.581971567632895,0
G882,input_image.png,F06,rectangle,vertical,27.44924823054692,69,27.44924823054692,123,0.05197407079453148,0.25,27.44924823054692,87.1916349811088,27.44924823054692,103.80853586410893,16.616900883000124,0
G883,input_image.png,F06,rectangle,vertical,27.567449575208038,69,27.567449575208038,123,0.05197407079453148,0.25,27.567449575208038,87.1823589884042,27.567449575208038,103.83418124971033,16.651822261306112,0
G884,input_image.png,F06,rectangle,vertical,27.685650919869158,69,27.685650919869158,123,0.05197407079453148,0.25,27.685650919869158,87.17320447982976,27.685650919869158,103.85994340891463,16.686738929084868,0
G885,input_image.png,F06,rectangle,vertical,27.803852264530278,69,27.803852264530278,123,0.05197407079453148,0.25,27.803852264530278,87.16416908436487,27.803852264530278,103.88582314111659,16.721654056751728,0
G886,input_image.png,F06,rectangle,vertical,27.922053609191394,69,27.922053609191394,123,0.05197407079453148,0.25,27.922053609191394,87.15525049229072,27.922053609191394,103.91182125302413,16.756570760733414,0
G887,input_image.png,F06,rectangle,vertical,28.040254953852514,69,28.040254953852514,123,0.05197407079453148,0.25,28.040254953852514,87.15016585476127,28.040254953852514,103.93663129412944,16.78646543936818,0
G888,input_image.png,F06,rectangle,vertical,28.158456298513634,69,28.158456298513634,123,0.05197407079453148,0.25,28.158456298513634,87.15230359245555,28.158456298513634,103.95905025451833,16.80674666206277,0
G889,input_image.png,F06,rectangle,vertical,28.27665764317475,69,28.27665764317475,123,0.05197407079453148,0.25,28.27665764317475,87.15441640830318,28.27665764317475,103.98162071278837,16.827204304485193,0
G890,input_image.png,F06,rectangle,vertical,28.39485898783587,69,28.39485898783587,123,0.05197407079453148,0.25,28.39485898783587,87.15650473558861,28.39485898783587,104.00341641423164,16.846911678643032,0
G891,input_image.png,F06,rectangle,vertical,28.51306033249699,69,28.51306033249699,123,0.05197407079453148,0.25,28.51306033249699,87.15856899761022,28.51306033249699,104.02133651046074,16.86276751285052,0
G892,input_image.png,F06,rectangle,vertical,28.631261677158108,69,28.631261677158108,123,0.05197407079453148,0.25,28.631261677158108,87.16060960796636,28.631261677158108,104.03925772853549,16.878648120569117,0
G893,input_image.png,F06,rectangle,vertical,28.749463021819228,69,28.749463021819228,123,0.05197407079453148,0.25,28.749463021819228,87.16262697083161,28.749463021819228,104.0571800685612,16.894553097729588,0
G894,input_image.png,F06,rectangle,vertical,28.867664366480348,69,28.867664366480348,123,0.05197407079453148,0.25,28.867664366480348,87.16462148122363,28.867664366480348,104.07510353064328,16.910482049419638,0
G895,input_image.png,F06,rectangle,vertical,28.985865711141468,69,28.985865711141468,123,0.05197407079453148,0.25,28.985865711141468,87.16659352526109,28.985865711141468,104.09302811488706,16.926434589625973,0
G896,input_image.png,F06,rectangle,vertical,29.104067055802584,69,29.104067055802584,123,0.05197407079453148,0.25,29.104067055802584,87.17462222064864,29.104067055802584,104.10968183973814,16.9350596190895,0
G897,input_image.png,F06,rectangle,vertical,29.222268400463705,69,29.222268400463705,123,0.05197407079453148,0.25,29.222268400463705,87.18339288371888,29.222268400463705,104.1262389584989,16.942846074780025,0
G898,input_image.png,F06,rectangle,vertical,29.34046974512482,69,29.34046974512482,123,0.05197407079453148,0.25,29.34046974512482,87.19207722392622,29.34046974512482,104.14287757549198,16.95080035156575,0
G899,input_image.png,F06,rectangle,vertical,29.45867108978594,69,29.45867108978594,123,0.05197407079453148,0.25,29.45867108978594,87.20067650944377,29.45867108978594,104.15959829393363,16.958921784489856,0
G900,input_image.png,F06,rectangle,vertical,29.57687243444706,69,29.57687243444706,123,0.05197407079453148,0.25,29.57687243444706,87.2091919837246,29.57687243444706,104.17640172300786,16.967209739283255,0
G901,input_image.png,F06,rectangle,vertical,29.69507377910818,69,29.69507377910818,123,0.05197407079453148,0.25,29.69507377910818,87.2176248661012,29.69507377910818,104.19328847794037,16.975663611839174,0
G902,input_image.png,F06,rectangle,vertical,29.813275123769298,69,29.813275123769298,123,0.05197407079453148,0.25,29.813275123769298,87.22597635236752,29.813275123769298,104.2102591800737,16.984282827706195,0
G903,input_image.png,F06,rectangle,vertical,29.931476468430418,69,29.931476468430418,123,0.05197407079453148,0.25,29.931476468430418,87.2342476153442,29.931476468430418,104.22731445694339,16.993066841599187,0
G904,input_image.png,F06,rectangle,vertical,30.049677813091538,69,30.049677813091538,123,0.05197407079453148,0.25,30.049677813091538,87.24448658227897,30.049677813091538,104.24400785623982,16.99952127396086,0
G905,input_image.png,F06,rectangle,vertical,30.167879157752655,69,30.167879157752655,123,0.05197407079453148,0.25,30.167879157752655,87.25744338360767,30.167879157752655,104.26020084694318,17.00275746333551,0
G906,input_image.png,F06,rectangle,vertical,30.286080502413775,69,30.286080502413775,123,0.05197407079453148,0.25,30.286080502413775,87.27028503895588,30.286080502413775,104.27652392051937,17.00623888156349,0
G907,input_image.png,F06,rectangle,vertical,30.404281847074895,69,30.404281847074895,123,0.05197407079453148,0.25,30.404281847074895,87.28301307647203,30.404281847074895,104.29297865077861,17.00996557430658,0
G908,input_image.png,F06,rectangle,vertical,30.52248319173601,69,30.52248319173601,123,0.05197407079453148,0.25,30.52248319173601,87.29562899738269,30.52248319173601,104.30956663702155,17.013937639638858,0
G909,input_image.png,F06,rectangle,vertical,30.64068453639713,69,30.64068453639713,123,0.05197407079453148,0.25,30.64068453639713,87.30813427658293,30.64068453639713,104.32628950455754,17.0181552279746,0
G910,input_image.png,F06,rectangle,vertical,30.75888588105825,69,30.75888588105825,123,0.05197407079453148,0.25,30.75888588105825,87.3205303632111,30.75888588105825,104.34314890523547,17.022618542024368,0
G911,input_image.png,F06,rectangle,vertical,30.877087225719368,69,30.877087225719368,123,0.05197407079453148,0.25,30.877087225719368,87.33281868120858,30.877087225719368,104.36014651798767,17.0273278367791,0
G912,input_image.png,F06,rectangle,vertical,30.995288570380488,69,30.995288570380488,123,0.05197407079453148,0.25,30.995288570380488,87.3450006298651,30.995288570380488,104.37728404938733,17.032283419522216,0
G913,input_image.png,F06,rectangle,vertical,31.113489915041608,69,31.113489915041608,123,0.05197407079453148,0.25,31.113489915041608,87.36156563589516,31.113489915041608,104.39332696485766,17.03176132896251,0
G914,input_image.png,F06,rectangle,vertical,31.23169125970273,69,31.23169125970273,123,0.05197407079453148,0.25,31.23169125970273,87.37813066047654,31.23169125970273,104.40947926157416,17.031348601097623,0
G915,input_image.png,F06,rectangle,vertical,31.349892604363845,69,31.349892604363845,123,0.05197407079453148,0.25,31.349892604363845,87.39451082786887,31.349892604363845,104.42579505032721,17.031284222458336,0
G916,input_image.png,F06,rectangle,vertical,31.468093949024965,69,31.468093949024965,123,0.05197407079453148,0.25,31.468093949024965,87.4107092152695,31.468093949024965,104.44227682602005,17.031567610750553,0
G917,input_image.png,F06,rectangle,vertical,31.586295293686085,69,31.586295293686085,123,0.05197407079453148,0.25,31.586295293686085,87.42672883195384,31.586295293686085,104.45892713457874,17.032198302624902,0
G918,input_image.png,F06,rectangle,vertical,31.7044966383472,69,31.7044966383472,123,0.05197407079453148,0.25,31.7044966383472,87.44257262113912,31.7044966383472,104.47574857426315,17.03317595312402,0
G919,input_image.png,F06,rectangle,vertical,31.82269798300832,69,31.82269798300832,123,0.05197407079453148,0.25,31.82269798300832,87.4582434617871,31.82269798300832,104.49274379701862,17.034500335231503,0
G920,input_image.png,F06,rectangle,vertical,31.94089932766944,69,31.94089932766944,123,0.05197407079453148,0.25,31.94089932766944,87.47374417034807,31.94089932766944,104.50991550986976,17.036171339521697,0
G921,input_image.png,F06,rectangle,vertical,32.05910067233056,69,32.05910067233056,123,0.05197407079453148,0.25,32.05910067233056,87.49008449013024,32.05910067233056,104.52625582965194,17.036171339521697,0
G922,input_image.png,F06,rectangle,vertical,32.177302016991675,69,32.177302016991675,123,0.05197407079453148,0.25,32.177302016991675,87.50725620298138,32.177302016991675,104.5417565382129,17.034500335231506,0
G923,input_image.png,F06,rectangle,vertical,32.2955033616528,69,32.2955033616528,123,0.05197407079453148,0.25,32.2955033616528,87.52425142573686,32.2955033616528,104.55742737886088,17.03317595312402,0
G924,input_image.png,F06,rectangle,vertical,32.413704706313915,69,32.413704706313915,123,0.05197407079453148,0.25,32.413704706313915,87.54107286542126,32.413704706313915,104.57327116804616,17.032198302624902,0
G925,input_image.png,F06,rectangle,vertical,32.53190605097504,69,32.53190605097504,123,0.05197407079453148,0.25,32.53190605097504,87.55772317397995,32.53190605097504,104.58929078473051,17.031567610750557,0
G926,input_image.png,F06,rectangle,vertical,32.650107395636155,69,32.650107395636155,123,0.05197407079453148,0.25,32.650107395636155,87.57420494967279,32.650107395636155,104.60548917213113,17.03128422245834,0
G927,input_image.png,F06,rectangle,vertical,32.76830874029727,69,32.76830874029727,123,0.05197407079453148,0.25,32.76830874029727,87.59052073842584,32.76830874029727,104.62186933952347,17.031348601097633,0
G928,input_image.png,F06,rectangle,vertical,32.88651008495839,69,32.88651008495839,123,0.05197407079453148,0.25,32.88651008495839,87.60667303514232,32.88651008495839,104.63843436410485,17.03176132896252,0
G929,input_image.png,F06,rectangle,vertical,33.00471142961951,69,33.00471142961951,123,0.05197407079453148,0.25,33.00471142961951,87.62271595061267,33.00471142961951,104.6549993701349,17.032283419522223,0
G930,input_image.png,F06,rectangle,vertical,33.12291277428063,69,33.12291277428063,123,0.05197407079453148,0.25,33.12291277428063,87.63985348201233,33.12291277428063,104.66718131879145,17.02732783677911,0
G931,input_image.png,F06,rectangle,vertical,33.24111411894175,69,33.24111411894175,123,0.05197407079453148,0.25,33.24111411894175,87.65685109476453,33.24111411894175,104.67946963678892,17.02261854202438,0
G932,input_image.png,F06,rectangle,vertical,33.35931546360287,69,33.35931546360287,123,0.05197407079453148,0.25,33.35931546360287,87.67371049544246,33.35931546360287,104.69186572341708,17.018155227974617,0
G933,input_image.png,F06,rectangle,vertical,33.477516808263985,69,33.477516808263985,123,0.05197407079453148,0.25,33.477516808263985,87.69043336297845,33.477516808263985,104.70437100261734,17.01393763963888,0
G934,input_image.png,F06,rectangle,vertical,33.59571815292511,69,33.59571815292511,123,0.05197407079453148,0.25,33.59571815292511,87.70702134922139,33.59571815292511,104.716986923528,17.00996557430661,0
G935,input_image.png,F06,rectangle,vertical,33.713919497586225,69,33.713919497586225,123,0.05197407079453148,0.25,33.713919497586225,87.72347607948062,33.713919497586225,104.72971496104414,17.006238881563515,0
G936,input_image.png,F06,rectangle,vertical,33.83212084224734,69,33.83212084224734,123,0.05197407079453148,0.25,33.83212084224734,87.73979915305682,33.83212084224734,104.74255661639236,17.002757463335534,0
G937,input_image.png,F06,rectangle,vertical,33.950322186908465,69,33.950322186908465,123,0.05197407079453148,0.25,33.950322186908465,87.75599214376018,33.950322186908465,104.75551341772106,16.999521273960884,0
G938,input_image.png,F06,rectangle,vertical,34.06852353156958,69,34.06852353156958,123,0.05197407079453148,0.25,34.06852353156958,87.77268554305661,34.06852353156958,104.76575238465583,16.993066841599216,0
G939,input_image.png,F06,rectangle,vertical,34.1867248762307,69,34.1867248762307,123,0.05197407079453148,0.25,34.1867248762307,87.7897408199263,34.1867248762307,104.7740236476325,16.984282827706217,0
G940,input_image.png,F06,rectangle,vertical,34.30492622089182,69,34.30492622089182,123,0.05197407079453148,0.25,34.30492622089182,87.80671152205963,34.30492622089182,104.78237513389882,16.975663611839195,0
G941,input_image.png,F06,rectangle,vertical,34.42312756555294,69,34.42312756555294,123,0.05197407079453148,0.25,34.42312756555294,87.82359827699214,34.42312756555294,104.79080801627542,16.967209739283277,0
G942,input_image.png,F06,rectangle,vertical,34.541328910214055,69,34.541328910214055,123,0.05197407079453148,0.25,34.541328910214055,87.84040170606637,34.541328910214055,104.79932349055625,16.958921784489874,0
G943,input_image.png,F06,rectangle,vertical,34.65953025487518,69,34.65953025487518,123,0.05197407079453148,0.25,34.65953025487518,87.85712242450802,34.65953025487518,104.80792277607378,16.950800351565764,0
G944,input_image.png,F06,rectangle,vertical,34.777731599536295,69,34.777731599536295,123,0.05197407079453148,0.25,34.777731599536295,87.8737610415011,34.777731599536295,104.81660711628113,16.942846074780036,0
G945,input_image.png,F06,rectangle,vertical,34.89593294419741,69,34.89593294419741,123,0.05197407079453148,0.25,34.89593294419741,87.89031816026186,34.89593294419741,104.82537777935136,16.9350596190895,0
G946,input_image.png,F06,rectangle,vertical,35.014134288858536,69,35.014134288858536,123,0.05197407079453148,0.25,35.014134288858536,87.90697188511294,35.014134288858536,104.83340647473891,16.92643458962597,0
G947,input_image.png,F06,rectangle,vertical,35.13233563351965,69,35.13233563351965,123,0.05197407079453148,0.25,35.13233563351965,87.92489646935672,35.13233563351965,104.83537851877637,16.91048204941963,0
G948,input_image.png,F06,rectangle,vertical,35.25053697818077,69,35.25053697818077,123,0.05197407079453148,0.25,35.25053697818077,87.9428199314388,35.25053697818077,104.83737302916839,16.89455309772959,0
G949,input_image.png,F06,rectangle,vertical,35.36873832284189,69,35.36873832284189,123,0.05197407079453148,0.25,35.36873832284189,87.96074227146453,35.36873832284189,104.83939039203364,16.878648120569114,0
G950,input_image.png,F06,rectangle,vertical,35.48693966750301,69,35.48693966750301,123,0.05197407079453148,0.25,35.48693966750301,87.97866348953926,35.48693966750301,104.84143100238978,16.86276751285052,0
G951,input_image.png,F06,rectangle,vertical,35.605141012164125,69,35.605141012164125,123,0.05197407079453148,0.25,35.605141012164125,87.99658358576836,35.605141012164125,104.84349526441139,16.84691167864303,0
G952,input_image.png,F06,rectangle,vertical,35.72334235682525,69,35.72334235682525,123,0.05197407079453148,0.25,35.72334235682525,88.01837928721486,35.72334235682525,104.84558359169682,16.827204304481974,0
G953,input_image.png,F06,rectangle,vertical,35.841543701486366,69,35.841543701486366,123,0.05197407079453148,0.25,35.841543701486366,88.04094974548578,35.841543701486366,104.84769640754445,16.806746662058675,0
G954,input_image.png,F06,rectangle,vertical,35.95974504614748,69,35.95974504614748,123,0.05197407079453148,0.25,35.95974504614748,88.06336870587216,35.95974504614748,104.84983414523873,16.786465439366577,0
G955,input_image.png,F06,rectangle,vertical,36.077946390808606,69,36.077946390808606,123,0.05197407079453148,0.25,36.077946390808606,88.08817874697371,36.077946390808606,104.84474950773998,16.756570760766262,0
G956,input_image.png,F06,rectangle,vertical,36.19614773546972,69,36.19614773546972,123,0.05197407079453148,0.25,36.19614773546972,88.11417685887639,36.19614773546972,104.83583091571205,16.72165405683566,0
G957,input_image.png,F06,rectangle,vertical,36.31434908013084,69,36.31434908013084,123,0.05197407079453148,0.25,36.31434908013084,88.14005659107161,36.31434908013084,104.82679552029296,16.686738929221356,0
G958,input_image.png,F06,rectangle,vertical,36.43255042479196,69,36.43255042479196,123,0.05197407079453148,0.25,36.43255042479196,88.16581875026732,36.43255042479196,104.81764101176391,16.65182226149659,0
G959,input_image.png,F06,rectangle,vertical,36.55075176945308,69,36.55075176945308,123,0.05197407079453148,0.25,36.55075176945308,88.19146413585827,36.55075176945308,104.80836501910423,16.61690088324595,0
G960,input_image.png,F06,rectangle,vertical,36.6689531141142,69,36.6689531141142,123,0.05197407079453148,0.25,36.6689531141142,88.21699354000866,36.6689531141142,104.79896510794404,16.58197156793538,0
G961,input_image.png,F07,ellipse,horizontal,69,90.69690719787036,123,90.69690719787036,0.05197407079453148,0.25,85.90599004633964,90.69690719787036,106.36336288666078,90.69690719787036,20.457372840321145,0
G962,input_image.png,F07,ellipse,horizontal,69,90.83116271184832,123,90.83116271184832,0.05197407079453148,0.25,85.8217501229617,90.83116271184832,106.44101699929864,90.83116271184832,20.619266876336937,0
G963,input_image.png,F07,ellipse,horizontal,69,90.96541822582628,123,90.96541822582628,0.05197407079453148,0.25,85.7382496013354,90.96541822582628,106.51822331983531,90.96541822582628,20.779973718499914,0
G964,input_image.png,F07,ellipse,horizontal,69,91.09967373980425,123,91.09967373980425,0.05197407079453148,0.25,85.66656486677286,91.09967373980425,106.58415049559096,91.09967373980425,20.917585628818106,0
G965,input_image.png,F07,ellipse,horizontal,69,91.23392925378222,123,91.23392925378222,0.05197407079453148,0.25,85.59870938473188,91.23392925378222,106.64647400037475,91.23392925378222,21.04776461564287,0
G966,input_image.png,F07,ellipse,horizontal,69,91.36818476776018,123,91.36818476776018,0.05197407079453148,0.25,85.5307267177318,91.36818476776018,106.709042816915,91.36818476776018,21.178316099183213,0
G967,input_image.png,F07,ellipse,horizontal,69,91.50244028173815,123,91.50244028173815,0.05197407079453148,0.25,85.46261650785337,91.50244028173815,106.77185839642648,91.50244028173815,21.309241888573105,0
G968,input_image.png,F07,ellipse,horizontal,69,91.63669579571611,123,91.63669579571611,0.05197407079453148,0.25,85.39437839583314,91.63669579571611,106.83492220159326,91.63669579571611,21.440543805760125,0
G969,input_image.png,F07,ellipse,horizontal,69,91.77095130969408,123,91.77095130969408,0.05197407079453148,0.25,85.32601202105704,91.77095130969408,106.89823570668243,91.77095130969408,21.572223685625396,0
G970,input_image.png,F07,ellipse,horizontal,69,91.90520682367205,123,91.90520682367205,0.05197407079453148,0.25,85.2575170215541,91.90520682367205,106.96180039765883,91.90520682367205,21.70428337610474,0
G971,input_image.png,F07,ellipse,horizontal,69,92.03946233765001,123,92.03946233765001,0.05197407079453148,0.25,85.19299634957117,92.03946233765001,107.01937395444074,92.03946233765001,21.826377604869567,0
G972,input_image.png,F07,ellipse,horizontal,69,92.17371785162797,123,92.17371785162797,0.05197407079453148,0.25,85.1379575716781,92.17371785162797,107.06414332113033,92.17371785162797,21.92618574945223,0
G973,input_image.png,F07,ellipse,horizontal,69,92.30797336560595,123,92.30797336560595,0.05197407079453148,0.25,85.08240459571368,92.30797336560595,107.10872123942436,92.30797336560595,22.026316643710665,0
G974,input_image.png,F07,ellipse,horizontal,69,92.44222887958391,123,92.44222887958391,0.05197407079453148,0.25,85.02633018204068,92.44222887958391,107.15310893474623,92.44222887958391,22.126778752705548,0
G975,input_image.png,F07,ellipse,horizontal,69,92.57648439356187,123,92.57648439356187,0.05197407079453148,0.25,84.97279120796689,92.57648439356187,107.19730762208334,92.57648439356187,22.22451641411645,0
G976,input_image.png,F07,ellipse,horizontal,69,92.71073990753983,123,92.71073990753983,0.05197407079453148,0.25,84.92207480377716,92.71073990753983,107.241318506098,92.71073990753983,22.319243702320833,0
G977,input_image.png,F07,ellipse,horizontal,69,92.84499542151781,123,92.84499542151781,0.05197407079453148,0.25,84.87170615085498,92.84499542151781,107.28514278123674,92.84499542151781,22.413436630381778,0
G978,input_image.png,F07,ellipse,horizontal,69,92.97925093549577,123,92.97925093549577,0.05197407079453148,0.25,84.82168168473939,92.97925093549577,107.3287816318386,92.97925093549577,22.507099947099213,0
G979,input_image.png,F07,ellipse,horizontal,69,93.11350644947373,123,93.11350644947373,0.05197407079453148,0.25,84.78289836910099,93.11350644947373,107.36158709646786,93.11350644947373,22.578688727366874,0
G980,input_image.png,F07,ellipse,horizontal,69,93.24776196345171,123,93.24776196345171,0.05197407079453148,0.25,84.74607798310976,93.24776196345171,107.39250052779573,93.24776196345171,22.646422544685965,0
G981,input_image.png,F07,ellipse,horizontal,69,93.38201747742967,123,93.38201747742967,0.05197407079453148,0.25,84.70919686526796,93.38201747742967,107.42348882104915,93.38201747742967,22.714291955781206,0
G982,input_image.png,F07,ellipse,horizontal,69,93.51627299140763,123,93.51627299140763,0.05197407079453148,0.25,84.6722548651941,93.51627299140763,107.4545522484934,93.51627299140763,22.782297383299287,0
G983,input_image.png,F07,ellipse,horizontal,69,93.6505285053856,123,93.6505285053856,0.05197407079453148,0.25,84.63525183200987,93.6505285053856,107.48569108371555,93.6505285053856,22.85043925170568,0
G984,input_image.png,F07,ellipse,horizontal,69,93.78478401936357,123,93.78478401936357,0.05197407079453148,0.25,84.59818761433795,93.78478401936357,107.51690560163267,93.78478401936357,22.918717987294727,0
G985,input_image.png,F07,ellipse,horizontal,69,93.91903953334153,123,93.91903953334153,0.05197407079453148,0.25,84.5610620603,93.91903953334153,107.54819607849974,93.91903953334153,22.987134018199733,0
G986,input_image.png,F07,ellipse,horizontal,69,94.0532950473195,123,94.0532950473195,0.05197407079453148,0.25,84.52916946909997,94.0532950473195,107.57392078860991,94.0532950473195,23.044751319509942,0
G987,input_image.png,F07,ellipse,horizontal,69,94.18755056129746,123,94.18755056129746,0.05197407079453148,0.25,84.50524555978231,94.18755056129746,107.5911149861811,94.18755056129746,23.085869426398787,0
G988,input_image.png,F07,ellipse,horizontal,69,94.32180607527543,123,94.32180607527543,0.05197407079453148,0.25,84.48124180132577,94.32180607527543,107.60833387822521,94.32180607527543,23.127092076899444,0
G989,input_image.png,F07,ellipse,horizontal,69,94.4560615892534,123,94.4560615892534,0.05197407079453148,0.25,84.45715779330185,94.4560615892534,107.62557751798013,94.4560615892534,23.168419724678273,0
G990,input_image.png,F07,ellipse,horizontal,69,94.59031710323136,123,94.59031710323136,0.05197407079453148,0.25,84.43299313260019,94.59031710323136,107.64284595883689,94.59031710323136,23.20985282623669,0
G991,input_image.png,F07,ellipse,horizontal,69,94.72457261720932,123,94.72457261720932,0.05197407079453148,0.25,84.40874741340598,94.72457261720932,107.6601392543402,94.72457261720932,23.25139184093421,0
G992,input_image.png,F07,ellipse,horizontal,69,94.8588281311873,123,94.8588281311873,0.05197407079453148,0.25,84.38442022717732,94.8588281311873,107.67745745818905,94.8588281311873,23.293037231011727,0
G993,input_image.png,F07,ellipse,horizontal,69,94.99308364516526,123,94.99308364516526,0.05197407079453148,0.25,84.36001116262221,94.99308364516526,107.6948006242372,94.99308364516526,23.33478946161498,0
G994,input_image.png,F07,ellipse,horizontal,69,95.12733915914322,123,95.12733915914322,0.05197407079453148,0.25,84.34873244079024,95.12733915914322,107.69884735101508,95.12733915914322,23.35011491022483,0
G995,input_image.png,F07,ellipse,horizontal,69,95.2615946731212,123,95.2615946731212,0.05197407079453148,0.25,84.33814883091168,95.2615946731212,107.70217060799398,95.2615946731212,23.364021777082307,0
G996,input_image.png,F07,ellipse,horizontal,69,95.39585018709916,123,95.39585018709916,0.05197407079453148,0.25,84.3275442189322,95.39585018709916,107.70549328282979,95.39585018709916,23.377949063897585,0
G997,input_image.png,F07,ellipse,horizontal,69,95.53010570107712,123,95.53010570107712,0.05197407079453148,0.25,84.31691854227495,95.53010570107712,107.70881537567547,95.53010570107712,23.391896833400516,0
G998,input_image.png,F07,ellipse,horizontal,69,95.66436121505508,123,95.66436121505508,0.05197407079453148,0.25,84.30627173811415,95.66436121505508,107.71213688668388,95.66436121505508,23.405865148569745,0
G999,input_image.png,F07,ellipse,horizontal,69,95.79861672903306,123,95.79861672903306,0.05197407079453148,0.25,84.29560374337396,95.79861672903306,107.7154578160079,95.79861672903306,23.41985407263393,0
G1000,input_image.png,F07,ellipse,horizontal,69,95.93287224301102,123,95.93287224301102,0.05197407079453148,0.25,84.28491449472723,95.93287224301102,107.7187781638003,95.93287224301102,23.433863669073055,0
G1001,input_image.png,F07,ellipse,horizontal,69,96.06712775698898,123,96.06712775698898,0.05197407079453148,0.25,84.28122183614187,96.06712775698898,107.7150855053196,96.06712775698898,23.43386366917774,0
G1002,input_image.png,F07,ellipse,horizontal,69,96.20138327096694,123,96.20138327096694,0.05197407079453148,0.25,84.28454218381844,96.20138327096694,107.70439625676534,96.20138327096694,23.419854072946897,0
G1003,input_image.png,F07,ellipse,horizontal,69,96.33563878494492,123,96.33563878494492,0.05197407079453148,0.25,84.28786311302648,96.33563878494492,107.69372826211603,96.33563878494492,23.40586514908955,0
G1004,input_image.png,F07,ellipse,horizontal,69,96.46989429892288,123,96.46989429892288,0.05197407079453148,0.25,84.29118462391875,96.46989429892288,107.68308145804448,96.46989429892288,23.391896834125745,0
G1005,input_image.png,F07,ellipse,horizontal,69,96.60414981290084,123,96.60414981290084,0.05197407079453148,0.25,84.2945067166481,96.60414981290084,107.67245578147492,96.60414981290084,23.377949064826822,0
G1006,input_image.png,F07,ellipse,horizontal,69,96.7384053268788,123,96.7384053268788,0.05197407079453148,0.25,84.29782939136742,96.7384053268788,107.66185116958155,96.7384053268788,23.364021778214138,0
G1007,input_image.png,F07,ellipse,horizontal,69,96.87266084085678,123,96.87266084085678,0.05197407079453148,0.25,84.30115264822967,96.87266084085678,107.65126755978753,96.87266084085678,23.35011491155786,0
G1008,input_image.png,F07,ellipse,horizontal,69,97.00691635483474,123,97.00691635483474,0.05197407079453148,0.25,84.30519937490004,97.00691635483474,107.63998883802786,97.00691635483474,23.33478946312782,0
G1009,input_image.png,F07,ellipse,horizontal,69,97.1411718688127,123,97.1411718688127,0.05197407079453148,0.25,84.32254254101053,97.1411718688127,107.61557977334806,97.1411718688127,23.293037232337525,0
G1010,input_image.png,F07,ellipse,horizontal,69,97.27542738279067,123,97.27542738279067,0.05197407079453148,0.25,84.33986074491804,97.27542738279067,107.59125258699515,97.27542738279067,23.251391842077098,0
G1011,input_image.png,F07,ellipse,horizontal,69,97.40968289676864,123,97.40968289676864,0.05197407079453148,0.25,84.35715404047639,97.40968289676864,107.56700686767715,97.40968289676864,23.209852827200773,0
G1012,input_image.png,F07,ellipse,horizontal,69,97.5439384107466,123,97.5439384107466,0.05197407079453148,0.25,84.37442248138453,97.5439384107466,107.54284220685219,97.5439384107466,23.168419725467658,0
G1013,input_image.png,F07,ellipse,horizontal,69,97.67819392472457,123,97.67819392472457,0.05197407079453148,0.25,84.39166612118721,97.67819392472457,107.51875819870543,97.67819392472457,23.127092077518203,0
G1014,input_image.png,F07,ellipse,horizontal,69,97.81244943870254,123,97.81244943870254,0.05197407079453148,0.25,84.40888501327551,97.81244943870254,107.49475444012648,97.81244943870254,23.085869426850977,0
G1015,input_image.png,F07,ellipse,horizontal,69,97.9467049526805,123,97.9467049526805,0.05197407079453148,0.25,84.4260792108873,97.9467049526805,107.4708305306869,97.9467049526805,23.0447513197996,0
G1016,input_image.png,F07,ellipse,horizontal,69,98.08096046665847,123,98.08096046665847,0.05197407079453148,0.25,84.45180392105549,98.08096046665847,107.43893793942453,98.08096046665847,22.98713401836904,0
G1017,input_image.png,F07,ellipse,horizontal,69,98.21521598063643,123,98.21521598063643,0.05197407079453148,0.25,84.48309439800343,98.21521598063643,107.40181238536277,98.21521598063643,22.918717987359337,0
G1018,input_image.png,F07,ellipse,horizontal,69,98.3494714946144,123,98.3494714946144,0.05197407079453148,0.25,84.51430891601349,98.3494714946144,107.36474816766638,98.3494714946144,22.850439251652887,0
G1019,input_image.png,F07,ellipse,horizontal,69,98.48372700859237,123,98.48372700859237,0.05197407079453148,0.25,84.54544775134056,98.48372700859237,107.32774513445702,98.48372700859237,22.782297383116457,0
G1020,input_image.png,F07,ellipse,horizontal,69,98.61798252257033,123,98.61798252257033,0.05197407079453148,0.25,84.57651117890158,98.61798252257033,107.2908031343574,98.61798252257033,22.71429195545582,0
G1021,input_image.png,F07,ellipse,horizontal,69,98.75223803654829,123,98.75223803654829,0.05197407079453148,0.25,84.60749947228359,98.75223803654829,107.25392201648918,98.75223803654829,22.64642254420559,0
G1022,input_image.png,F07,ellipse,horizontal,69,98.88649355052627,123,98.88649355052627,0.05197407079453148,0.25,84.63841290375176,98.88649355052627,107.21710163047092,98.88649355052627,22.578688726719157,0
G1023,input_image.png,F07,ellipse,horizontal,69,99.02074906450423,123,99.02074906450423,0.05197407079453148,0.25,84.67121836850504,99.02074906450423,107.1783183148141,99.02074906450423,22.50709994630906,0
G1024,input_image.png,F07,ellipse,horizontal,69,99.15500457848219,123,99.15500457848219,0.05197407079453148,0.25,84.71485721907972,99.15500457848219,107.12829384873487,99.15500457848219,22.413436629655152,0
G1025,input_image.png,F07,ellipse,horizontal,69,99.28926009246015,123,99.28926009246015,0.05197407079453148,0.25,84.75868149418511,99.28926009246015,107.07792519585666,99.28926009246015,22.319243701671546,0
G1026,input_image.png,F07,ellipse,horizontal,69,99.42351560643813,123,99.42351560643813,0.05197407079453148,0.25,84.80269237816013,99.42351560643813,107.02720879171868,99.42351560643813,22.22451641355855,0
G1027,input_image.png,F07,ellipse,horizontal,69,99.55777112041609,123,99.55777112041609,0.05197407079453148,0.25,84.84689106545125,99.55777112041609,106.97366981768982,99.55777112041609,22.126778752238582,0
G1028,input_image.png,F07,ellipse,horizontal,69,99.69202663439405,123,99.69202663439405,0.05197407079453148,0.25,84.89127876072068,99.69202663439405,106.91759540410702,99.69202663439405,22.026316643386338,0
G1029,input_image.png,F07,ellipse,horizontal,69,99.82628214837203,123,99.82628214837203,0.05197407079453148,0.25,84.93585667895576,99.82628214837203,106.86204242822541,99.82628214837203,21.926185749269656,0
G1030,input_image.png,F07,ellipse,horizontal,69,99.96053766234999,123,99.96053766234999,0.05197407079453148,0.25,84.98062604557978,99.96053766234999,106.80700365040794,99.96053766234999,21.82637760482815,0
G1031,input_image.png,F07,ellipse,horizontal,69,100.09479317632795,123,100.09479317632795,0.05197407079453148,0.25,85.03819960234033,100.09479317632795,106.74248297846145,100.09479317632795,21.70428337612113,0
G1032,input_image.png,F07,ellipse,horizontal,69,100.22904869030592,123,100.22904869030592,0.05197407079453148,0.25,85.10176429331223,100.22904869030592,106.67398797899051,100.22904869030592,21.572223685678285,0
G1033,input_image.png,F07,ellipse,horizontal,69,100.36330420428389,123,100.36330420428389,0.05197407079453148,0.25,85.16507779839301,100.36330420428389,106.605621604258,100.36330420428389,21.440543805864984,0
G1034,input_image.png,F07,ellipse,horizontal,69,100.49755971826185,123,100.49755971826185,0.05197407079453148,0.25,85.22814160354761,100.49755971826185,106.5373834922929,100.49755971826185,21.309241888745294,0
G1035,input_image.png,F07,ellipse,horizontal,69,100.63181523223982,123,100.63181523223982,0.05197407079453148,0.25,85.29095718304312,100.63181523223982,106.46927328248111,100.63181523223982,21.17831609943799,0
G1036,input_image.png,F07,ellipse,horizontal,69,100.76607074621778,123,100.76607074621778,0.05197407079453148,0.25,85.35352599956369,100.76607074621778,106.40129061555905,100.76607074621778,21.047764615995366,0
G1037,input_image.png,F07,ellipse,horizontal,69,100.90032626019575,123,100.90032626019575,0.05197407079453148,0.25,85.4158495043241,100.90032626019575,106.33343513360745,100.90032626019575,20.917585629283362,0
G1038,input_image.png,F07,ellipse,horizontal,69,101.03458177417372,123,101.03458177417372,0.05197407079453148,0.25,85.4817766800476,101.03458177417372,106.26175039911647,101.03458177417372,20.779973719068863,0
G1039,input_image.png,F07,ellipse,horizontal,69,101.16883728815168,123,101.16883728815168,0.05197407079453148,0.25,85.55898300052962,101.16883728815168,106.17824987747323,101.16883728815168,20.61926687694361,0
G1040,input_image.png,F07,ellipse,horizontal,69,101.30309280212964,123,101.30309280212964,0.05197407079453148,0.25,85.63663711310251,101.30309280212964,106.09400995406422,101.30309280212964,20.457372840961714,0
G1041,input_image.png,F07,ellipse,vertical,90.33186491328607,69,90.33186491328607,123,0.05197407079453148,0.25,90.33186491328607,86.5551086840549,90.33186491328607,105.7029818521004,19.147873168045493,0
G1042,input_image.png,F07,ellipse,vertical,90.47536200408896,69,90.47536200408896,123,0.05197407079453148,0.25,90.47536200408896,86.4801061118452,90.47536200408896,105.77370943441744,19.29360332257223,0
G1043,input_image.png,F07,ellipse,vertical,90.61885909489185,69,90.61885909489185,123,0.05197407079453148,0.25,90.61885909489185,86.40486962328819,90.61885909489185,105.8448480962494,19.43997847296121,0
G1044,input_image.png,F07,ellipse,vertical,90.76235618569473,69,90.76235618569473,123,0.05197407079453148,0.25,90.76235618569473,86.32939812237514,90.76235618569473,105.91640143192714,19.587003309552,0
G1045,input_image.png,F07,ellipse,vertical,90.90585327649761,69,90.90585327649761,123,0.05197407079453148,0.25,90.90585327649761,86.25369050623951,90.90585327649761,105.98837307780732,19.734682571567806,0
G1046,input_image.png,F07,ellipse,vertical,91.04935036730049,69,91.04935036730049,123,0.05197407079453148,0.25,91.04935036730049,86.18217516113249,91.04935036730049,106.04973106587933,19.867555904746837,0
G1047,input_image.png,F07,ellipse,vertical,91.19284745810339,69,91.19284745810339,123,0.05197407079453148,0.25,91.19284745810339,86.11851514625862,91.19284745810339,106.10195788968579,19.983442743427172,0
G1048,input_image.png,F07,ellipse,vertical,91.33634454890627,69,91.33634454890627,123,0.05197407079453148,0.25,91.33634454890627,86.05407485037733,91.33634454890627,106.15403395776227,20.099959107384944,0
G1049,input_image.png,F07,ellipse,vertical,91.47984163970915,69,91.47984163970915,123,0.05197407079453148,0.25,91.47984163970915,85.99008181980467,91.47984163970915,106.20595992191565,20.215878102110977,0
G1050,input_image.png,F07,ellipse,vertical,91.62333873051203,69,91.62333873051203,123,0.05197407079453148,0.25,91.62333873051203,85.93207275643655,91.62333873051203,106.25773643020068,20.325663673764133,0
G1051,input_image.png,F07,ellipse,vertical,91.76683582131491,69,91.76683582131491,123,0.05197407079453148,0.25,91.76683582131491,85.87450855425199,91.76683582131491,106.30936412694697,20.434855572694985,0
G1052,input_image.png,F07,ellipse,vertical,91.9103329121178,69,91.9103329121178,123,0.05197407079453148,0.25,91.9103329121178,85.81738411545615,91.9103329121178,106.36084365278569,20.543459537329525,0
G1053,input_image.png,F07,ellipse,vertical,92.05383000292069,69,92.05383000292069,123,0.05197407079453148,0.25,92.05383000292069,85.76503194331255,92.05383000292069,106.40782251065386,20.642790567341297,0
G1054,input_image.png,F07,ellipse,vertical,92.19732709372357,69,92.19732709372357,123,0.05197407079453148,0.25,92.19732709372357,85.71990244134656,92.19732709372357,106.44761335237611,20.727710911029547,0
G1055,input_image.png,F07,ellipse,vertical,92.34082418452645,69,92.34082418452645,123,0.05197407079453148,0.25,92.34082418452645,85.6745718586992,92.34082418452645,106.48756374973597,20.812991891036773,0
G1056,input_image.png,F07,ellipse,vertical,92.48432127532934,69,92.48432127532934,123,0.05197407079453148,0.25,92.48432127532934,85.62903884845596,92.48432127532934,106.52767466435465,20.89863581589868,0
G1057,input_image.png,F07,ellipse,vertical,92.62781836613222,69,92.62781836613222,123,0.05197407079453148,0.25,92.62781836613222,85.58330205164597,92.62781836613222,106.56794706559637,20.984645013950413,0
G1058,input_image.png,F07,ellipse,vertical,92.7713154569351,69,92.7713154569351,123,0.05197407079453148,0.25,92.7713154569351,85.5373600971066,92.7713154569351,106.60838193064642,21.071021833539813,0
G1059,input_image.png,F07,ellipse,vertical,92.914812547738,69,92.914812547738,123,0.05197407079453148,0.25,92.914812547738,85.49121160134663,92.914812547738,106.64898024459018,21.157768643243536,0
G1060,input_image.png,F07,ellipse,vertical,93.05830963854088,69,93.05830963854088,123,0.05197407079453148,0.25,93.05830963854088,85.45012360471937,93.05830963854088,106.68442457857267,21.234300973853305,0
G1061,input_image.png,F07,ellipse,vertical,93.20180672934376,69,93.20180672934376,123,0.05197407079453148,0.25,93.20180672934376,85.41655324468458,93.20180672934376,106.71221920913302,21.29566596444845,0
G1062,input_image.png,F07,ellipse,vertical,93.34530382014664,69,93.34530382014664,123,0.05197407079453148,0.25,93.34530382014664,85.38281500642411,93.34530382014664,106.74011564924464,21.35730064282053,0
G1063,input_image.png,F07,ellipse,vertical,93.48880091094952,69,93.48880091094952,123,0.05197407079453148,0.25,93.48880091094952,85.34890762749643,93.48880091094952,106.76811445931443,21.41920683181801,0
G1064,input_image.png,F07,ellipse,vertical,93.63229800175242,69,93.63229800175242,123,0.05197407079453148,0.25,93.63229800175242,85.31482983277014,93.63229800175242,106.79621620386993,21.48138637109979,0
G1065,input_image.png,F07,ellipse,vertical,93.7757950925553,69,93.7757950925553,123,0.05197407079453148,0.25,93.7757950925553,85.2805803342642,93.7757950925553,106.82442145159715,21.543841117332953,0
G1066,input_image.png,F07,ellipse,vertical,93.91929218335818,69,93.91929218335818,123,0.05197407079453148,0.25,93.91929218335818,85.24615783098551,93.91929218335818,106.85273077537892,21.6065729443934,0
G1067,input_image.png,F07,ellipse,vertical,94.06278927416106,69,94.06278927416106,123,0.05197407079453148,0.25,94.06278927416106,85.21711072521677,94.06278927416106,106.8754795893604,21.658368864143615,0
G1068,input_image.png,F07,ellipse,vertical,94.20628636496394,69,94.20628636496394,123,0.05197407079453148,0.25,94.20628636496394,85.1950850234487,94.20628636496394,106.89099585673773,21.695910833289044,0
G1069,input_image.png,F07,ellipse,vertical,94.34978345576683,69,94.34978345576683,123,0.05197407079453148,0.25,94.34978345576683,85.17297145389345,94.34978345576683,106.90653973298609,21.73356827909264,0
G1070,input_image.png,F07,ellipse,vertical,94.49328054656972,69,94.49328054656972,123,0.05197407079453148,0.25,94.49328054656972,85.15076948969977,94.49328054656972,106.92211129185984,21.77134180216005,0
G1071,input_image.png,F07,ellipse,vertical,94.6367776373726,69,94.6367776373726,123,0.05197407079453148,0.25,94.6367776373726,85.12847859979603,94.6367776373726,106.93771060737626,21.809232007580242,0
G1072,input_image.png,F07,ellipse,vertical,94.78027472817548,69,94.78027472817548,123,0.05197407079453148,0.25,94.78027472817548,85.10609824884779,94.78027472817548,106.95333775381685,21.84723950496907,0
G1073,input_image.png,F07,ellipse,vertical,94.92377181897837,69,94.92377181897837,123,0.05197407079453148,0.25,94.92377181897837,85.08362789721504,94.92377181897837,106.9689928057283,21.885364908513264,0
G1074,input_image.png,F07,ellipse,vertical,95.06726890978125,69,95.06726890978125,123,0.05197407079453148,0.25,95.06726890978125,85.0670545966913,95.06726890978125,106.9786574727544,21.911602876063107,0
G1075,input_image.png,F07,ellipse,vertical,95.21076600058414,69,95.21076600058414,123,0.05197407079453148,0.25,95.21076600058414,85.05722738687064,95.21076600058414,106.98150931582528,21.92428192895464,0
G1076,input_image.png,F07,ellipse,vertical,95.35426309138703,69,95.35426309138703,123,0.05197407079453148,0.25,95.35426309138703,85.04737991169354,95.35426309138703,106.98436069698093,21.936980785287393,0
G1077,input_image.png,F07,ellipse,vertical,95.49776018218991,69,95.49776018218991,123,0.05197407079453148,0.25,95.49776018218991,85.03751210840944,95.49776018218991,106.9872116163336,21.949699507924155,0
G1078,input_image.png,F07,ellipse,vertical,95.64125727299279,69,95.64125727299279,123,0.05197407079453148,0.25,95.64125727299279,85.02762391400847,95.64125727299279,106.99006207399545,21.96243815998698,0
G1079,input_image.png,F07,ellipse,vertical,95.78475436379567,69,95.78475436379567,123,0.05197407079453148,0.25,95.78475436379567,85.01771526522003,95.78475436379567,106.99291207007863,21.975196804858594,0
G1080,input_image.png,F07,ellipse,vertical,95.92825145459855,69,95.92825145459855,123,0.05197407079453148,0.25,95.92825145459855,85.00778609851156,95.92825145459855,106.99576160469525,21.987975506183698,0
G1081,input_image.png,F07,ellipse,vertical,96.07174854540145,69,96.07174854540145,123,0.05197407079453148,0.25,96.07174854540145,85.00423839530475,96.07174854540145,106.99221390148844,21.9879755061837,0
G1082,input_image.png,F07,ellipse,vertical,96.21524563620433,69,96.21524563620433,123,0.05197407079453148,0.25,96.21524563620433,85.00708792992137,96.21524563620433,106.98228473477997,21.975196804858598,0
G1083,input_image.png,F07,ellipse,vertical,96.35874272700721,69,96.35874272700721,123,0.05197407079453148,0.25,96.35874272700721,85.00993792600455,96.35874272700721,106.97237608599153,21.96243815998698,0
G1084,input_image.png,F07,ellipse,vertical,96.50223981781009,69,96.50223981781009,123,0.05197407079453148,0.25,96.50223981781009,85.0127883836664,96.50223981781009,106.96248789159057,21.94969950792416,0
G1085,input_image.png,F07,ellipse,vertical,96.64573690861297,69,96.64573690861297,123,0.05197407079453148,0.25,96.64573690861297,85.01563930301907,96.64573690861297,106.95262008830647,21.9369807852874,0
G1086,input_image.png,F07,ellipse,vertical,96.78923399941586,69,96.78923399941586,123,0.05197407079453148,0.25,96.78923399941586,85.01849068417472,96.78923399941586,106.94277261312936,21.92428192895463,0
G1087,input_image.png,F07,ellipse,vertical,96.93273109021875,69,96.93273109021875,123,0.05197407079453148,0.25,96.93273109021875,85.0213425272456,96.93273109021875,106.9329454033087,21.911602876063103,0
G1088,input_image.png,F07,ellipse,vertical,97.07622818102163,69,97.07622818102163,123,0.05197407079453148,0.25,97.07622818102163,85.0310071942717,97.07622818102163,106.91637210278496,21.88536490851326,0
G1089,input_image.png,F07,ellipse,vertical,97.21972527182452,69,97.21972527182452,123,0.05197407079453148,0.25,97.21972527182452,85.04666224618315,97.21972527182452,106.89390175115221,21.84723950496907,0
G1090,input_image.png,F07,ellipse,vertical,97.3632223626274,69,97.3632223626274,123,0.05197407079453148,0.25,97.3632223626274,85.06228939262374,97.3632223626274,106.87152140020397,21.809232007580242,0
G1091,input_image.png,F07,ellipse,vertical,97.50671945343028,69,97.50671945343028,123,0.05197407079453148,0.25,97.50671945343028,85.07788870814018,97.50671945343028,106.84923051030023,21.771341802160048,0
G1092,input_image.png,F07,ellipse,vertical,97.65021654423317,69,97.65021654423317,123,0.05197407079453148,0.25,97.65021654423317,85.09346026701391,97.65021654423317,106.82702854610656,21.733568279092644,0
G1093,input_image.png,F07,ellipse,vertical,97.79371363503606,69,97.79371363503606,123,0.05197407079453148,0.25,97.79371363503606,85.10900414326225,97.79371363503606,106.8049149765513,21.695910833289044,0
G1094,input_image.png,F07,ellipse,vertical,97.93721072583894,69,97.93721072583894,123,0.05197407079453148,0.25,97.93721072583894,85.1245204106396,97.93721072583894,106.78288927478323,21.658368864143615,0
G1095,input_image.png,F07,ellipse,vertical,98.08070781664182,69,98.08070781664182,123,0.05197407079453148,0.25,98.08070781664182,85.14726922462904,98.08070781664182,106.75384216901449,21.606572944385448,0
G1096,input_image.png,F07,ellipse,vertical,98.2242049074447,69,98.2242049074447,123,0.05197407079453148,0.25,98.2242049074447,85.17557854842914,98.2242049074447,106.7194196657358,21.543841117306663,0
G1097,input_image.png,F07,ellipse,vertical,98.36770199824758,69,98.36770199824758,123,0.05197407079453148,0.25,98.36770199824758,85.20378379617999,98.36770199824758,106.68517016722984,21.481386371049854,0
G1098,input_image.png,F07,ellipse,vertical,98.51119908905048,69,98.51119908905048,123,0.05197407079453148,0.25,98.51119908905048,85.23188554076441,98.51119908905048,106.65109237250357,21.41920683173916,0
G1099,input_image.png,F07,ellipse,vertical,98.65469617985336,69,98.65469617985336,123,0.05197407079453148,0.25,98.65469617985336,85.2598843508683,98.65469617985336,106.61718499357589,21.357300642707578,0
G1100,input_image.png,F07,ellipse,vertical,98.79819327065624,69,98.79819327065624,123,0.05197407079453148,0.25,98.79819327065624,85.28778079101916,98.79819327065624,106.5834467553154,21.29566596429625,0
G1101,input_image.png,F07,ellipse,vertical,98.94169036145912,69,98.94169036145912,123,0.05197407079453148,0.25,98.94169036145912,85.31557542162386,98.94169036145912,106.54987639528063,21.234300973656776,0
G1102,input_image.png,F07,ellipse,vertical,99.085187452262,69,99.085187452262,123,0.05197407079453148,0.25,99.085187452262,85.35101975564967,99.085187452262,106.50878839865337,21.157768643003692,0
G1103,input_image.png,F07,ellipse,vertical,99.2286845430649,69,99.2286845430649,123,0.05197407079453148,0.25,99.2286845430649,85.39161806963592,99.2286845430649,106.46263990289339,21.071021833257472,0
G1104,input_image.png,F07,ellipse,vertical,99.37218163386778,69,99.37218163386778,123,0.05197407079453148,0.25,99.37218163386778,85.43205293473135,99.37218163386778,106.41669794835403,20.98464501362269,0
G1105,input_image.png,F07,ellipse,vertical,99.51567872467066,69,99.51567872467066,123,0.05197407079453148,0.25,99.51567872467066,85.4723253360213,99.51567872467066,106.37096115154404,20.898635815522738,0
G1106,input_image.png,F07,ellipse,vertical,99.65917581547355,69,99.65917581547355,123,0.05197407079453148,0.25,99.65917581547355,85.51243625069101,99.65917581547355,106.3254281413008,20.812991890609798,0
G1107,input_image.png,F07,ellipse,vertical,99.80267290627643,69,99.80267290627643,123,0.05197407079453148,0.25,99.80267290627643,85.55238664810466,99.80267290627643,106.28009755865344,20.727710910548776,0
G1108,input_image.png,F07,ellipse,vertical,99.94616999707931,69,99.94616999707931,123,0.05197407079453148,0.25,99.94616999707931,85.59217748988345,99.94616999707931,106.23496805668745,20.64279056680398,0
G1109,input_image.png,F07,ellipse,vertical,100.0896670878822,69,100.0896670878822,123,0.05197407079453148,0.25,100.0896670878822,85.63915634779256,100.0896670878822,106.18261588454385,20.543459536751275,0
G1110,input_image.png,F07,ellipse,vertical,100.23316417868509,69,100.23316417868509,123,0.05197407079453148,0.25,100.23316417868509,85.69063587365957,100.23316417868509,106.12549144574803,20.43485557208844,0
G1111,input_image.png,F07,ellipse,vertical,100.37666126948797,69,100.37666126948797,123,0.05197407079453148,0.25,100.37666126948797,85.74226357043152,100.37666126948797,106.06792724356346,20.32566367313194,0
G1112,input_image.png,F07,ellipse,vertical,100.52015836029085,69,100.52015836029085,123,0.05197407079453148,0.25,100.52015836029085,85.79404007873953,100.52015836029085,106.00991818019534,20.215878101455807,0
G1113,input_image.png,F07,ellipse,vertical,100.66365545109373,69,100.66365545109373,123,0.05197407079453148,0.25,100.66365545109373,85.84596604291319,100.66365545109373,105.9459251496227,20.099959106709502,0
G1114,input_image.png,F07,ellipse,vertical,100.80715254189661,69,100.80715254189661,123,0.05197407079453148,0.25,100.80715254189661,85.89804211100721,100.80715254189661,105.8814848537414,19.98344274273418,0
G1115,input_image.png,F07,ellipse,vertical,100.95064963269951,69,100.95064963269951,123,0.05197407079453148,0.25,100.95064963269951,85.95026893482849,100.95064963269951,105.81782483886752,19.867555904039044,0
G1116,input_image.png,F07,ellipse,vertical,101.09414672350239,69,101.09414672350239,123,0.05197407079453148,0.25,101.09414672350239,86.0116269229347,101.09414672350239,105.7463094937605,19.734682570825814,0
G1117,input_image.png,F07,ellipse,vertical,101.23764381430527,69,101.23764381430527,123,0.05197407079453148,0.25,101.23764381430527,86.08359856865017,101.23764381430527,105.67060187762488,19.587003308974698,0
G1118,input_image.png,F07,ellipse,vertical,101.38114090510815,69,101.38114090510815,123,0.05197407079453148,0.25,101.38114090510815,86.1551519041814,101.38114090510815,105.59513037671182,19.43997847253042,0
G1119,input_image.png,F07,ellipse,vertical,101.52463799591104,69,101.52463799591104,123,0.05197407079453148,0.25,101.52463799591104,86.22629056588474,101.52463799591104,105.5198938881548,19.293603322270062,0
G1120,input_image.png,F07,ellipse,vertical,101.66813508671393,69,101.66813508671393,123,0.05197407079453148,0.25,101.66813508671393,86.29701814809073,101.66813508671393,105.44489131594511,19.147873167854375,0
G1121,input_image.png,F08,rectangle,horizontal,133,89.13296294216869,187,89.13296294216869,0.05197407079453148,0.25,147.60231473260626,89.13296294216869,171.2423645767425,89.13296294216869,23.64004984413623,0
G1122,input_image.png,F08,rectangle,horizontal,133,89.30681198160747,187,89.30681198160747,0.05197407079453148,0.25,147.60901134686685,89.30681198160747,171.2606841929614,89.30681198160747,23.651672846094545,0
G1123,input_image.png,F08,rectangle,horizontal,133,89.48066102104623,187,89.48066102104623,0.05197407079453148,0.25,147.61563207066584,89.48066102104623,171.27913024885132,89.48066102104623,23.66349817818547,0
G1124,input_image.png,F08,rectangle,horizontal,133,89.654510060485,187,89.654510060485,0.05197407079453148,0.25,147.62217818679582,89.654510060485,171.29770405795102,89.654510060485,23.675525871155216,0
G1125,input_image.png,F08,rectangle,horizontal,133,89.82835909992376,187,89.82835909992376,0.05197407079453148,0.25,147.6286509493003,89.82835909992376,171.31640695205718,89.82835909992376,23.68775600275687,0
G1126,input_image.png,F08,rectangle,horizontal,133,90.00220813936254,187,90.00220813936254,0.05197407079453148,0.25,147.63510451991314,90.00220813936254,171.3352301307863,90.00220813936254,23.70012561087315,0
G1127,input_image.png,F08,rectangle,horizontal,133,90.1760571788013,187,90.1760571788013,0.05197407079453148,0.25,147.64558186734777,90.1760571788013,171.35340902407367,90.1760571788013,23.70782715672591,0
G1128,input_image.png,F08,rectangle,horizontal,133,90.34990621824006,187,90.34990621824006,0.05197407079453148,0.25,147.65595026089986,90.34990621824006,171.371747118851,90.34990621824006,23.71579685795114,0
G1129,input_image.png,F08,rectangle,horizontal,133,90.52375525767883,187,90.52375525767883,0.05197407079453148,0.25,147.6662113912948,90.52375525767883,171.3902465156242,90.52375525767883,23.724035124329415,0
G1130,input_image.png,F08,rectangle,horizontal,133,90.6976042971176,187,90.6976042971176,0.05197407079453148,0.25,147.6763669144562,90.6976042971176,171.40890935201463,90.6976042971176,23.732542437558447,0
G1131,input_image.png,F08,rectangle,horizontal,133,90.87145333655637,187,90.87145333655637,0.05197407079453148,0.25,147.6864184523967,90.87145333655637,171.42773780358235,90.87145333655637,23.741319351185638,0
G1132,input_image.png,F08,rectangle,horizontal,133,91.04530237599513,187,91.04530237599513,0.05197407079453148,0.25,147.69690134002715,91.04530237599513,171.44645604499448,91.04530237599513,23.749554704967316,0
G1133,input_image.png,F08,rectangle,horizontal,133,91.2191514154339,187,91.2191514154339,0.05197407079453148,0.25,147.7087953357835,91.2191514154339,171.4645511746906,91.2191514154339,23.7557558389071,0
G1134,input_image.png,F08,rectangle,horizontal,133,91.39300045487266,187,91.39300045487266,0.05197407079453148,0.25,147.72058582266658,91.39300045487266,171.48281189945175,91.39300045487266,23.76222607678516,0
G1135,input_image.png,F08,rectangle,horizontal,133,91.56684949431144,187,91.56684949431144,0.05197407079453148,0.25,147.7322741460193,91.56684949431144,171.50124050285717,91.56684949431144,23.768966356837872,0
G1136,input_image.png,F08,rectangle,horizontal,133,91.7406985337502,187,91.7406985337502,0.05197407079453148,0.25,147.7438616279706,91.7406985337502,171.51983931066792,91.7406985337502,23.77597768269731,0
G1137,input_image.png,F08,rectangle,horizontal,133,91.91454757318897,187,91.91454757318897,0.05197407079453148,0.25,147.75534956793396,91.91454757318897,171.5386106918052,91.91454757318897,23.78326112387122,0
G1138,input_image.png,F08,rectangle,horizontal,133,92.08839661262773,187,92.08839661262773,0.05197407079453148,0.25,147.76712681125494,92.08839661262773,171.55663218055844,92.08839661262773,23.789505369303487,0
G1139,input_image.png,F08,rectangle,horizontal,133,92.26224565206651,187,92.26224565206651,0.05197407079453148,0.25,147.77919809315097,92.26224565206651,171.57389955206676,92.26224565206651,23.794701458915778,0
G1140,input_image.png,F08,rectangle,horizontal,133,92.43609469150528,187,92.43609469150528,0.05197407079453148,0.25,147.79119487962987,92.43609469150528,171.5912962748858,92.43609469150528,23.80010139525592,0
G1141,input_image.png,F08,rectangle,horizontal,133,92.60994373094404,187,92.60994373094404,0.05197407079453148,0.25,147.80311785816986,92.60994373094404,171.6088238079521,92.60994373094404,23.80570594978223,0
G1142,input_image.png,F08,rectangle,horizontal,133,92.7837927703828,187,92.7837927703828,0.05197407079453148,0.25,147.81496770781604,92.7837927703828,171.6264836322253,92.7837927703828,23.81151592440927,0
G1143,input_image.png,F08,rectangle,horizontal,133,92.95764180982158,187,92.95764180982158,0.05197407079453148,0.25,147.82674509930908,92.95764180982158,171.6442772511051,92.95764180982158,23.81753215179605,0
G1144,input_image.png,F08,rectangle,horizontal,133,93.13149084926035,187,93.13149084926035,0.05197407079453148,0.25,147.839020906314,93.13149084926035,171.6612664177003,93.13149084926035,23.822245511386285,0
G1145,input_image.png,F08,rectangle,horizontal,133,93.30533988869911,187,93.30533988869911,0.05197407079453148,0.25,147.8514287632053,93.30533988869911,171.67807039415857,93.30533988869911,23.82664163095327,0
G1146,input_image.png,F08,rectangle,horizontal,133,93.47918892813787,187,93.47918892813787,0.05197407079453148,0.25,147.8637880059745,93.47918892813787,171.6949904576125,93.47918892813787,23.831202451637985,0
G1147,input_image.png,F08,rectangle,horizontal,133,93.65303796757664,187,93.65303796757664,0.05197407079453148,0.25,147.87609891976905,93.65303796757664,171.7120278151782,93.65303796757664,23.835928895409168,0
G1148,input_image.png,F08,rectangle,horizontal,133,93.82688700701542,187,93.82688700701542,0.05197407079453148,0.25,147.88836178751063,93.82688700701542,171.72918369076615,93.82688700701542,23.840821903255524,0
G1149,input_image.png,F08,rectangle,horizontal,133,94.00073604645418,187,94.00073604645418,0.05197407079453148,0.25,147.90057943489535,94.00073604645418,171.74645605253625,94.00073604645418,23.84587661764091,0
G1150,input_image.png,F08,rectangle,horizontal,133,94.17458508589294,187,94.17458508589294,0.05197407079453148,0.25,147.9133573480279,94.17458508589294,171.76307793732136,94.17458508589294,23.84972058929346,0
G1151,input_image.png,F08,rectangle,horizontal,133,94.3484341253317,187,94.3484341253317,0.05197407079453148,0.25,147.92610623791433,94.3484341253317,171.77981862823228,94.3484341253317,23.85371239031796,0
G1152,input_image.png,F08,rectangle,horizontal,133,94.52228316477049,187,94.52228316477049,0.05197407079453148,0.25,147.9388262033258,94.52228316477049,171.79667940360056,94.52228316477049,23.857853200274775,0
G1153,input_image.png,F08,rectangle,horizontal,133,94.69613220420925,187,94.69613220420925,0.05197407079453148,0.25,147.95151734258587,94.69613220420925,171.8136615601633,94.69613220420925,23.86214421757742,0
G1154,input_image.png,F08,rectangle,horizontal,133,94.86998124364801,187,94.86998124364801,0.05197407079453148,0.25,147.96417975357292,94.86998124364801,171.83076641339545,94.86998124364801,23.866586659822516,0
G1155,input_image.png,F08,rectangle,horizontal,133,95.04383028308678,187,95.04383028308678,0.05197407079453148,0.25,147.97697608117898,95.04383028308678,171.8477489596399,95.04383028308678,23.87077287846089,0
G1156,input_image.png,F08,rectangle,horizontal,133,95.21767932252554,187,95.21767932252554,0.05197407079453148,0.25,147.9902345808282,95.21767932252554,171.8641200830049,95.21767932252554,23.8738855021767,0
G1157,input_image.png,F08,rectangle,horizontal,133,95.39152836196432,187,95.39152836196432,0.05197407079453148,0.25,148.00429458842453,95.39152836196432,171.88060817397397,95.39152836196432,23.876313585549436,0
G1158,input_image.png,F08,rectangle,horizontal,133,95.56537740140308,187,95.56537740140308,0.05197407079453148,0.25,148.0205664780425,95.56537740140308,171.89721449059792,95.56537740140308,23.876648012555428,0
G1159,input_image.png,F08,rectangle,horizontal,133,95.73922644084185,187,95.73922644084185,0.05197407079453148,0.25,148.03672298204657,95.73922644084185,171.91394030903396,95.73922644084185,23.877217326987378,0
G1160,input_image.png,F08,rectangle,horizontal,133,95.91307548028061,187,95.91307548028061,0.05197407079453148,0.25,148.0527653234172,95.91307548028061,171.9307869238724,95.91307548028061,23.878021600455217,0
G1161,input_image.png,F08,rectangle,horizontal,133,96.08692451971939,187,96.08692451971939,0.05197407079453148,0.25,148.0692130762449,96.08692451971939,171.94723467687146,96.08692451971939,23.878021600626553,0
G1162,input_image.png,F08,rectangle,horizontal,133,96.26077355915815,187,96.26077355915815,0.05197407079453148,0.25,148.08605969091138,96.26077355915815,171.96327701841733,96.26077355915815,23.877217327505953,0
G1163,input_image.png,F08,rectangle,horizontal,133,96.43462259859692,187,96.43462259859692,0.05197407079453148,0.25,148.1027855091752,96.43462259859692,171.97943352260265,96.43462259859692,23.876648013427445,0
G1164,input_image.png,F08,rectangle,horizontal,133,96.60847163803568,187,96.60847163803568,0.05197407079453148,0.25,148.11939182562676,96.60847163803568,171.99570541240791,96.60847163803568,23.876313586781173,0
G1165,input_image.png,F08,rectangle,horizontal,133,96.78232067747446,187,96.78232067747446,0.05197407079453148,0.25,148.13587991642322,96.78232067747446,172.00976542003366,96.78232067747446,23.873885503610417,0
G1166,input_image.png,F08,rectangle,horizontal,133,96.95616971691322,187,96.95616971691322,0.05197407079453148,0.25,148.15225103961552,96.95616971691322,172.0230239198824,96.95616971691322,23.870772880266884,0
G1167,input_image.png,F08,rectangle,horizontal,133,97.13001875635199,187,97.13001875635199,0.05197407079453148,0.25,148.16923358586067,97.13001875635199,172.0358202475343,97.13001875635199,23.866586661673633,0
G1168,input_image.png,F08,rectangle,horizontal,133,97.30386779579075,187,97.30386779579075,0.05197407079453148,0.25,148.1863384391498,97.30386779579075,172.04848265851817,97.30386779579075,23.86214421936836,0
G1169,input_image.png,F08,rectangle,horizontal,133,97.47771683522951,187,97.47771683522951,0.05197407079453148,0.25,148.20332059576705,97.47771683522951,172.0611737977781,97.47771683522951,23.85785320201108,0
G1170,input_image.png,F08,rectangle,horizontal,133,97.6515658746683,187,97.6515658746683,0.05197407079453148,0.25,148.2201813711874,97.6515658746683,172.0738937631926,97.6515658746683,23.85371239200517,0
G1171,input_image.png,F08,rectangle,horizontal,133,97.82541491410706,187,97.82541491410706,0.05197407079453148,0.25,148.23692206214798,97.82541491410706,172.08664265308505,97.82541491410706,23.849720590937068,0
G1172,input_image.png,F08,rectangle,horizontal,133,97.99926395354582,187,97.99926395354582,0.05197407079453148,0.25,148.25354394698044,97.99926395354582,172.09942056622683,97.99926395354582,23.84587661924639,0
G1173,input_image.png,F08,rectangle,horizontal,133,98.17311299298458,187,98.17311299298458,0.05197407079453148,0.25,148.27081630901236,98.17311299298458,172.1116382135646,98.17311299298458,23.840821904552215,0
G1174,input_image.png,F08,rectangle,horizontal,133,98.34696203242336,187,98.34696203242336,0.05197407079453148,0.25,148.2879721848591,98.34696203242336,172.12390108126428,98.34696203242336,23.835928896405186,0
G1175,input_image.png,F08,rectangle,horizontal,133,98.52081107186213,187,98.52081107186213,0.05197407079453148,0.25,148.3050095426797,98.52081107186213,172.13621199502234,98.52081107186213,23.83120245234263,0
G1176,input_image.png,F08,rectangle,horizontal,133,98.69466011130089,187,98.69466011130089,0.05197407079453148,0.25,148.32192960638466,98.69466011130089,172.1485712377605,98.69466011130089,23.826641631375843,0
G1177,input_image.png,F08,rectangle,horizontal,133,98.86850915073965,187,98.86850915073965,0.05197407079453148,0.25,148.33873358309017,98.86850915073965,172.16097909462627,98.86850915073965,23.822245511536096,0
G1178,input_image.png,F08,rectangle,horizontal,133,99.04235819017842,187,99.04235819017842,0.05197407079453148,0.25,148.3557227498326,99.04235819017842,172.17325490163176,99.04235819017842,23.81753215179915,0
G1179,input_image.png,F08,rectangle,horizontal,133,99.2162072296172,187,99.2162072296172,0.05197407079453148,0.25,148.3735163685645,99.2162072296172,172.18503229319163,99.2162072296172,23.81151592462711,0
G1180,input_image.png,F08,rectangle,horizontal,133,99.39005626905596,187,99.39005626905596,0.05197407079453148,0.25,148.39117619269766,99.39005626905596,172.1968821429054,99.39005626905596,23.805705950207724,0
G1181,input_image.png,F08,rectangle,horizontal,133,99.56390530849472,187,99.56390530849472,0.05197407079453148,0.25,148.40870372563163,99.56390530849472,172.20880512151382,99.56390530849472,23.80010139588218,0
G1182,input_image.png,F08,rectangle,horizontal,133,99.73775434793349,187,99.73775434793349,0.05197407079453148,0.25,148.42610044832585,99.73775434793349,172.22080190806193,99.73775434793349,23.794701459736093,0
G1183,input_image.png,F08,rectangle,horizontal,133,99.91160338737227,187,99.91160338737227,0.05197407079453148,0.25,148.44336781971674,99.91160338737227,172.23287319002804,99.91160338737227,23.78950537031129,0
G1184,input_image.png,F08,rectangle,horizontal,133,100.08545242681103,187,100.08545242681103,0.05197407079453148,0.25,148.46138930843804,100.08545242681103,172.24465043345614,100.08545242681103,23.7832611250181,0
G1185,input_image.png,F08,rectangle,horizontal,133,100.2593014662498,187,100.2593014662498,0.05197407079453148,0.25,148.48016068961772,100.2593014662498,172.25613837356326,100.2593014662498,23.77597768394554,0
G1186,input_image.png,F08,rectangle,horizontal,133,100.43315050568856,187,100.43315050568856,0.05197407079453148,0.25,148.49875949745984,100.43315050568856,172.26772585565686,100.43315050568856,23.768966358196998,0
G1187,input_image.png,F08,rectangle,horizontal,133,100.60699954512734,187,100.60699954512734,0.05197407079453148,0.25,148.51718810088596,100.60699954512734,172.27941417915034,100.60699954512734,23.76222607826439,0
G1188,input_image.png,F08,rectangle,horizontal,133,100.7808485845661,187,100.7808485845661,0.05197407079453148,0.25,148.53544882565734,100.7808485845661,172.2912046661726,100.7808485845661,23.755755840515278,0
G1189,input_image.png,F08,rectangle,horizontal,133,100.95469762400487,187,100.95469762400487,0.05197407079453148,0.25,148.55354395535355,100.95469762400487,172.3030986620665,100.95469762400487,23.749554706712964,0
G1190,input_image.png,F08,rectangle,horizontal,133,101.12854666344363,187,101.12854666344363,0.05197407079453148,0.25,148.57226219673547,101.12854666344363,172.31358154969485,101.12854666344363,23.7413193529594,0
G1191,input_image.png,F08,rectangle,horizontal,133,101.3023957028824,187,101.3023957028824,0.05197407079453148,0.25,148.59109064825978,101.3023957028824,172.32363308758266,101.3023957028824,23.732542439322906,0
G1192,input_image.png,F08,rectangle,horizontal,133,101.47624474232117,187,101.47624474232117,0.05197407079453148,0.25,148.60975348460153,101.47624474232117,172.33378861068928,101.47624474232117,23.72403512608776,0
G1193,input_image.png,F08,rectangle,horizontal,133,101.65009378175994,187,101.65009378175994,0.05197407079453148,0.25,148.62825288132095,101.65009378175994,172.34404974102733,101.65009378175994,23.715796859706376,0
G1194,input_image.png,F08,rectangle,horizontal,133,101.8239428211987,187,101.8239428211987,0.05197407079453148,0.25,148.64659097603945,101.8239428211987,172.3544181345203,101.8239428211987,23.707827158480846,0
G1195,input_image.png,F08,rectangle,horizontal,133,101.99779186063746,187,101.99779186063746,0.05197407079453148,0.25,148.66476986926315,101.99779186063746,172.36489548189357,101.99779186063746,23.7001256126304,0
G1196,input_image.png,F08,rectangle,horizontal,133,102.17164090007624,187,102.17164090007624,0.05197407079453148,0.25,148.6835930479992,102.17164090007624,172.37134905251827,102.17164090007624,23.687756004519063,0
G1197,input_image.png,F08,rectangle,horizontal,133,102.345489939515,187,102.345489939515,0.05197407079453148,0.25,148.70229594211102,102.345489939515,172.3778218150363,102.345489939515,23.67552587292529,0
G1198,input_image.png,F08,rectangle,horizontal,133,102.51933897895377,187,102.51933897895377,0.05197407079453148,0.25,148.72086975121422,102.51933897895377,172.38436793118058,102.51933897895377,23.66349817996634,0
G1199,input_image.png,F08,rectangle,horizontal,133,102.69318801839253,187,102.69318801839253,0.05197407079453148,0.25,148.7393158071055,102.69318801839253,172.39098865499463,102.69318801839253,23.65167284788912,0
G1200,input_image.png,F08,rectangle,horizontal,133,102.86703705783131,187,102.86703705783131,0.05197407079453148,0.25,148.75763542332373,102.86703705783131,172.3976852692711,102.86703705783131,23.64004984594738,0
G1201,input_image.png,F08,rectangle,vertical,154.1389206419837,69,154.1389206419837,123,0.05197407079453148,0.25,154.1389206419837,82.44193464003685,154.1389206419837,110.41244178221888,27.97050714218204,0
G1202,input_image.png,F08,rectangle,vertical,154.28730239788285,69,154.28730239788285,123,0.05197407079453148,0.25,154.28730239788285,82.42279404408698,154.28730239788285,110.41657791711823,27.99378387303125,0
G1203,input_image.png,F08,rectangle,vertical,154.435684153782,69,154.435684153782,123,0.05197407079453148,0.25,154.435684153782,82.40357181112067,154.435684153782,110.42067334151704,28.017101530396374,0
G1204,input_image.png,F08,rectangle,vertical,154.58406590968116,69,154.58406590968116,123,0.05197407079453148,0.25,154.58406590968116,82.3842674177337,154.58406590968116,110.42472865352025,28.040461235786545,0
G1205,input_image.png,F08,rectangle,vertical,154.73244766558028,69,154.73244766558028,123,0.05197407079453148,0.25,154.73244766558028,82.364880336038,154.73244766558028,110.42874443957366,28.06386410353567,0
G1206,input_image.png,F08,rectangle,vertical,154.88082942147943,69,154.88082942147943,123,0.05197407079453148,0.25,154.88082942147943,82.34541003361345,154.88082942147943,110.43272127474674,28.0873112411333,0
G1207,input_image.png,F08,rectangle,vertical,155.02921117737858,69,155.02921117737858,123,0.05197407079453148,0.25,155.02921117737858,82.32634588444444,155.02921117737858,110.435163254695,28.10881737025057,0
G1208,input_image.png,F08,rectangle,vertical,155.17759293327774,69,155.17759293327774,123,0.05197407079453148,0.25,155.17759293327774,82.30919535404165,155.17759293327774,110.4315070245716,28.122311670529953,0
G1209,input_image.png,F08,rectangle,vertical,155.3259746891769,69,155.3259746891769,123,0.05197407079453148,0.25,155.3259746891769,82.29195867987013,155.3259746891769,110.42788731329085,28.13592863342071,0
G1210,input_image.png,F08,rectangle,vertical,155.474356445076,69,155.474356445076,123,0.05197407079453148,0.25,155.474356445076,82.2746352112708,155.474356445076,110.42430357644001,28.149668365169212,0
G1211,input_image.png,F08,rectangle,vertical,155.62273820097516,69,155.62273820097516,123,0.05197407079453148,0.25,155.62273820097516,82.25722429101529,155.62273820097516,110.42075528037415,28.163530989358872,0
G1212,input_image.png,F08,rectangle,vertical,155.77111995687432,69,155.77111995687432,123,0.05197407079453148,0.25,155.77111995687432,82.23972525522288,155.77111995687432,110.4172419019512,28.177516646728336,0
G1213,input_image.png,F08,rectangle,vertical,155.91950171277347,69,155.91950171277347,123,0.05197407079453148,0.25,155.91950171277347,82.22213743327606,155.91950171277347,110.41376292827479,28.191625494998732,0
G1214,input_image.png,F08,rectangle,vertical,156.06788346867262,69,156.06788346867262,123,0.05197407079453148,0.25,156.06788346867262,82.20531453418701,156.06788346867262,110.40821081653954,28.202896282352526,0
G1215,input_image.png,F08,rectangle,vertical,156.21626522457177,69,156.21626522457177,123,0.05197407079453148,0.25,156.21626522457177,82.1894166443609,156.21626522457177,110.40022412197607,28.21080747761515,0
G1216,input_image.png,F08,rectangle,vertical,156.3646469804709,69,156.3646469804709,123,0.05197407079453148,0.25,156.3646469804709,82.17343063021208,156.3646469804709,110.39231187582945,28.218881245617382,0
G1217,input_image.png,F08,rectangle,vertical,156.51302873637005,69,156.51302873637005,123,0.05197407079453148,0.25,156.51302873637005,82.15735575697508,156.51302873637005,110.38447304196634,28.22711728499126,0
G1218,input_image.png,F08,rectangle,vertical,156.6614104922692,69,156.6614104922692,123,0.05197407079453148,0.25,156.6614104922692,82.14119128169327,156.6614104922692,110.37670660339165,28.235515321698387,0
G1219,input_image.png,F08,rectangle,vertical,156.80979224816835,69,156.80979224816835,123,0.05197407079453148,0.25,156.80979224816835,82.12493645310431,156.80979224816835,110.36901156180889,28.24407510870458,0
G1220,input_image.png,F08,rectangle,vertical,156.9581740040675,69,156.9581740040675,123,0.05197407079453148,0.25,156.9581740040675,82.10859051152376,156.9581740040675,110.36138693719222,28.252796425668457,0
G1221,input_image.png,F08,rectangle,vertical,157.10655575996662,69,157.10655575996662,123,0.05197407079453148,0.25,157.10655575996662,82.09332781576877,157.10655575996662,110.35195224647651,28.25862443070775,0
G1222,input_image.png,F08,rectangle,vertical,157.25493751586578,69,157.25493751586578,123,0.05197407079453148,0.25,157.25493751586578,82.07844143834508,157.25493751586578,110.34186296299028,28.263421524645192,0
G1223,input_image.png,F08,rectangle,vertical,157.40331927176493,69,157.40331927176493,123,0.05197407079453148,0.25,157.40331927176493,82.06347065618252,157.40331927176493,110.33185819279228,28.26838753660977,0
G1224,input_image.png,F08,rectangle,vertical,157.55170102766408,69,157.55170102766408,123,0.05197407079453148,0.25,157.55170102766408,82.04841474938658,157.55170102766408,110.32193687841809,28.273522129031495,0
G1225,input_image.png,F08,rectangle,vertical,157.70008278356323,69,157.70008278356323,123,0.05197407079453148,0.25,157.70008278356323,82.03327298985272,157.70008278356323,110.3120979799718,28.27882499011907,0
G1226,input_image.png,F08,rectangle,vertical,157.84846453946238,69,157.84846453946238,123,0.05197407079453148,0.25,157.84846453946238,82.01804464114896,157.84846453946238,110.30234047476284,28.28429583361389,0
G1227,input_image.png,F08,rectangle,vertical,157.9968462953615,69,157.9968462953615,123,0.05197407079453148,0.25,157.9968462953615,82.00272895839649,157.9968462953615,110.29266335695158,28.289934398555097,0
G1228,input_image.png,F08,rectangle,vertical,158.14522805126066,69,158.14522805126066,123,0.05197407079453148,0.25,158.14522805126066,81.99070381773835,158.14522805126066,110.28195306289334,28.29124924515498,0
G1229,input_image.png,F08,rectangle,vertical,158.2936098071598,69,158.2936098071598,123,0.05197407079453148,0.25,158.2936098071598,81.97920643350605,158.2936098071598,110.27129071656532,28.292084283059264,0
G1230,input_image.png,F08,rectangle,vertical,158.44199156305896,69,158.44199156305896,123,0.05197407079453148,0.25,158.44199156305896,81.96769367095196,158.44199156305896,110.2606996858194,28.293006014867444,0
G1231,input_image.png,F08,rectangle,vertical,158.59037331895811,69,158.59037331895811,123,0.05197407079453148,0.25,158.59037331895811,81.95616549920152,158.59037331895811,110.25017925754422,28.294013758342693,0
G1232,input_image.png,F08,rectangle,vertical,158.73875507485727,69,158.73875507485727,123,0.05197407079453148,0.25,158.73875507485727,81.9446218872975,158.73875507485727,110.23972872810437,28.295106840806874,0
G1233,input_image.png,F08,rectangle,vertical,158.8871368307564,69,158.8871368307564,123,0.05197407079453148,0.25,158.8871368307564,81.93306280419964,158.8871368307564,110.22934740318355,28.296284598983913,0
G1234,input_image.png,F08,rectangle,vertical,159.03551858665554,69,159.03551858665554,123,0.05197407079453148,0.25,159.03551858665554,81.92164851528891,159.03551858665554,110.21891645981322,28.297267944524307,0
G1235,input_image.png,F08,rectangle,vertical,159.1839003425547,69,159.1839003425547,123,0.05197407079453148,0.25,159.1839003425547,81.91071918532887,159.1839003425547,110.2081671744978,28.29744798916893,0
G1236,input_image.png,F08,rectangle,vertical,159.33228209845385,69,159.33228209845385,123,0.05197407079453148,0.25,159.33228209845385,81.89975992069294,159.33228209845385,110.19746788380027,28.29770796310732,0
G1237,input_image.png,F08,rectangle,vertical,159.480663854353,69,159.480663854353,123,0.05197407079453148,0.25,159.480663854353,81.88877059822897,159.480663854353,110.18681823974451,28.298047641515538,0
G1238,input_image.png,F08,rectangle,vertical,159.62904561025212,69,159.62904561025212,123,0.05197407079453148,0.25,159.62904561025212,81.87775109410835,159.62904561025212,110.17621789757632,28.298466803467974,0
G1239,input_image.png,F08,rectangle,vertical,159.77742736615127,69,159.77742736615127,123,0.05197407079453148,0.25,159.77742736615127,81.86670128382134,159.77742736615127,110.16566651572614,28.2989652319048,0
G1240,input_image.png,F08,rectangle,vertical,159.92580912205042,69,159.92580912205042,123,0.05197407079453148,0.25,159.92580912205042,81.8556210421724,159.92580912205042,110.15516375577239,28.299542713599983,0
G1241,input_image.png,F08,rectangle,vertical,160.07419087794958,69,160.07419087794958,123,0.05197407079453148,0.25,160.07419087794958,81.84483621854842,160.07419087794958,110.14437893244997,28.299542713901545,0
G1242,input_image.png,F08,rectangle,vertical,160.22257263384873,69,160.22257263384873,123,0.05197407079453148,0.25,160.22257263384873,81.83433345848175,160.22257263384873,110.13329869128988,28.29896523280813,0
G1243,input_image.png,F08,rectangle,vertical,160.37095438974788,69,160.37095438974788,123,0.05197407079453148,0.25,160.37095438974788,81.82378207651719,160.37095438974788,110.12224888148847,28.298466804971287,0
G1244,input_image.png,F08,rectangle,vertical,160.519336145647,69,160.519336145647,123,0.05197407079453148,0.25,160.519336145647,81.81318173423315,160.519336145647,110.11122937785026,28.2980476436171,0
G1245,input_image.png,F08,rectangle,vertical,160.66771790154615,69,160.66771790154615,123,0.05197407079453148,0.25,160.66771790154615,81.80253209006007,160.66771790154615,110.1002400558655,28.29770796580543,0
G1246,input_image.png,F08,rectangle,vertical,160.8160996574453,69,160.8160996574453,123,0.05197407079453148,0.25,160.8160996574453,81.79183279924369,160.8160996574453,110.08928079170562,28.297447992461922,0
G1247,input_image.png,F08,rectangle,vertical,160.96448141334446,69,160.96448141334446,123,0.05197407079453148,0.25,160.96448141334446,81.78108351380793,160.96448141334446,110.07835146221848,28.297267948410557,0
G1248,input_image.png,F08,rectangle,vertical,161.1128631692436,69,161.1128631692436,123,0.05197407079453148,0.25,161.1128631692436,81.77065257046411,161.1128631692436,110.06693717395002,28.296284603485915,0
G1249,input_image.png,F08,rectangle,vertical,161.26124492514273,69,161.26124492514273,123,0.05197407079453148,0.25,161.26124492514273,81.76027124561995,161.26124492514273,110.0553780915431,28.29510684592316,0
G1250,input_image.png,F08,rectangle,vertical,161.40962668104189,69,161.40962668104189,123,0.05197407079453148,0.25,161.40962668104189,81.74982071626094,161.40962668104189,110.04383448032411,28.294013764063177,0
G1251,input_image.png,F08,rectangle,vertical,161.55800843694104,69,161.55800843694104,123,0.05197407079453148,0.25,161.55800843694104,81.73930028807085,161.55800843694104,110.03230630925282,28.293006021181952,0
G1252,input_image.png,F08,rectangle,vertical,161.7063901928402,69,161.7063901928402,123,0.05197407079453148,0.25,161.7063901928402,81.7287092574144,161.7063901928402,110.02079354737198,28.292084289957593,0
G1253,input_image.png,F08,rectangle,vertical,161.85477194873934,69,161.85477194873934,123,0.05197407079453148,0.25,161.85477194873934,81.71804691118025,161.85477194873934,110.00929616380708,28.291249252626834,0
G1254,input_image.png,F08,rectangle,vertical,162.0031537046385,69,162.0031537046385,123,0.05197407079453148,0.25,162.0031537046385,81.70733661722382,162.0031537046385,109.99727101957157,28.289934402347757,0
G1255,input_image.png,F08,rectangle,vertical,162.15153546053762,69,162.15153546053762,123,0.05197407079453148,0.25,162.15153546053762,81.69765949967885,162.15153546053762,109.98195533749475,28.284295837815908,0
G1256,input_image.png,F08,rectangle,vertical,162.29991721643677,69,162.29991721643677,123,0.05197407079453148,0.25,162.29991721643677,81.68790199474455,162.29991721643677,109.96672698945991,28.27882499471536,0
G1257,input_image.png,F08,rectangle,vertical,162.44829897233592,69,162.44829897233592,123,0.05197407079453148,0.25,162.44829897233592,81.67806309658145,162.44829897233592,109.95158523058835,28.273522134006896,0
G1258,input_image.png,F08,rectangle,vertical,162.59668072823507,69,162.59668072823507,123,0.05197407079453148,0.25,162.59668072823507,81.66814178249915,162.59668072823507,109.93652932444814,28.268387541949004,0
G1259,input_image.png,F08,rectangle,vertical,162.74506248413422,69,162.74506248413422,123,0.05197407079453148,0.25,162.74506248413422,81.65813701260196,162.74506248413422,109.92155854293483,28.26342153033287,0
G1260,input_image.png,F08,rectangle,vertical,162.89344424003338,69,162.89344424003338,123,0.05197407079453148,0.25,162.89344424003338,81.64804772942561,162.89344424003338,109.90667216615401,28.258624436728386,0
G1261,input_image.png,F08,rectangle,vertical,163.0418259959325,69,163.0418259959325,123,0.05197407079453148,0.25,163.0418259959325,81.63861303905871,163.0418259959325,109.89140947109436,28.252796432035655,0
G1262,input_image.png,F08,rectangle,vertical,163.19020775183165,69,163.19020775183165,123,0.05197407079453148,0.25,163.19020775183165,81.63098841487557,163.19020775183165,109.87506353034296,28.244075115467382,0
G1263,input_image.png,F08,rectangle,vertical,163.3385895077308,69,163.3385895077308,123,0.05197407079453148,0.25,163.3385895077308,81.62329337373588,163.3385895077308,109.85880870256179,28.235515328825908,0
G1264,input_image.png,F08,rectangle,vertical,163.48697126362995,69,163.48697126362995,123,0.05197407079453148,0.25,163.48697126362995,81.61552693561403,163.48697126362995,109.84264422806675,28.227117292452718,0
G1265,input_image.png,F08,rectangle,vertical,163.6353530195291,69,163.6353530195291,123,0.05197407079453148,0.25,163.6353530195291,81.6076881022137,163.6353530195291,109.82656935559581,28.218881253382115,0
G1266,input_image.png,F08,rectangle,vertical,163.78373477542823,69,163.78373477542823,123,0.05197407079453148,0.25,163.78373477542823,81.59977585654006,163.78373477542823,109.81058334219261,28.21080748565255,0
G1267,input_image.png,F08,rectangle,vertical,163.93211653132738,69,163.93211653132738,123,0.05197407079453148,0.25,163.93211653132738,81.59178916245997,163.93211653132738,109.79468545309206,28.202896290632083,0
G1268,input_image.png,F08,rectangle,vertical,164.08049828722653,69,164.08049828722653,123,0.05197407079453148,0.25,164.08049828722653,81.58623705117826,164.08049828722653,109.77786255472554,28.19162550354728,0
G1269,input_image.png,F08,rectangle,vertical,164.22888004312568,69,164.22888004312568,123,0.05197407079453148,0.25,164.22888004312568,81.58275807792832,164.22888004312568,109.76027473350157,28.177516655573257,0
G1270,input_image.png,F08,rectangle,vertical,164.37726179902484,69,164.37726179902484,123,0.05197407079453148,0.25,164.37726179902484,81.57924469993787,164.37726179902484,109.74277569841998,28.163530998482106,0
G1271,input_image.png,F08,rectangle,vertical,164.525643554924,69,164.525643554924,123,0.05197407079453148,0.25,164.525643554924,81.57569640431069,164.525643554924,109.72536477886341,28.149668374552725,0
G1272,input_image.png,F08,rectangle,vertical,164.6740253108231,69,164.6740253108231,123,0.05197407079453148,0.25,164.6740253108231,81.5721126679048,164.6740253108231,109.70804131095127,28.135928643046483,0
G1273,input_image.png,F08,rectangle,vertical,164.82240706672226,69,164.82240706672226,123,0.05197407079453148,0.25,164.82240706672226,81.56849295707538,164.82240706672226,109.69080463745541,28.12231168038003,0
G1274,input_image.png,F08,rectangle,vertical,164.97078882262142,69,164.97078882262142,123,0.05197407079453148,0.25,164.97078882262142,81.56483672740985,164.97078882262142,109.67365410771683,28.10881738030698,0
G1275,input_image.png,F08,rectangle,vertical,165.11917057852057,69,165.11917057852057,123,0.05197407079453148,0.25,165.11917057852057,81.56727870793347,165.11917057852057,109.65458995900221,28.08731125106874,0
G1276,input_image.png,F08,rectangle,vertical,165.26755233441972,69,165.26755233441972,123,0.05197407079453148,0.25,165.26755233441972,81.57125554371339,165.26755233441972,109.63511965697248,28.063864113259086,0
G1277,input_image.png,F08,rectangle,vertical,165.41593409031884,69,165.41593409031884,123,0.05197407079453148,0.25,165.41593409031884,81.57527133037772,165.41593409031884,109.61573257566081,28.040461245283108,0
G1278,input_image.png,F08,rectangle,vertical,165.564315846218,69,165.564315846218,123,0.05197407079453148,0.25,165.564315846218,81.57932664299592,165.564315846218,109.59642818264729,28.017101539651357,0
G1279,input_image.png,F08,rectangle,vertical,165.71269760211715,69,165.71269760211715,123,0.05197407079453148,0.25,165.71269760211715,81.58342206801387,165.71269760211715,109.57720595004389,27.99378388203001,0
G1280,input_image.png,F08,rectangle,vertical,165.8610793580163,69,165.8610793580163,123,0.05197407079453148,0.25,165.8610793580163,81.58755820353653,165.8610793580163,109.55806535444657,27.970507150910024,0
G1281,input_image.png,F09,rectangle,horizontal,197,89.13231061929142,251,89.13231061929142,0.05197407079453148,0.25,212.44185656066944,89.13231061929142,236.2360185193322,89.13231061929142,23.79416195866276,0
G1282,input_image.png,F09,rectangle,horizontal,197,89.30617617323341,251,89.30617617323341,0.05197407079453148,0.25,212.42553547742054,89.30617617323341,236.2391856437887,89.30617617323341,23.813650166368156,0
G1283,input_image.png,F09,rectangle,horizontal,197,89.48004172717539,251,89.48004172717539,0.05197407079453148,0.25,212.40921052927075,89.48004172717539,236.242332490162,89.48004172717539,23.833121960891237,0
G1284,input_image.png,F09,rectangle,horizontal,197,89.65390728111738,251,89.65390728111738,0.05197407079453148,0.25,212.3928817148471,89.65390728111738,236.24545925258172,89.65390728111738,23.852577537734618,0
G1285,input_image.png,F09,rectangle,horizontal,197,89.82777283505938,251,89.82777283505938,0.05197407079453148,0.25,212.37654903277598,89.82777283505938,236.24856612270747,89.82777283505938,23.8720170899315,0
G1286,input_image.png,F09,rectangle,horizontal,197,90.00163838900136,251,90.00163838900136,0.05197407079453148,0.25,212.36023299067995,90.00163838900136,236.25161059000303,90.00163838900136,23.891377599323075,0
G1287,input_image.png,F09,rectangle,horizontal,197,90.17550394294335,251,90.17550394294335,0.05197407079453148,0.25,212.3460578564555,90.17550394294335,236.2501603686203,90.17550394294335,23.904102512164812,0
G1288,input_image.png,F09,rectangle,horizontal,197,90.34936949688534,251,90.34936949688534,0.05197407079453148,0.25,212.33185676360017,90.34936949688534,236.24871724538275,90.34936949688534,23.916860481782585,0
G1289,input_image.png,F09,rectangle,horizontal,197,90.52323505082734,251,90.52323505082734,0.05197407079453148,0.25,212.31762964074233,90.52323505082734,236.24728116830448,90.52323505082734,23.929651527562143,0
G1290,input_image.png,F09,rectangle,horizontal,197,90.69710060476932,251,90.69710060476932,0.05197407079453148,0.25,212.3033764162485,90.69710060476932,236.24585208590605,90.69710060476932,23.94247566965754,0
G1291,input_image.png,F09,rectangle,horizontal,197,90.87096615871131,251,90.87096615871131,0.05197407079453148,0.25,212.28909701822212,90.87096615871131,236.2444299472083,90.87096615871131,23.955332928986174,0
G1292,input_image.png,F09,rectangle,horizontal,197,91.0448317126533,251,91.0448317126533,0.05197407079453148,0.25,212.27518570365768,91.0448317126533,236.24225298486266,91.0448317126533,23.96706728120496,0
G1293,input_image.png,F09,rectangle,horizontal,197,91.21869726659529,251,91.21869726659529,0.05197407079453148,0.25,212.2623775603813,91.21869726659529,236.2378966902334,91.21869726659529,23.97551912985209,0
G1294,input_image.png,F09,rectangle,horizontal,197,91.39256282053728,251,91.39256282053728,0.05197407079453148,0.25,212.24953428831026,91.39256282053728,236.23355698824793,91.39256282053728,23.984022699937668,0
G1295,input_image.png,F09,rectangle,horizontal,197,91.56642837447927,251,91.56642837447927,0.05197407079453148,0.25,212.2366557427248,91.56642837447927,236.22923378428703,91.56642837447927,23.992578041562247,0
G1296,input_image.png,F09,rectangle,horizontal,197,91.74029392842125,251,91.74029392842125,0.05197407079453148,0.25,212.2237417781093,91.74029392842125,236.22492698444972,91.74029392842125,24.001185206340462,0
G1297,input_image.png,F09,rectangle,horizontal,197,91.91415948236325,251,91.91415948236325,0.05197407079453148,0.25,212.21079224814648,91.91415948236325,236.2206364955462,91.91415948236325,24.009844247399712,0
G1298,input_image.png,F09,rectangle,horizontal,197,92.08802503630524,251,92.08802503630524,0.05197407079453148,0.25,212.19838407235505,92.08802503630524,236.21538884326873,92.08802503630524,24.017004770913665,0
G1299,input_image.png,F09,rectangle,horizontal,197,92.26189059024723,251,92.26189059024723,0.05197407079453148,0.25,212.18650091855264,92.26189059024723,236.2092100649923,92.26189059024723,24.022709146439674,0
G1300,input_image.png,F09,rectangle,horizontal,197,92.43575614418921,251,92.43575614418921,0.05197407079453148,0.25,212.1745792502786,92.43575614418921,236.20304994676405,92.43575614418921,24.028470696485428,0
G1301,input_image.png,F09,rectangle,horizontal,197,92.6096216981312,251,92.6096216981312,0.05197407079453148,0.25,212.16261887998527,92.6096216981312,236.19690840418076,92.6096216981312,24.034289524195458,0
G1302,input_image.png,F09,rectangle,horizontal,197,92.7834872520732,251,92.7834872520732,0.05197407079453148,0.25,212.15061961890527,92.7834872520732,236.1907853533475,92.7834872520732,24.040165734442233,0
G1303,input_image.png,F09,rectangle,horizontal,197,92.95735280601518,251,92.95735280601518,0.05197407079453148,0.25,212.1385812770415,92.95735280601518,236.1846807108738,92.95735280601518,24.04609943383227,0
G1304,input_image.png,F09,rectangle,horizontal,197,93.13121835995717,251,93.13121835995717,0.05197407079453148,0.25,212.12717078613437,93.13121835995717,236.17763223677323,93.13121835995717,24.050461450638863,0
G1305,input_image.png,F09,rectangle,horizontal,197,93.30508391389917,251,93.30508391389917,0.05197407079453148,0.25,212.11593755672857,93.30508391389917,236.1702895019469,93.30508391389917,24.05435194521836,0
G1306,input_image.png,F09,rectangle,horizontal,197,93.47894946784115,251,93.47894946784115,0.05197407079453148,0.25,212.1046645454333,93.47894946784115,236.1629651747752,93.47894946784115,24.058300629341865,0
G1307,input_image.png,F09,rectangle,horizontal,197,93.65281502178314,251,93.65281502178314,0.05197407079453148,0.25,212.0933515405456,93.65281502178314,236.1556591861249,93.65281502178314,24.06230764557929,0
G1308,input_image.png,F09,rectangle,horizontal,197,93.82668057572513,251,93.82668057572513,0.05197407079453148,0.25,212.0819983288575,93.82668057572513,236.14837146720862,93.82668057572513,24.06637313835111,0
G1309,input_image.png,F09,rectangle,horizontal,197,94.00054612966711,251,94.00054612966711,0.05197407079453148,0.25,212.07060675278038,94.00054612966711,236.14109918240814,94.00054612966711,24.070492429627752,0
G1310,input_image.png,F09,rectangle,horizontal,197,94.17441168360911,251,94.17441168360911,0.05197407079453148,0.25,212.05982702854394,94.17441168360911,236.1329668540651,94.17441168360911,24.073139825521174,0
G1311,input_image.png,F09,rectangle,horizontal,197,94.3482772375511,251,94.3482772375511,0.05197407079453148,0.25,212.04900571176123,94.3482772375511,236.124852620478,94.3482772375511,24.07584690871679,0
G1312,input_image.png,F09,rectangle,horizontal,197,94.5221427914931,251,94.5221427914931,0.05197407079453148,0.25,212.03814256124556,94.5221427914931,236.11675642132158,94.5221427914931,24.078613860076025,0
G1313,input_image.png,F09,rectangle,horizontal,197,94.69600834543508,251,94.69600834543508,0.05197407079453148,0.25,212.0272373339419,94.69600834543508,236.10867819653848,94.69600834543508,24.081440862596573,0
G1314,input_image.png,F09,rectangle,horizontal,197,94.86987389937707,251,94.86987389937707,0.05197407079453148,0.25,212.01628978490865,94.86987389937707,236.1006178863377,94.86987389937707,24.08432810142903,0
G1315,input_image.png,F09,rectangle,horizontal,197,95.04373945331906,251,95.04373945331906,0.05197407079453148,0.25,212.0054437721096,95.04373945331906,236.09241707335968,95.04373945331906,24.08697330125009,0
G1316,input_image.png,F09,rectangle,horizontal,197,95.21760500726104,251,95.21760500726104,0.05197407079453148,0.25,211.99568250441746,95.21760500726104,236.08376237213784,95.21760500726104,24.08807986772037,0
G1317,input_image.png,F09,rectangle,horizontal,197,95.39147056120304,251,95.39147056120304,0.05197407079453148,0.25,211.9866603208648,95.39147056120304,236.0751245120489,95.39147056120304,24.0884641911841,0
G1318,input_image.png,F09,rectangle,horizontal,197,95.56533611514503,251,95.56533611514503,0.05197407079453148,0.25,211.9776246265362,95.56533611514503,236.06650344398403,95.56533611514503,24.088878817447846,0
G1319,input_image.png,F09,rectangle,horizontal,197,95.73920166908701,251,95.73920166908701,0.05197407079453148,0.25,211.96857539106026,95.73920166908701,236.05789911902522,95.73920166908701,24.089323727964974,0
G1320,input_image.png,F09,rectangle,horizontal,197,95.913067223029,251,95.913067223029,0.05197407079453148,0.25,211.9595125839744,95.913067223029,236.04931148844418,95.913067223029,24.089798904469795,0
G1321,input_image.png,F09,rectangle,horizontal,197,96.086932776971,251,96.086932776971,0.05197407079453148,0.25,211.95068851139547,96.086932776971,236.0404874160407,96.086932776971,24.089798904645214,0
G1322,input_image.png,F09,rectangle,horizontal,197,96.26079833091299,251,96.26079833091299,0.05197407079453148,0.25,211.94210088069192,96.26079833091299,236.031424609181,96.26079833091299,24.08932372848907,0
G1323,input_image.png,F09,rectangle,horizontal,197,96.43466388485497,251,96.43466388485497,0.05197407079453148,0.25,211.93349655561528,96.43466388485497,236.02237537393296,96.43466388485497,24.088878818317703,0
G1324,input_image.png,F09,rectangle,horizontal,197,96.60852943879696,251,96.60852943879696,0.05197407079453148,0.25,211.9248754874373,96.60852943879696,236.01333967983408,96.60852943879696,24.08846419239677,0
G1325,input_image.png,F09,rectangle,horizontal,197,96.78239499273896,251,96.78239499273896,0.05197407079453148,0.25,211.91623762724004,96.78239499273896,236.0043174965129,96.78239499273896,24.08807986927286,0
G1326,input_image.png,F09,rectangle,horizontal,197,96.95626054668094,251,96.95626054668094,0.05197407079453148,0.25,211.9075829259146,96.95626054668094,235.9945562292358,96.95626054668094,24.08697330332118,0
G1327,input_image.png,F09,rectangle,horizontal,197,97.13012610062293,251,97.13012610062293,0.05197407079453148,0.25,211.89938211303183,97.13012610062293,235.9837102163492,97.13012610062293,24.084328103317368,0
G1328,input_image.png,F09,rectangle,horizontal,197,97.30399165456492,251,97.30399165456492,0.05197407079453148,0.25,211.89132180299123,97.30399165456492,235.9727626671053,97.30399165456492,24.08144086411405,0
G1329,input_image.png,F09,rectangle,horizontal,197,97.4778572085069,251,97.4778572085069,0.05197407079453148,0.25,211.88324357836734,97.4778572085069,235.96185743958387,97.4778572085069,24.078613861216525,0
G1330,input_image.png,F09,rectangle,horizontal,197,97.6517227624489,251,97.6517227624489,0.05197407079453148,0.25,211.87514737936914,97.6517227624489,235.95099428884345,97.6517227624489,24.075846909474286,0
G1331,input_image.png,F09,rectangle,horizontal,197,97.82558831639089,251,97.82558831639089,0.05197407079453148,0.25,211.86703314593927,97.82558831639089,235.940172971829,97.82558831639089,24.073139825889726,0
G1332,input_image.png,F09,rectangle,horizontal,197,97.99945387033287,251,97.99945387033287,0.05197407079453148,0.25,211.8589008177525,97.99945387033287,235.92939324735403,97.99945387033287,24.070492429601508,0
G1333,input_image.png,F09,rectangle,horizontal,197,98.17331942427487,251,98.17331942427487,0.05197407079453148,0.25,211.85162853290504,98.17331942427487,235.91800167112106,98.17331942427487,24.066373138216015,0
G1334,input_image.png,F09,rectangle,horizontal,197,98.34718497821686,251,98.34718497821686,0.05197407079453148,0.25,211.84434081394187,98.34718497821686,235.9066484592846,98.34718497821686,24.06230764534273,0
G1335,input_image.png,F09,rectangle,horizontal,197,98.52105053215885,251,98.52105053215885,0.05197407079453148,0.25,211.83703482524538,98.52105053215885,235.89533545425562,98.52105053215885,24.058300629010255,0
G1336,input_image.png,F09,rectangle,horizontal,197,98.69491608610083,251,98.69491608610083,0.05197407079453148,0.25,211.82971049802813,98.69491608610083,235.88406244282618,98.69491608610083,24.05435194479803,0
G1337,input_image.png,F09,rectangle,horizontal,197,98.86878164004283,251,98.86878164004283,0.05197407079453148,0.25,211.82236776315705,98.86878164004283,235.87282921329313,98.86878164004283,24.050461450136055,0
G1338,input_image.png,F09,rectangle,horizontal,197,99.04264719398482,251,99.04264719398482,0.05197407079453148,0.25,211.81531928900307,99.04264719398482,235.86141872231912,99.04264719398482,24.046099433316066,0
G1339,input_image.png,F09,rectangle,horizontal,197,99.2165127479268,251,99.2165127479268,0.05197407079453148,0.25,211.80921464644575,99.2165127479268,235.84938038055606,99.2165127479268,24.04016573411031,0
G1340,input_image.png,F09,rectangle,horizontal,197,99.3903783018688,251,99.3903783018688,0.05197407079453148,0.25,211.80309159552635,99.3903783018688,235.83738111957712,99.3903783018688,24.03428952405074,0
G1341,input_image.png,F09,rectangle,horizontal,197,99.56424385581079,251,99.56424385581079,0.05197407079453148,0.25,211.7969500528544,99.56424385581079,235.82542074938527,99.56424385581079,24.028470696530857,0
G1342,input_image.png,F09,rectangle,horizontal,197,99.73810940975278,251,99.73810940975278,0.05197407079453148,0.25,211.79078993453493,99.73810940975278,235.81349908121314,99.73810940975278,24.02270914667821,0
G1343,input_image.png,F09,rectangle,horizontal,197,99.91197496369476,251,99.91197496369476,0.05197407079453148,0.25,211.7846111561647,99.91197496369476,235.80161592751296,99.91197496369476,24.017004771348283,0
G1344,input_image.png,F09,rectangle,horizontal,197,100.08584051763675,251,100.08584051763675,0.05197407079453148,0.25,211.77936350377152,100.08584051763675,235.78920775176962,100.08584051763675,24.009844247998103,0
G1345,input_image.png,F09,rectangle,horizontal,197,100.25970607157875,251,100.25970607157875,0.05197407079453148,0.25,211.77507301473275,100.25970607157875,235.77625822179812,100.25970607157875,24.00118520706536,0
G1346,input_image.png,F09,rectangle,horizontal,197,100.43357162552073,251,100.43357162552073,0.05197407079453148,0.25,211.7707662147615,100.43357162552073,235.7633442571727,100.43357162552073,23.992578042411214,0
G1347,input_image.png,F09,rectangle,horizontal,197,100.60743717946272,251,100.60743717946272,0.05197407079453148,0.25,211.76644301066793,100.60743717946272,235.75046571157617,100.60743717946272,23.98402270090825,0
G1348,input_image.png,F09,rectangle,horizontal,197,100.78130273340471,251,100.78130273340471,0.05197407079453148,0.25,211.76210330855105,100.78130273340471,235.73762243949287,100.78130273340471,23.975519130941827,0
G1349,input_image.png,F09,rectangle,horizontal,197,100.9551682873467,251,100.9551682873467,0.05197407079453148,0.25,211.75774701379171,100.9551682873467,235.7248142962031,100.9551682873467,23.96706728241138,0
G1350,input_image.png,F09,rectangle,horizontal,197,101.12903384128869,251,101.12903384128869,0.05197407079453148,0.25,211.75557005140854,101.12903384128869,235.71090298163128,101.12903384128869,23.95533293022275,0
G1351,input_image.png,F09,rectangle,horizontal,197,101.30289939523068,251,101.30289939523068,0.05197407079453148,0.25,211.75414791270464,101.30289939523068,235.69662358359494,101.30289939523068,23.942475670890307,0
G1352,input_image.png,F09,rectangle,horizontal,197,101.47676494917266,251,101.47676494917266,0.05197407079453148,0.25,211.75271883029956,101.47676494917266,235.6823703590856,101.47676494917266,23.929651528786042,0
G1353,input_image.png,F09,rectangle,horizontal,197,101.65063050311466,251,101.65063050311466,0.05197407079453148,0.25,211.7512827532141,101.65063050311466,235.66814323620667,101.65063050311466,23.916860482992575,0
G1354,input_image.png,F09,rectangle,horizontal,197,101.82449605705665,251,101.82449605705665,0.05197407079453148,0.25,211.74983962996882,101.82449605705665,235.65394214332474,101.82449605705665,23.904102513355912,0
G1355,input_image.png,F09,rectangle,horizontal,197,101.99836161099864,251,101.99836161099864,0.05197407079453148,0.25,211.74838940857785,101.99836161099864,235.63976700906818,101.99836161099864,23.89137760049033,0
G1356,input_image.png,F09,rectangle,horizontal,197,102.17222716494062,251,102.17222716494062,0.05197407079453148,0.25,211.7514338757424,102.17222716494062,235.6234509668853,102.17222716494062,23.872017091142872,0
G1357,input_image.png,F09,rectangle,horizontal,197,102.34609271888262,251,102.34609271888262,0.05197407079453148,0.25,211.75454074573494,102.34609271888262,235.6071182847348,102.34609271888262,23.852577538999874,0
G1358,input_image.png,F09,rectangle,horizontal,197,102.51995827282461,251,102.51995827282461,0.05197407079453148,0.25,211.75766750802038,102.51995827282461,235.5907894702399,102.51995827282461,23.83312196221953,0
G1359,input_image.png,F09,rectangle,horizontal,197,102.69382382676659,251,102.69382382676659,0.05197407079453148,0.25,211.76081435425826,102.69382382676659,235.57446452202691,102.69382382676659,23.813650167768643,0
G1360,input_image.png,F09,rectangle,horizontal,197,102.86768938070858,251,102.86768938070858,0.05197407079453148,0.25,211.76398147857822,102.86768938070858,235.55814343872282,102.86768938070858,23.794161960144596,0
G1361,input_image.png,F09,rectangle,vertical,218.01931634269917,69,218.01931634269917,123,0.05197407079453148,0.25,218.01931634269917,81.96870459191771,218.01931634269917,109.52237338364408,27.55366879172636,0
G1362,input_image.png,F09,rectangle,vertical,218.17072605554222,69,218.17072605554222,123,0.05197407079453148,0.25,218.17072605554222,81.95891760726364,218.17072605554222,109.53956054371885,27.580642936455202,0
G1363,input_image.png,F09,rectangle,vertical,218.3221357683853,69,218.3221357683853,123,0.05197407079453148,0.25,218.3221357683853,81.94920488690808,218.3221357683853,109.5567319410694,27.60752705416132,0
G1364,input_image.png,F09,rectangle,vertical,218.47354548122834,69,218.47354548122834,123,0.05197407079453148,0.25,218.47354548122834,81.93956558876219,218.47354548122834,109.57388759737029,27.634322008608102,0
G1365,input_image.png,F09,rectangle,vertical,218.62495519407142,69,218.62495519407142,123,0.05197407079453148,0.25,218.62495519407142,81.92999888342055,218.62495519407142,109.5910275342564,27.661028650835846,0
G1366,input_image.png,F09,rectangle,vertical,218.77636490691447,69,218.77636490691447,123,0.05197407079453148,0.25,218.77636490691447,81.92050395392327,218.77636490691447,109.60815177332293,27.687647819399672,0
G1367,input_image.png,F09,rectangle,vertical,218.9277746197575,69,218.9277746197575,123,0.05197407079453148,0.25,218.9277746197575,81.91107999552337,218.9277746197575,109.62526033612559,27.714180340602223,0
G1368,input_image.png,F09,rectangle,vertical,219.0791843326006,69,219.0791843326006,123,0.05197407079453148,0.25,219.0791843326006,81.90491992146326,219.0791843326006,109.6408812510432,27.73596132957994,0
G1369,input_image.png,F09,rectangle,vertical,219.23059404544364,69,219.23059404544364,123,0.05197407079453148,0.25,219.23059404544364,81.90170267696382,219.23059404544364,109.655167204874,27.75346452791019,0
G1370,input_image.png,F09,rectangle,vertical,219.38200375828671,69,219.38200375828671,123,0.05197407079453148,0.25,219.38200375828671,81.89850258491285,219.38200375828671,109.66946814948767,27.77096556457481,0
G1371,input_image.png,F09,rectangle,vertical,219.53341347112976,69,219.53341347112976,123,0.05197407079453148,0.25,219.53341347112976,81.89531950850494,219.53341347112976,109.6837841084921,27.788464599987165,0
G1372,input_image.png,F09,rectangle,vertical,219.6848231839728,69,219.6848231839728,123,0.05197407079453148,0.25,219.6848231839728,81.89215331238566,219.6848231839728,109.6981151055449,27.80596179315924,0
G1373,input_image.png,F09,rectangle,vertical,219.8362328968159,69,219.8362328968159,123,0.05197407079453148,0.25,219.8362328968159,81.8890038626324,219.8362328968159,109.71246116435336,27.823457301720946,0
G1374,input_image.png,F09,rectangle,vertical,219.98764260965893,69,219.98764260965893,123,0.05197407079453148,0.25,219.98764260965893,81.88587102673551,219.98764260965893,109.7268223086746,27.840951281939088,0
G1375,input_image.png,F09,rectangle,vertical,220.13905232250198,69,220.13905232250198,123,0.05197407079453148,0.25,220.13905232250198,81.88647766248505,220.13905232250198,109.73932507045222,27.852847407967175,0
G1376,input_image.png,F09,rectangle,vertical,220.29046203534506,69,220.29046203534506,123,0.05197407079453148,0.25,220.29046203534506,81.88741233316253,220.29046203534506,109.75168705415595,27.86427472099342,0
G1377,input_image.png,F09,rectangle,vertical,220.4418717481881,69,220.4418717481881,123,0.05197407079453148,0.25,220.4418717481881,81.88834338310235,220.4418717481881,109.76407528643908,27.87573190333672,0
G1378,input_image.png,F09,rectangle,vertical,220.59328146103118,69,220.59328146103118,123,0.05197407079453148,0.25,220.59328146103118,81.88927083330293,220.59328146103118,109.77648985099206,27.887219017689127,0
G1379,input_image.png,F09,rectangle,vertical,220.74469117387423,69,220.74469117387423,123,0.05197407079453148,0.25,220.74469117387423,81.89019470460062,220.74469117387423,109.78893083186155,27.898736127260932,0
G1380,input_image.png,F09,rectangle,vertical,220.89610088671728,69,220.89610088671728,123,0.05197407079453148,0.25,220.89610088671728,81.89111501767124,220.89610088671728,109.80139831345222,27.910283295780985,0
G1381,input_image.png,F09,rectangle,vertical,221.04751059956035,69,221.04751059956035,123,0.05197407079453148,0.25,221.04751059956035,81.89288568071142,221.04751059956035,109.81339124861839,27.920505567906964,0
G1382,input_image.png,F09,rectangle,vertical,221.1989203124034,69,221.1989203124034,123,0.05197407079453148,0.25,221.1989203124034,81.89651534003333,221.1989203124034,109.82431670817337,27.927801368140038,0
G1383,input_image.png,F09,rectangle,vertical,221.35033002524648,69,221.35033002524648,123,0.05197407079453148,0.25,221.35033002524648,81.90013418545345,221.35033002524648,109.83527162872363,27.935137443270175,0
G1384,input_image.png,F09,rectangle,vertical,221.50173973808953,69,221.50173973808953,123,0.05197407079453148,0.25,221.50173973808953,81.90374226522692,221.50173973808953,109.8462561295944,27.942513864367463,0
G1385,input_image.png,F09,rectangle,vertical,221.65314945093257,69,221.65314945093257,123,0.05197407079453148,0.25,221.65314945093257,81.90733962732223,221.65314945093257,109.85727033075617,27.949930703433935,0
G1386,input_image.png,F09,rectangle,vertical,221.80455916377565,69,221.80455916377565,123,0.05197407079453148,0.25,221.80455916377565,81.9109263194233,221.80455916377565,109.86831435282912,27.957388033405806,0
G1387,input_image.png,F09,rectangle,vertical,221.9559688766187,69,221.9559688766187,123,0.05197407079453148,0.25,221.9559688766187,81.91450238893161,221.9559688766187,109.8793883170874,27.9648859281558,0
G1388,input_image.png,F09,rectangle,vertical,222.10737858946177,69,222.10737858946177,123,0.05197407079453148,0.25,222.10737858946177,81.91938091055108,222.10737858946177,109.88955449690104,27.97017358634995,0
G1389,input_image.png,F09,rectangle,vertical,222.25878830230482,69,222.25878830230482,123,0.05197407079453148,0.25,222.25878830230482,81.92478525730607,222.25878830230482,109.89936643367076,27.974581176364687,0
G1390,input_image.png,F09,rectangle,vertical,222.41019801514787,69,222.41019801514787,123,0.05197407079453148,0.25,222.41019801514787,81.9301767116042,222.41019801514787,109.90920886032993,27.979032148725725,0
G1391,input_image.png,F09,rectangle,vertical,222.56160772799095,69,222.56160772799095,123,0.05197407079453148,0.25,222.56160772799095,81.93555531952435,222.56160772799095,109.91908191921746,27.983526599693096,0
G1392,input_image.png,F09,rectangle,vertical,222.713017440834,69,222.713017440834,123,0.05197407079453148,0.25,222.713017440834,81.94092112692606,222.713017440834,109.92898575355956,27.988064626633502,0
G1393,input_image.png,F09,rectangle,vertical,222.86442715367707,69,222.86442715367707,123,0.05197407079453148,0.25,222.86442715367707,81.94627417945081,222.86442715367707,109.93892050747678,27.992646328025977,0
G1394,input_image.png,F09,rectangle,vertical,223.01583686652012,69,223.01583686652012,123,0.05197407079453148,0.25,223.01583686652012,81.95175241183847,223.01583686652012,109.94875504181854,27.99700262998006,0
G1395,input_image.png,F09,rectangle,vertical,223.16724657936317,69,223.16724657936317,123,0.05197407079453148,0.25,223.16724657936317,81.95839869374336,223.16724657936317,109.95749649109106,27.9990977973477,0
G1396,input_image.png,F09,rectangle,vertical,223.31865629220624,69,223.31865629220624,123,0.05197407079453148,0.25,223.31865629220624,81.96503289215697,223.31865629220624,109.96626853507944,28.001235642922467,0
G1397,input_image.png,F09,rectangle,vertical,223.4700660050493,69,223.4700660050493,123,0.05197407079453148,0.25,223.4700660050493,81.97165504000253,223.4700660050493,109.9750713346856,28.00341629468307,0
G1398,input_image.png,F09,rectangle,vertical,223.62147571789237,69,223.62147571789237,123,0.05197407079453148,0.25,223.62147571789237,81.9782651700838,223.62147571789237,109.98390505194176,28.00563988185796,0
G1399,input_image.png,F09,rectangle,vertical,223.7728854307354,69,223.7728854307354,123,0.05197407079453148,0.25,223.7728854307354,81.98486331508559,223.7728854307354,109.99276985002035,28.007906534934747,0
G1400,input_image.png,F09,rectangle,vertical,223.92429514357846,69,223.92429514357846,123,0.05197407079453148,0.25,223.92429514357846,81.99144950757429,223.92429514357846,110.00143206059926,28.00998255302497,0
G1401,input_image.png,F09,rectangle,vertical,224.07570485642154,69,224.07570485642154,123,0.05197407079453148,0.25,224.07570485642154,81.99856876085053,224.07570485642154,110.00855131470925,28.009982553858727,0
G1402,input_image.png,F09,rectangle,vertical,224.2271145692646,69,224.2271145692646,123,0.05197407079453148,0.25,224.2271145692646,82.00723109833675,224.2271145692646,110.01513750250133,28.00790640416458,0
G1403,input_image.png,F09,rectangle,vertical,224.37852428210763,69,224.37852428210763,123,0.05197407079453148,0.25,224.37852428210763,82.01609588951213,224.37852428210763,110.02173564269879,28.005639753186646,0
G1404,input_image.png,F09,rectangle,vertical,224.5299339949507,69,224.5299339949507,123,0.05197407079453148,0.25,224.5299339949507,82.02492959990693,224.5299339949507,110.02834576786742,28.003416167960488,0
G1405,input_image.png,F09,rectangle,vertical,224.68134370779376,69,224.68134370779376,123,0.05197407079453148,0.25,224.68134370779376,82.03373239269322,224.68134370779376,110.03496791069148,28.00123551799824,0
G1406,input_image.png,F09,rectangle,vertical,224.83275342063683,69,224.83275342063683,123,0.05197407079453148,0.25,224.83275342063683,82.04250442990296,224.83275342063683,110.04160210397416,27.99909767407119,0
G1407,input_image.png,F09,rectangle,vertical,224.98416313347988,69,224.98416313347988,123,0.05197407079453148,0.25,224.98416313347988,82.05124587243776,224.98416313347988,110.04824838063811,27.997002508200353,0
G1408,input_image.png,F09,rectangle,vertical,225.13557284632293,69,225.13557284632293,123,0.05197407079453148,0.25,225.13557284632293,82.06108039037579,225.13557284632293,110.05372659947629,27.992646209100492,0
G1409,input_image.png,F09,rectangle,vertical,225.286982559166,69,225.286982559166,123,0.05197407079453148,0.25,225.286982559166,82.07101512691592,225.286982559166,110.05907963731998,27.988064510404058,0
G1410,input_image.png,F09,rectangle,vertical,225.43839227200905,69,225.43839227200905,123,0.05197407079453148,0.25,225.43839227200905,82.08091894404677,225.43839227200905,110.0644454298621,27.983526485815332,0
G1411,input_image.png,F09,rectangle,vertical,225.58980198485213,69,225.58980198485213,123,0.05197407079453148,0.25,225.58980198485213,82.09079198588756,225.58980198485213,110.06982402274298,27.979032036855415,0
G1412,input_image.png,F09,rectangle,vertical,225.74121169769518,69,225.74121169769518,123,0.05197407079453148,0.25,225.74121169769518,82.10063439566329,225.74121169769518,110.07521546182103,27.974581066157732,0
G1413,input_image.png,F09,rectangle,vertical,225.89262141053823,69,225.89262141053823,123,0.05197407079453148,0.25,225.89262141053823,82.11044631571156,225.89262141053823,110.08061979317392,27.970173477462374,0
G1414,input_image.png,F09,rectangle,vertical,226.0440311233813,69,226.0440311233813,123,0.05197407079453148,0.25,226.0440311233813,82.12061247709285,226.0440311233813,110.08549829787586,27.964885820783017,0
G1415,input_image.png,F09,rectangle,vertical,226.19544083622435,69,226.19544083622435,123,0.05197407079453148,0.25,226.19544083622435,82.13168641856741,226.19544083622435,110.08907434704739,27.957387928479985,0
G1416,input_image.png,F09,rectangle,vertical,226.34685054906743,69,226.34685054906743,123,0.05197407079453148,0.25,226.34685054906743,82.14273041809727,226.34685054906743,110.09266101864806,27.949930600550793,0
G1417,input_image.png,F09,rectangle,vertical,226.49826026191047,69,226.49826026191047,123,0.05197407079453148,0.25,226.49826026191047,82.15374459695491,226.49826026191047,110.09625836007814,27.942513763123237,0
G1418,input_image.png,F09,rectangle,vertical,226.64966997475352,69,226.64966997475352,123,0.05197407079453148,0.25,226.64966997475352,82.1647290757588,226.64966997475352,110.09986641902037,27.935137343261573,0
G1419,input_image.png,F09,rectangle,vertical,226.8010796875966,69,226.8010796875966,123,0.05197407079453148,0.25,226.8010796875966,82.17568397447778,226.8010796875966,110.10348524344201,27.92780126896423,0
G1420,input_image.png,F09,rectangle,vertical,226.95248940043965,69,226.95248940043965,123,0.05197407079453148,0.25,226.95248940043965,82.18660941243543,226.95248940043965,110.107114881597,27.92050546916157,0
G1421,input_image.png,F09,rectangle,vertical,227.10389911328272,69,227.10389911328272,123,0.05197407079453148,0.25,227.10389911328272,82.19860232455383,227.10389911328272,110.10888552342584,27.91028319887201,0
G1422,input_image.png,F09,rectangle,vertical,227.25530882612577,69,227.25530882612577,123,0.05197407079453148,0.25,227.25530882612577,82.21106978258668,227.25530882612577,110.10980581522709,27.898736032640418,0
G1423,input_image.png,F09,rectangle,vertical,227.40671853896882,69,227.40671853896882,123,0.05197407079453148,0.25,227.40671853896882,82.22351074016154,227.40671853896882,110.11072966514965,27.887218924988115,0
G1424,input_image.png,F09,rectangle,vertical,227.5581282518119,69,227.5581282518119,123,0.05197407079453148,0.25,227.5581282518119,82.2359252816816,227.5581282518119,110.11165709386863,27.875731812187027,0
G1425,input_image.png,F09,rectangle,vertical,227.70953796465494,69,227.70953796465494,123,0.05197407079453148,0.25,227.70953796465494,82.248313491192,227.70953796465494,110.11258812221959,27.864274631027595,0
G1426,input_image.png,F09,rectangle,vertical,227.86094767749802,69,227.86094767749802,123,0.05197407079453148,0.25,227.86094767749802,82.26067545238168,227.86094767749802,110.1135227712002,27.852847318818515,0
G1427,input_image.png,F09,rectangle,vertical,228.01235739034107,69,228.01235739034107,123,0.05197407079453148,0.25,228.01235739034107,82.27317819194549,228.01235739034107,110.11412938540386,27.840951193458356,0
G1428,input_image.png,F09,rectangle,vertical,228.1637671031841,69,228.1637671031841,123,0.05197407079453148,0.25,228.1637671031841,82.28753931479439,228.1637671031841,110.11099653081317,27.82345721601878,0
G1429,input_image.png,F09,rectangle,vertical,228.3151768160272,69,228.3151768160272,123,0.05197407079453148,0.25,228.3151768160272,82.30188535238756,228.3151768160272,110.10784706232671,27.80596170993916,0
G1430,input_image.png,F09,rectangle,vertical,228.46658652887024,69,228.46658652887024,123,0.05197407079453148,0.25,228.46658652887024,82.31621632848135,228.46658652887024,110.10468084743495,27.788464518953607,0
G1431,input_image.png,F09,rectangle,vertical,228.61799624171329,69,228.61799624171329,123,0.05197407079453148,0.25,228.61799624171329,82.33053226678228,228.61799624171329,110.10149775221544,27.77096548543316,0
G1432,input_image.png,F09,rectangle,vertical,228.76940595455636,69,228.76940595455636,123,0.05197407079453148,0.25,228.76940595455636,82.34483319094717,228.76940595455636,110.09829764131396,27.75346445036679,0
G1433,input_image.png,F09,rectangle,vertical,228.9208156673994,69,228.9208156673994,123,0.05197407079453148,0.25,228.9208156673994,82.3591191245832,228.9208156673994,110.09508037792529,27.735961253342072,0
G1434,input_image.png,F09,rectangle,vertical,229.0722253802425,69,229.0722253802425,123,0.05197407079453148,0.25,229.0722253802425,82.37474002036521,229.0722253802425,110.08892028708095,27.71418026671575,0
G1435,input_image.png,F09,rectangle,vertical,229.22363509308553,69,229.22363509308553,123,0.05197407079453148,0.25,229.22363509308553,82.39184856514444,229.22363509308553,110.07949631424609,27.687647749101636,0
G1436,input_image.png,F09,rectangle,vertical,229.37504480592858,69,229.37504480592858,123,0.05197407079453148,0.25,229.37504480592858,82.40897278640809,229.37504480592858,110.0700013703275,27.66102858391943,0
G1437,input_image.png,F09,rectangle,vertical,229.52645451877166,69,229.52645451877166,123,0.05197407079453148,0.25,229.52645451877166,82.42611270571243,229.52645451877166,110.06043465057982,27.634321944867402,0
G1438,input_image.png,F09,rectangle,vertical,229.6778642316147,69,229.6778642316147,123,0.05197407079453148,0.25,229.6778642316147,82.44326834465333,229.6778642316147,110.05079533804471,27.607526993391385,0
G1439,input_image.png,F09,rectangle,vertical,229.82927394445778,69,229.82927394445778,123,0.05197407079453148,0.25,229.82927394445778,82.46043972486629,229.82927394445778,110.04108260331839,27.580642878452103,0
G1440,input_image.png,F09,rectangle,vertical,229.98068365730083,69,229.98068365730083,123,0.05197407079453148,0.25,229.98068365730083,82.4776268680265,229.98068365730083,110.03129560431371,27.5536687362872,0
G1441,input_image.png,F10,ellipse,horizontal,261,88.62998153984778,315,88.62998153984778,0.05197407079453148,0.25,273.9757908468448,88.62998153984778,301.85499108397835,88.62998153984778,27.879200237133503,0
G1442,input_image.png,F10,ellipse,horizontal,261,88.81656428567442,315,88.81656428567442,0.05197407079453148,0.25,273.87523862560596,88.81656428567442,301.9852514362968,88.81656428567442,28.110012810690815,0
G1443,input_image.png,F10,ellipse,horizontal,261,89.00314703150106,315,89.00314703150106,0.05197407079453148,0.25,273.7732586225578,89.00314703150106,302.09255045661274,89.00314703150106,28.31929183405492,0
G1444,input_image.png,F10,ellipse,horizontal,261,89.1897297773277,315,89.1897297773277,0.05197407079453148,0.25,273.69029730078574,89.1897297773277,302.17658625622244,89.1897297773277,28.486288955436677,0
G1445,input_image.png,F10,ellipse,horizontal,261,89.37631252315433,315,89.37631252315433,0.05197407079453148,0.25,273.604343168305,89.37631252315433,302.2635653454373,89.37631252315433,28.659222177132314,0
G1446,input_image.png,F10,ellipse,horizontal,261,89.56289526898097,315,89.56289526898097,0.05197407079453148,0.25,273.51523130290735,89.56289526898097,302.35364511011795,89.56289526898097,28.838413807210557,0
G1447,input_image.png,F10,ellipse,horizontal,261,89.74947801480761,315,89.74947801480761,0.05197407079453148,0.25,273.422784438002,89.74947801480761,302.4469943609078,89.74947801480761,29.02420992290581,0
G1448,input_image.png,F10,ellipse,horizontal,261,89.93606076063425,315,89.93606076063425,0.05197407079453148,0.25,273.3268117856239,89.93606076063425,302.54379438906375,89.93606076063425,29.21698260343991,0
G1449,input_image.png,F10,ellipse,horizontal,261,90.12264350646089,315,90.12264350646089,0.05197407079453148,0.25,273.2426877768423,90.12264350646089,302.6286532813373,90.12264350646089,29.38596550449502,0
G1450,input_image.png,F10,ellipse,horizontal,261,90.30922625228752,315,90.30922625228752,0.05197407079453148,0.25,273.1636337317583,90.30922625228752,302.70845245795186,90.30922625228752,29.54481872619362,0
G1451,input_image.png,F10,ellipse,horizontal,261,90.49580899811416,315,90.49580899811416,0.05197407079453148,0.25,273.08153957484456,90.49580899811416,302.79132941987115,90.49580899811416,29.70978984502657,0
G1452,input_image.png,F10,ellipse,horizontal,261,90.6823917439408,315,90.6823917439408,0.05197407079453148,0.25,272.99711389967763,90.6823917439408,302.87746572973253,90.6823917439408,29.880351830054924,0
G1453,input_image.png,F10,ellipse,horizontal,261,90.86897448976744,315,90.86897448976744,0.05197407079453148,0.25,272.930339008422,90.86897448976744,302.96705751744906,90.86897448976744,30.036718509027097,0
G1454,input_image.png,F10,ellipse,horizontal,261,91.05555723559408,315,91.05555723559408,0.05197407079453148,0.25,272.86742236323494,91.05555723559408,303.0406046830568,91.05555723559408,30.173182319821922,0
G1455,input_image.png,F10,ellipse,horizontal,261,91.24213998142072,315,91.24213998142072,0.05197407079453148,0.25,272.81400349220127,91.24213998142072,303.09601171152616,91.24213998142072,30.282008219324894,0
G1456,input_image.png,F10,ellipse,horizontal,261,91.42872272724736,315,91.42872272724736,0.05197407079453148,0.25,272.75936391540023,91.42872272724736,303.1525623661453,91.42872272724736,30.393198450745057,0
G1457,input_image.png,F10,ellipse,horizontal,261,91.61530547307399,315,91.61530547307399,0.05197407079453148,0.25,272.7034613066328,91.61530547307399,303.21029242357974,91.61530547307399,30.506831116946977,0
G1458,input_image.png,F10,ellipse,horizontal,261,91.80188821890063,315,91.80188821890063,0.05197407079453148,0.25,272.6462513600195,91.80188821890063,303.2692391685142,91.80188821890063,30.62298780849474,0
G1459,input_image.png,F10,ellipse,horizontal,261,91.98847096472727,315,91.98847096472727,0.05197407079453148,0.25,272.58768767288973,91.98847096472727,303.32944147395466,91.98847096472727,30.741753801064917,0
G1460,input_image.png,F10,ellipse,horizontal,261,92.17505371055391,315,92.17505371055391,0.05197407079453148,0.25,272.5433669385123,92.17505371055391,303.3768563201325,92.17505371055391,30.83348938162021,0
G1461,input_image.png,F10,ellipse,horizontal,261,92.36163645638055,315,92.36163645638055,0.05197407079453148,0.25,272.49916394783816,92.36163645638055,303.4244435918249,92.36163645638055,30.925279643986755,0
G1462,input_image.png,F10,ellipse,horizontal,261,92.54821920220719,315,92.54821920220719,0.05197407079453148,0.25,272.45403694347885,92.54821920220719,303.47316229863685,92.54821920220719,31.019125355158003,0
G1463,input_image.png,F10,ellipse,horizontal,261,92.73480194803382,315,92.73480194803382,0.05197407079453148,0.25,272.4079566462132,92.73480194803382,303.52305327754567,92.73480194803382,31.11509663133244,0
G1464,input_image.png,F10,ellipse,horizontal,261,92.92138469386046,315,92.92138469386046,0.05197407079453148,0.25,272.36089252658735,92.92138469386046,303.5741593547037,92.92138469386046,31.213266828116346,0
G1465,input_image.png,F10,ellipse,horizontal,261,93.1079674396871,315,93.1079674396871,0.05197407079453148,0.25,272.3231007672457,93.1079674396871,303.6157767524051,93.1079674396871,31.292675985159395,0
G1466,input_image.png,F10,ellipse,horizontal,261,93.29455018551374,315,93.29455018551374,0.05197407079453148,0.25,272.29224896293795,93.29455018551374,303.6502593175507,93.29455018551374,31.358010354612738,0
G1467,input_image.png,F10,ellipse,horizontal,261,93.48113293134038,315,93.48113293134038,0.05197407079453148,0.25,272.26096649243027,93.48113293134038,303.6852869644505,93.48113293134038,31.424320472020202,0
G1468,input_image.png,F10,ellipse,horizontal,261,93.66771567716702,315,93.66771567716702,0.05197407079453148,0.25,272.22924427471384,93.66771567716702,303.72087272060696,93.66771567716702,31.491628445893085,0
G1469,input_image.png,F10,ellipse,horizontal,261,93.85429842299365,315,93.85429842299365,0.05197407079453148,0.25,272.1970729716638,93.85429842299365,303.7570300320012,93.85429842299365,31.559957060337407,0
G1470,input_image.png,F10,ellipse,horizontal,261,94.04088116882029,315,94.04088116882029,0.05197407079453148,0.25,272.16767782819704,94.04088116882029,303.79040603458964,94.04088116882029,31.622728206392555,0
G1471,input_image.png,F10,ellipse,horizontal,261,94.22746391464693,315,94.22746391464693,0.05197407079453148,0.25,272.1495346578943,94.22746391464693,303.81215092250466,94.22746391464693,31.66261626461032,0
G1472,input_image.png,F10,ellipse,horizontal,261,94.41404666047357,315,94.41404666047357,0.05197407079453148,0.25,272.1312328786801,94.41404666047357,303.8341218028967,94.41404666047357,31.702888924216577,0
G1473,input_image.png,F10,ellipse,horizontal,261,94.60062940630021,315,94.60062940630021,0.05197407079453148,0.25,272.1127704015675,94.60062940630021,303.8563222172452,94.60062940630021,31.743551815677712,0
G1474,input_image.png,F10,ellipse,horizontal,261,94.78721215212686,315,94.78721215212686,0.05197407079453148,0.25,272.0941451007232,94.78721215212686,303.8787557814152,94.78721215212686,31.78461068069197,0
G1475,input_image.png,F10,ellipse,horizontal,261,94.97379489795348,315,94.97379489795348,0.05197407079453148,0.25,272.0753548126518,94.97379489795348,303.90142618762053,94.97379489795348,31.8260713749687,0
G1476,input_image.png,F10,ellipse,horizontal,261,95.16037764378012,315,95.16037764378012,0.05197407079453148,0.25,272.0685158620965,95.16037764378012,303.9123903783534,95.16037764378012,31.84387451625693,0
G1477,input_image.png,F10,ellipse,horizontal,261,95.34696038960676,315,95.34696038960676,0.05197407079453148,0.25,272.0636345577596,95.34696038960676,303.92145922182675,95.34696038960676,31.857824664067145,0
G1478,input_image.png,F10,ellipse,horizontal,261,95.5335431354334,315,95.5335431354334,0.05197407079453148,0.25,272.0587417330619,95.5335431354334,303.93057107586867,95.5335431354334,31.871829342806784,0
G1479,input_image.png,F10,ellipse,horizontal,261,95.72012588126005,315,95.72012588126005,0.05197407079453148,0.25,272.0538373471713,95.72012588126005,303.93972624718407,95.72012588126005,31.88588890001277,0
G1480,input_image.png,F10,ellipse,horizontal,261,95.90670862708669,315,95.90670862708669,0.05197407079453148,0.25,272.04892135906266,95.90670862708669,303.948925045401,95.90670862708669,31.900003686338298,0
G1481,input_image.png,F10,ellipse,horizontal,261,96.09329137291331,315,96.09329137291331,0.05197407079453148,0.25,272.05107485922105,96.09329137291331,303.95107854275005,96.09329137291331,31.90000368352905,0
G1482,input_image.png,F10,ellipse,horizontal,261,96.27987411873995,315,96.27987411873995,0.05197407079453148,0.25,272.06027365973034,96.27987411873995,303.9461625513477,96.27987411873995,31.885888891617377,0
G1483,input_image.png,F10,ellipse,horizontal,261,96.4664568645666,315,96.4664568645666,0.05197407079453148,0.25,272.06942883331544,96.4664568645666,303.9412581621835,96.4664568645666,31.87182932886804,0
G1484,input_image.png,F10,ellipse,horizontal,261,96.65303961039324,315,96.65303961039324,0.05197407079453148,0.25,272.0785406896047,96.65303961039324,303.9363653342322,96.65303961039324,31.857824644627502,0
G1485,input_image.png,F10,ellipse,horizontal,261,96.83962235621988,315,96.83962235621988,0.05197407079453148,0.25,272.08760953530333,96.83962235621988,303.93148402666185,96.83962235621988,31.843874491358484,0
G1486,input_image.png,F10,ellipse,horizontal,261,97.02620510204652,315,97.02620510204652,0.05197407079453148,0.25,272.0985737281119,97.02620510204652,303.92464507268926,97.02620510204652,31.826071344577343,0
G1487,input_image.png,F10,ellipse,horizontal,261,97.21278784787314,315,97.21278784787314,0.05197407079453148,0.25,272.12124413559076,97.21278784787314,303.90585478002873,97.21278784787314,31.78461064443795,0
G1488,input_image.png,F10,ellipse,horizontal,261,97.39937059369979,315,97.39937059369979,0.05197407079453148,0.25,272.14367770101427,97.39937059369979,303.88722947470745,97.39937059369979,31.743551773693174,0
G1489,input_image.png,F10,ellipse,horizontal,261,97.58595333952643,315,97.58595333952643,0.05197407079453148,0.25,272.1658781165968,97.58595333952643,303.8687669932276,97.58595333952643,31.702888876630844,0
G1490,input_image.png,F10,ellipse,horizontal,261,97.77253608535307,315,97.77253608535307,0.05197407079453148,0.25,272.18784899820366,97.77253608535307,303.8504652097536,97.77253608535307,31.66261621154996,0
G1491,input_image.png,F10,ellipse,horizontal,261,97.95911883117971,315,97.95911883117971,0.05197407079453148,0.25,272.2095938873148,97.95911883117971,303.8323220352962,97.95911883117971,31.622728147981455,0
G1492,input_image.png,F10,ellipse,horizontal,261,98.14570157700635,315,98.14570157700635,0.05197407079453148,0.25,272.24296989064294,98.14570157700635,303.802926887696,98.14570157700635,31.559956997053092,0
G1493,input_image.png,F10,ellipse,horizontal,261,98.33228432283298,315,98.33228432283298,0.05197407079453148,0.25,272.2791272026734,98.33228432283298,303.77075558068026,98.33228432283298,31.4916283780068,0
G1494,input_image.png,F10,ellipse,horizontal,261,98.51886706865962,315,98.51886706865962,0.05197407079453148,0.25,272.31471295948893,98.51886706865962,303.73903335919306,98.51886706865962,31.424320399704094,0
G1495,input_image.png,F10,ellipse,horizontal,261,98.70544981448626,315,98.70544981448626,0.05197407079453148,0.25,272.3497406070692,98.70544981448626,303.7077508851025,98.70544981448626,31.358010278033337,0
G1496,input_image.png,F10,ellipse,horizontal,261,98.8920325603129,315,98.8920325603129,0.05197407079453148,0.25,272.3842231729154,98.8920325603129,303.6768990773932,98.8920325603129,31.292675904477782,0
G1497,input_image.png,F10,ellipse,horizontal,261,99.07861530613954,315,99.07861530613954,0.05197407079453148,0.25,272.42584057143534,99.07861530613954,303.63910731538374,99.07861530613954,31.213266743948402,0
G1498,input_image.png,F10,ellipse,horizontal,261,99.26519805196618,315,99.26519805196618,0.05197407079453148,0.25,272.4769466495753,99.26519805196618,303.59204319410344,99.26519805196618,31.115096544528097,0
G1499,input_image.png,F10,ellipse,horizontal,261,99.45178079779281,315,99.45178079779281,0.05197407079453148,0.25,272.5268376294953,99.45178079779281,303.5459628954466,99.45178079779281,31.01912526595135,0
G1500,input_image.png,F10,ellipse,horizontal,261,99.63836354361945,315,99.63836354361945,0.05197407079453148,0.25,272.57555633734455,99.63836354361945,303.5008358899441,99.63836354361945,30.925279552599555,0
G1501,input_image.png,F10,ellipse,horizontal,261,99.82494628944609,315,99.82494628944609,0.05197407079453148,0.25,272.623143610098,99.82494628944609,303.45663289836057,99.82494628944609,30.83348928826257,0
G1502,input_image.png,F10,ellipse,horizontal,261,100.01152903527273,315,100.01152903527273,0.05197407079453148,0.25,272.67055845738577,100.01152903527273,303.41231216342817,100.01152903527273,30.74175370604242,0
G1503,input_image.png,F10,ellipse,horizontal,261,100.19811178109937,315,100.19811178109937,0.05197407079453148,0.25,272.7307607643835,100.19811178109937,303.3537484779827,100.19811178109937,30.622987713599198,0
G1504,input_image.png,F10,ellipse,horizontal,261,100.38469452692601,315,100.38469452692601,0.05197407079453148,0.25,272.7897075109093,100.38469452692601,303.2965385332403,100.38469452692601,30.50683102233101,0
G1505,input_image.png,F10,ellipse,horizontal,261,100.57127727275264,315,100.57127727275264,0.05197407079453148,0.25,272.84743756996585,100.57127727275264,303.2406359265162,100.57127727275264,30.393198356550343,0
G1506,input_image.png,F10,ellipse,horizontal,261,100.75786001857928,315,100.75786001857928,0.05197407079453148,0.25,272.9039882262351,100.75786001857928,303.185996351918,100.75786001857928,30.282008125682914,0
G1507,input_image.png,F10,ellipse,horizontal,261,100.94444276440592,315,100.94444276440592,0.05197407079453148,0.25,272.95939525637976,100.94444276440592,303.13257748323446,100.94444276440592,30.173182226854674,0
G1508,input_image.png,F10,ellipse,horizontal,261,101.13102551023256,315,101.13102551023256,0.05197407079453148,0.25,273.0329424058804,101.13102551023256,303.06966084181266,101.13102551023256,30.036718435932205,0
G1509,input_image.png,F10,ellipse,horizontal,261,101.3176082560592,315,101.3176082560592,0.05197407079453148,0.25,273.122534196879,101.3176082560592,303.00288595506237,101.3176082560592,29.8803517581834,0
G1510,input_image.png,F10,ellipse,horizontal,261,101.50419100188584,315,101.50419100188584,0.05197407079453148,0.25,273.20867050991046,101.50419100188584,302.9184602428743,101.50419100188584,29.709789732963824,0
G1511,input_image.png,F10,ellipse,horizontal,261,101.69077374771248,315,101.69077374771248,0.05197407079453148,0.25,273.29154747489343,101.69077374771248,302.83636609325833,101.69077374771248,29.54481861836493,0
G1512,input_image.png,F10,ellipse,horizontal,261,101.87735649353911,315,101.87735649353911,0.05197407079453148,0.25,273.3713466544706,101.87735649353911,302.7573120551957,101.87735649353911,29.38596540072517,0
G1513,input_image.png,F10,ellipse,horizontal,261,102.06393923936575,315,102.06393923936575,0.05197407079453148,0.25,273.45620555010555,102.06393923936575,302.6731880546293,102.06393923936575,29.21698250452372,0
G1514,input_image.png,F10,ellipse,horizontal,261,102.25052198519239,315,102.25052198519239,0.05197407079453148,0.25,273.5530055824045,102.25052198519239,302.5772154127494,102.25052198519239,29.024209830344926,0
G1515,input_image.png,F10,ellipse,horizontal,261,102.43710473101903,315,102.43710473101903,0.05197407079453148,0.25,273.6463548371429,102.43710473101903,302.48476855774715,102.43710473101903,28.838413720604233,0
G1516,input_image.png,F10,ellipse,horizontal,261,102.62368747684567,315,102.62368747684567,0.05197407079453148,0.25,273.7364346055902,102.62368747684567,302.3956567017007,102.62368747684567,28.65922209611052,0
G1517,input_image.png,F10,ellipse,horizontal,261,102.8102702226723,315,102.8102702226723,0.05197407079453148,0.25,273.8234136984015,102.8102702226723,302.30970257805876,102.8102702226723,28.486288879657277,0
G1518,input_image.png,F10,ellipse,horizontal,261,102.99685296849894,315,102.99685296849894,0.05197407079453148,0.25,273.907449501448,102.99685296849894,302.22674126464915,102.99685296849894,28.319291763201164,0
G1519,input_image.png,F10,ellipse,horizontal,261,103.18343571432558,315,103.18343571432558,0.05197407079453148,0.25,274.01474851458806,103.18343571432558,302.1247612717828,103.18343571432558,28.110012757194703,0
G1520,input_image.png,F10,ellipse,horizontal,261,103.37001846015222,315,103.37001846015222,0.05197407079453148,0.25,274.1450088714303,103.37001846015222,302.02420906029033,103.37001846015222,27.87920018886001,0
G1521,input_image.png,F10,ellipse,vertical,280.3096650002093,69,280.3096650002093,123,0.05197407079453148,0.25,280.3096650002093,82.60362707198053,280.3096650002093,109.25983321000176,26.656206138021226,0
G1522,input_image.png,F10,ellipse,vertical,280.50435702552045,69,280.50435702552045,123,0.05197407079453148,0.25,280.50435702552045,82.50786820046717,280.50435702552045,109.35616751992538,26.84829931945821,0
G1523,input_image.png,F10,ellipse,vertical,280.6990490508316,69,280.6990490508316,123,0.05197407079453148,0.25,280.6990490508316,82.40804328871478,280.6990490508316,109.45648257580726,27.048439287092492,0
G1524,input_image.png,F10,ellipse,vertical,280.89374107614276,69,280.89374107614276,123,0.05197407079453148,0.25,280.89374107614276,82.30388774563701,280.89374107614276,109.56103032290588,27.25714257726885,0
G1525,input_image.png,F10,ellipse,vertical,281.0884331014539,69,281.0884331014539,123,0.05197407079453148,0.25,281.0884331014539,82.20602744384225,281.0884331014539,109.65889787663923,27.452870432796992,0
G1526,input_image.png,F10,ellipse,vertical,281.28312512676507,69,281.28312512676507,123,0.05197407079453148,0.25,281.28312512676507,82.1171800822409,281.28312512676507,109.74735214818146,27.630172065940563,0
G1527,input_image.png,F10,ellipse,vertical,281.4778171520762,69,281.4778171520762,123,0.05197407079453148,0.25,281.4778171520762,82.02426892566575,281.4778171520762,109.83981001095387,27.815541085288118,0
G1528,input_image.png,F10,ellipse,vertical,281.6725091773874,69,281.6725091773874,123,0.05197407079453148,0.25,281.6725091773874,81.94524783708277,281.6725091773874,109.93654957282843,27.99130173574565,0
G1529,input_image.png,F10,ellipse,vertical,281.86720120269854,69,281.86720120269854,123,0.05197407079453148,0.25,281.86720120269854,81.87086912015545,281.86720120269854,110.0284191357143,28.157550015558854,0
G1530,input_image.png,F10,ellipse,vertical,282.0618932280097,69,282.0618932280097,123,0.05197407079453148,0.25,282.0618932280097,81.80005462017047,282.0618932280097,110.10095276305802,28.30089814288755,0
G1531,input_image.png,F10,ellipse,vertical,282.25658525332085,69,282.25658525332085,123,0.05197407079453148,0.25,282.25658525332085,81.73775353309432,282.25658525332085,110.16402731245196,28.426273779357633,0
G1532,input_image.png,F10,ellipse,vertical,282.451277278632,69,282.451277278632,123,0.05197407079453148,0.25,282.451277278632,81.67351615286435,282.451277278632,110.2288863986603,28.55537024579595,0
G1533,input_image.png,F10,ellipse,vertical,282.64596930394316,69,282.64596930394316,123,0.05197407079453148,0.25,282.64596930394316,81.60725078573945,282.64596930394316,110.29560684191844,28.688356056178993,0
G1534,input_image.png,F10,ellipse,vertical,282.8406613292543,69,282.8406613292543,123,0.05197407079453148,0.25,282.8406613292543,81.53885985554439,282.8406613292543,110.36426993589988,28.825410080355503,0
G1535,input_image.png,F10,ellipse,vertical,283.0353533545655,69,283.0353533545655,123,0.05197407079453148,0.25,283.0353533545655,81.47183057599699,283.0353533545655,110.43185386694836,28.960023290951376,0
G1536,input_image.png,F10,ellipse,vertical,283.23004537987663,69,283.23004537987663,123,0.05197407079453148,0.25,283.23004537987663,81.41928039983449,283.23004537987663,110.48720110798057,29.06792070814608,0
G1537,input_image.png,F10,ellipse,vertical,283.4247374051878,69,283.4247374051878,123,0.05197407079453148,0.25,283.4247374051878,81.36539594130628,283.4247374051878,110.54415189704741,29.178755955741146,0
G1538,input_image.png,F10,ellipse,vertical,283.61942943049894,69,283.61942943049894,123,0.05197407079453148,0.25,283.61942943049894,81.3101257295578,283.61942943049894,110.60277694670599,29.29265121714819,0
G1539,input_image.png,F10,ellipse,vertical,283.8141214558101,69,283.8141214558101,123,0.05197407079453148,0.25,283.8141214558101,81.25341561188523,283.8141214558101,110.66315118920781,29.409735577322582,0
G1540,input_image.png,F10,ellipse,vertical,284.00881348112125,69,284.00881348112125,123,0.05197407079453148,0.25,284.00881348112125,81.19592851810214,284.00881348112125,110.72455011754417,29.52862159944204,0
G1541,input_image.png,F10,ellipse,vertical,284.2035055064324,69,284.2035055064324,123,0.05197407079453148,0.25,284.2035055064324,81.15237272494974,284.2035055064324,110.7704673224956,29.618094597545863,0
G1542,input_image.png,F10,ellipse,vertical,284.39819753174356,69,284.39819753174356,123,0.05197407079453148,0.25,284.39819753174356,81.10779929052826,284.39819753174356,110.81751360512376,29.709714314595494,0
G1543,input_image.png,F10,ellipse,vertical,284.5928895570547,69,284.5928895570547,123,0.05197407079453148,0.25,284.5928895570547,81.06217212889396,284.5928895570547,110.86573112887268,29.803558999978712,0
G1544,input_image.png,F10,ellipse,vertical,284.7875815823659,69,284.7875815823659,123,0.05197407079453148,0.25,284.7875815823659,81.01545342753322,284.7875815823659,110.91516418300887,29.899710755475652,0
G1545,input_image.png,F10,ellipse,vertical,284.9822736076771,69,284.9822736076771,123,0.05197407079453148,0.25,284.9822736076771,80.97599874243525,284.9822736076771,110.96585931830789,29.989860575872648,0
G1546,input_image.png,F10,ellipse,vertical,285.17696563298824,69,285.17696563298824,123,0.05197407079453148,0.25,285.17696563298824,80.95023575583078,285.17696563298824,111.00294739392305,30.052711638092283,0
G1547,input_image.png,F10,ellipse,vertical,285.3716576582994,69,285.3716576582994,123,0.05197407079453148,0.25,285.3716576582994,80.92528503165923,285.3716576582994,111.03065234051098,30.105367308851754,0
G1548,input_image.png,F10,ellipse,vertical,285.56634968361055,69,285.56634968361055,123,0.05197407079453148,0.25,285.56634968361055,80.90014469203861,285.56634968361055,111.05857952840437,30.158434836365757,0
G1549,input_image.png,F10,ellipse,vertical,285.7610417089217,69,285.7610417089217,123,0.05197407079453148,0.25,285.7610417089217,80.87481256722283,285.7610417089217,111.08673164250807,30.21191907528524,0
G1550,input_image.png,F10,ellipse,vertical,285.95573373423287,69,285.95573373423287,123,0.05197407079453148,0.25,285.95573373423287,80.84928645423486,285.95573373423287,111.11511141115037,30.26582495691551,0
G1551,input_image.png,F10,ellipse,vertical,286.150425759544,69,286.150425759544,123,0.05197407079453148,0.25,286.150425759544,80.83211042717225,286.150425759544,111.13543563302039,30.303325205848143,0
G1552,input_image.png,F10,ellipse,vertical,286.3451177848552,69,286.3451177848552,123,0.05197407079453148,0.25,286.3451177848552,80.81736384501178,286.3451177848552,111.15344734695995,30.33608350194817,0
G1553,input_image.png,F10,ellipse,vertical,286.53980981016633,69,286.53980981016633,123,0.05197407079453148,0.25,286.53980981016633,80.80254559789479,286.53980981016633,111.17157230877349,30.3690267108787,0
G1554,input_image.png,F10,ellipse,vertical,286.7345018354775,69,286.7345018354775,123,0.05197407079453148,0.25,286.7345018354775,80.78765516213628,286.7345018354775,111.18981158989095,30.402156427754683,0
G1555,input_image.png,F10,ellipse,vertical,286.92919386078864,69,286.92919386078864,123,0.05197407079453148,0.25,286.92919386078864,80.7726920089364,286.92919386078864,111.20816627530073,30.43547426636432,0
G1556,input_image.png,F10,ellipse,vertical,287.1238858860998,69,287.1238858860998,123,0.05197407079453148,0.25,287.1238858860998,80.76477549428864,287.1238858860998,111.21952236603889,30.454746871750253,0
G1557,input_image.png,F10,ellipse,vertical,287.31857791141096,69,287.31857791141096,123,0.05197407079453148,0.25,287.31857791141096,80.76091134240082,287.31857791141096,111.2268491565489,30.46593781414807,0
G1558,input_image.png,F10,ellipse,vertical,287.5132699367221,69,287.5132699367221,123,0.05197407079453148,0.25,287.5132699367221,80.75704278671304,287.5132699367221,111.2341955834334,30.47715279672036,0
G1559,input_image.png,F10,ellipse,vertical,287.70796196203327,69,287.70796196203327,123,0.05197407079453148,0.25,287.70796196203327,80.75316981969279,287.70796196203327,111.24156172573886,30.488391906046076,0
G1560,input_image.png,F10,ellipse,vertical,287.9026539873444,69,287.9026539873444,123,0.05197407079453148,0.25,287.9026539873444,80.74929243379036,287.9026539873444,111.24894766293662,30.499655229146246,0
G1561,input_image.png,F10,ellipse,vertical,288.0973460126556,69,288.0973460126556,123,0.05197407079453148,0.25,288.0973460126556,80.75105249951227,288.0973460126556,111.25070772447356,30.499655224961295,0
G1562,input_image.png,F10,ellipse,vertical,288.29203803796673,69,288.29203803796673,123,0.05197407079453148,0.25,288.29203803796673,80.75843843964816,288.29203803796673,111.24683033318675,30.488391893538584,0
G1563,input_image.png,F10,ellipse,vertical,288.4867300632779,69,288.4867300632779,123,0.05197407079453148,0.25,288.4867300632779,80.76580458485546,288.4867300632779,111.24295736080863,30.47715277595318,0
G1564,input_image.png,F10,ellipse,vertical,288.68142208858904,69,288.68142208858904,123,0.05197407079453148,0.25,288.68142208858904,80.77315101460569,288.68142208858904,111.23908879978943,30.46593778518374,0
G1565,input_image.png,F10,ellipse,vertical,288.8761141139002,69,288.8761141139002,123,0.05197407079453148,0.25,288.8761141139002,80.7804778079456,288.8761141139002,111.23522464259653,30.45474683465094,0
G1566,input_image.png,F10,ellipse,vertical,289.07080613921136,69,289.07080613921136,123,0.05197407079453148,0.25,289.07080613921136,80.79183390013517,289.07080613921136,111.22730812215855,30.435474222023387,0
G1567,input_image.png,F10,ellipse,vertical,289.2654981645225,69,289.2654981645225,123,0.05197407079453148,0.25,289.2654981645225,80.8101885846171,289.2654981645225,111.21234496236148,30.402156377744397,0
G1568,input_image.png,F10,ellipse,vertical,289.46019018983367,69,289.46019018983367,123,0.05197407079453148,0.25,289.46019018983367,80.82842786478035,289.46019018983367,111.19745452012123,30.369026655340875,0
G1569,input_image.png,F10,ellipse,vertical,289.6548822151448,69,289.6548822151448,123,0.05197407079453148,0.25,289.6548822151448,80.84655282561384,289.6548822151448,111.1826362666365,30.336083441022645,0
G1570,input_image.png,F10,ellipse,vertical,289.849574240456,69,289.849574240456,123,0.05197407079453148,0.25,289.849574240456,80.8645645385481,289.849574240456,111.16788967822086,30.303325139672776,0
G1571,input_image.png,F10,ellipse,vertical,290.04426626576713,69,290.04426626576713,123,0.05197407079453148,0.25,290.04426626576713,80.88488875853176,290.04426626576713,111.15071364489309,30.265824886361337,0
G1572,input_image.png,F10,ellipse,vertical,290.2389582910783,69,290.2389582910783,123,0.05197407079453148,0.25,290.2389582910783,80.9132685224212,290.2389582910783,111.1251875253853,30.211919002964095,0
G1573,input_image.png,F10,ellipse,vertical,290.43365031638945,69,290.43365031638945,123,0.05197407079453148,0.25,290.43365031638945,80.94142063185706,290.43365031638945,111.09985539423374,30.15843476237668,0
G1574,input_image.png,F10,ellipse,vertical,290.6283423417006,69,290.6283423417006,123,0.05197407079453148,0.25,290.6283423417006,80.96934781516602,290.6283423417006,111.07471504845776,30.105367233291748,0
G1575,input_image.png,F10,ellipse,vertical,290.82303436701176,69,290.82303436701176,123,0.05197407079453148,0.25,290.82303436701176,80.99705275725138,290.82303436701176,111.04976431830775,30.052711561056366,0
G1576,input_image.png,F10,ellipse,vertical,291.0177263923229,69,291.0177263923229,123,0.05197407079453148,0.25,291.0177263923229,81.03414087770561,291.0177263923229,111.02400132591262,29.989860448207004,0
G1577,input_image.png,F10,ellipse,vertical,291.21241841763407,69,291.21241841763407,123,0.05197407079453148,0.25,291.21241841763407,81.08483600202067,291.21241841763407,110.9845466566657,29.899710654645034,0
G1578,input_image.png,F10,ellipse,vertical,291.4071104429453,69,291.4071104429453,123,0.05197407079453148,0.25,291.4071104429453,81.13426904575867,291.4071104429453,110.93782794790886,29.80355890215018,0
G1579,input_image.png,F10,ellipse,vertical,291.60180246825644,69,291.60180246825644,123,0.05197407079453148,0.25,291.60180246825644,81.18248655966214,291.60180246825644,110.89220077926433,29.70971421960219,0
G1580,input_image.png,F10,ellipse,vertical,291.7964944935676,69,291.7964944935676,123,0.05197407079453148,0.25,291.7964944935676,81.22953283296675,291.7964944935676,110.84762733819784,29.61809450523107,0
G1581,input_image.png,F10,ellipse,vertical,291.99118651887875,69,291.99118651887875,123,0.05197407079453148,0.25,291.99118651887875,81.27545002908774,291.99118651887875,110.80407153874623,29.528621509658493,0
G1582,input_image.png,F10,ellipse,vertical,292.1858785441899,69,292.1858785441899,123,0.05197407079453148,0.25,292.1858785441899,81.33684894597829,292.1858785441899,110.74658443933606,29.409735493357775,0
G1583,input_image.png,F10,ellipse,vertical,292.38057056950106,69,292.38057056950106,123,0.05197407079453148,0.25,292.38057056950106,81.39722317765772,292.38057056950106,110.68987431641155,29.292651138753826,0
G1584,input_image.png,F10,ellipse,vertical,292.5752625948122,69,292.5752625948122,123,0.05197407079453148,0.25,292.5752625948122,81.45584821721901,292.5752625948122,110.63460409974928,29.178755882530265,0
G1585,input_image.png,F10,ellipse,vertical,292.76995462012337,69,292.76995462012337,123,0.05197407079453148,0.25,292.76995462012337,81.51279899686526,292.76995462012337,110.58071963662513,29.067920639759876,0
G1586,input_image.png,F10,ellipse,vertical,292.9646466454345,69,292.9646466454345,123,0.05197407079453148,0.25,292.9646466454345,81.56814622910879,292.9646466454345,110.52816945616561,28.960023227056823,0
G1587,input_image.png,F10,ellipse,vertical,293.1593386707457,69,293.1593386707457,123,0.05197407079453148,0.25,293.1593386707457,81.63573015085986,293.1593386707457,110.4611401728132,28.82541002195334,0
G1588,input_image.png,F10,ellipse,vertical,293.35403069605684,69,293.35403069605684,123,0.05197407079453148,0.25,293.35403069605684,81.70439323601005,293.35403069605684,110.39274923915877,28.68835600314872,0
G1589,input_image.png,F10,ellipse,vertical,293.548722721368,69,293.548722721368,123,0.05197407079453148,0.25,293.548722721368,81.77111367111391,293.548722721368,110.32648386885472,28.555370197740814,0
G1590,input_image.png,F10,ellipse,vertical,293.74341474667915,69,293.74341474667915,123,0.05197407079453148,0.25,293.74341474667915,81.83597274979898,293.74341474667915,110.26224648570516,28.426273735906168,0
G1591,input_image.png,F10,ellipse,vertical,293.9381067719903,69,293.9381067719903,123,0.05197407079453148,0.25,293.9381067719903,81.8990472922582,293.9381067719903,110.19994539595,28.3008981036918,0
G1592,input_image.png,F10,ellipse,vertical,294.13279879730146,69,294.13279879730146,123,0.05197407079453148,0.25,294.13279879730146,81.97158091333345,294.13279879730146,110.12913089378432,28.157549980450874,0
G1593,input_image.png,F10,ellipse,vertical,294.3274908226126,69,294.3274908226126,123,0.05197407079453148,0.25,294.3274908226126,82.06345048434015,294.3274908226126,110.0547521749535,27.991301690613362,0
G1594,input_image.png,F10,ellipse,vertical,294.5221828479238,69,294.5221828479238,123,0.05197407079453148,0.25,294.5221828479238,82.16019003914973,294.5221828479238,109.97573108795038,27.815541048800657,0
G1595,input_image.png,F10,ellipse,vertical,294.71687487323493,69,294.71687487323493,123,0.05197407079453148,0.25,294.71687487323493,82.25264789553222,294.71687487323493,109.88281992957144,27.630172034039234,0
G1596,input_image.png,F10,ellipse,vertical,294.9115668985461,69,294.9115668985461,123,0.05197407079453148,0.25,294.9115668985461,82.34110216129272,294.9115668985461,109.79397256633338,27.45287040504065,0
G1597,input_image.png,F10,ellipse,vertical,295.10625892385724,69,295.10625892385724,123,0.05197407079453148,0.25,295.10625892385724,82.43896970987493,295.10625892385724,109.69611226319373,27.257142553318815,0
G1598,input_image.png,F10,ellipse,vertical,295.3009509491684,69,295.3009509491684,123,0.05197407079453148,0.25,295.3009509491684,82.54351745241637,295.3009509491684,109.59195671901034,27.048439266593967,0
G1599,input_image.png,F10,ellipse,vertical,295.49564297447955,69,295.49564297447955,123,0.05197407079453148,0.25,295.49564297447955,82.64383250422492,295.49564297447955,109.49213180625836,26.848299302033453,0
G1600,input_image.png,F10,ellipse,vertical,295.6903349997907,69,295.6903349997907,123,0.05197407079453148,0.25,295.6903349997907,82.74016681051272,295.6903349997907,109.39637293384138,26.65620612332866,0
G1601,input_image.png,F11,rectangle,horizontal,5,154.7324132171654,59,154.7324132171654,0.05197407079453148,0.25,15.065902692248999,154.7324132171654,47.844546640823005,154.7324132171654,32.77864394857401,0
G1602,input_image.png,F11,rectangle,horizontal,5,154.86576984457892,59,154.86576984457892,0.05197407079453148,0.25,15.061638444909445,154.86576984457892,47.868236299265845,154.86576984457892,32.8065978543564,0
G1603,input_image.png,F11,rectangle,horizontal,5,154.99912647199247,59,154.99912647199247,0.05197407079453148,0.25,15.057442420642927,154.99912647199247,47.89236593520868,154.99912647199247,32.83492351456575,0
G1604,input_image.png,F11,rectangle,horizontal,5,155.132483099406,59,155.132483099406,0.05197407079453148,0.25,15.065422409320997,155.132483099406,47.91308665137956,155.132483099406,32.84766424205856,0
G1605,input_image.png,F11,rectangle,horizontal,5,155.26583972681954,59,155.26583972681954,0.05197407079453148,0.25,15.07334679344665,155.26583972681954,47.934104514493114,155.26583972681954,32.86075772104647,0
G1606,input_image.png,F11,rectangle,horizontal,5,155.39919635423306,59,155.39919635423306,0.05197407079453148,0.25,15.081138478797406,155.39919635423306,47.955452108343856,155.39919635423306,32.87431362954645,0
G1607,input_image.png,F11,rectangle,horizontal,5,155.5325529816466,59,155.5325529816466,0.05197407079453148,0.25,15.088800770882985,155.5325529816466,47.977137253559825,155.5325529816466,32.88833648267684,0
G1608,input_image.png,F11,rectangle,horizontal,5,155.66590960906012,59,155.66590960906012,0.05197407079453148,0.25,15.096336866330747,155.66590960906012,47.99916802006186,155.66590960906012,32.902831153731114,0
G1609,input_image.png,F11,rectangle,horizontal,5,155.79926623647367,59,155.79926623647367,0.05197407079453148,0.25,15.103749857332266,155.79926623647367,48.01496129829466,155.79926623647367,32.91121144096239,0
G1610,input_image.png,F11,rectangle,horizontal,5,155.9326228638872,59,155.9326228638872,0.05197407079453148,0.25,15.111042735873744,155.9326228638872,48.030530621674394,155.9326228638872,32.91948788580065,0
G1611,input_image.png,F11,rectangle,horizontal,5,156.06597949130074,59,156.06597949130074,0.05197407079453148,0.25,15.122184089274281,156.06597949130074,48.04542564320158,156.06597949130074,32.9232415539273,0
G1612,input_image.png,F11,rectangle,horizontal,5,156.19933611871426,59,156.19933611871426,0.05197407079453148,0.25,15.137135781817166,156.19933611871426,48.05966918201656,156.19933611871426,32.9225334001994,0
G1613,input_image.png,F11,rectangle,horizontal,5,156.3326927461278,59,156.3326927461278,0.05197407079453148,0.25,15.1518127930861,156.3326927461278,48.07399003009861,156.3326927461278,32.922177237012505,0
G1614,input_image.png,F11,rectangle,horizontal,5,156.46604937354132,59,156.46604937354132,0.05197407079453148,0.25,15.166222623541971,156.46604937354132,48.08838881857458,156.46604937354132,32.92216619503261,0
G1615,input_image.png,F11,rectangle,horizontal,5,156.59940600095487,59,156.59940600095487,0.05197407079453148,0.25,15.180372503031535,156.59940600095487,48.10286618545986,156.59940600095487,32.922493682428325,0
G1616,input_image.png,F11,rectangle,horizontal,5,156.73276262836842,59,156.73276262836842,0.05197407079453148,0.25,15.194269402882858,156.73276262836842,48.11742277575252,156.73276262836842,32.92315337286966,0
G1617,input_image.png,F11,rectangle,horizontal,5,156.86611925578194,59,156.86611925578194,0.05197407079453148,0.25,15.20792004735783,156.86611925578194,48.13205924152918,156.86611925578194,32.924139194171346,0
G1618,input_image.png,F11,rectangle,horizontal,5,156.9994758831955,59,156.9994758831955,0.05197407079453148,0.25,15.221330924501165,156.9994758831955,48.14677624204233,156.9994758831955,32.92544531754116,0
G1619,input_image.png,F11,rectangle,horizontal,5,157.132832510609,59,157.132832510609,0.05197407079453148,0.25,15.237921982571496,157.132832510609,48.16047679878478,157.132832510609,32.92255481621328,0
G1620,input_image.png,F11,rectangle,horizontal,5,157.26618913802255,59,157.26618913802255,0.05197407079453148,0.25,15.254234148328964,157.26618913802255,48.17427257976057,157.26618913802255,32.92003843143161,0
G1621,input_image.png,F11,rectangle,horizontal,5,157.39954576543607,59,157.39954576543607,0.05197407079453148,0.25,15.270261483075236,157.39954576543607,48.188169040413264,157.39954576543607,32.917907557338026,0
G1622,input_image.png,F11,rectangle,horizontal,5,157.53290239284962,59,157.53290239284962,0.05197407079453148,0.25,15.286011382504899,157.53290239284962,48.20216728689843,157.53290239284962,32.916155904393534,0
G1623,input_image.png,F11,rectangle,horizontal,5,157.66625902026314,59,157.66625902026314,0.05197407079453148,0.25,15.301490988468624,157.66625902026314,48.21626844163542,157.66625902026314,32.9147774531668,0
G1624,input_image.png,F11,rectangle,horizontal,5,157.7996156476767,59,157.7996156476767,0.05197407079453148,0.25,15.316707199771459,157.7996156476767,48.23047364360748,157.7996156476767,32.913766443836025,0
G1625,input_image.png,F11,rectangle,horizontal,5,157.9329722750902,59,157.9329722750902,0.05197407079453148,0.25,15.331666682424505,157.9329722750902,48.24478404866832,157.9329722750902,32.91311736624382,0
G1626,input_image.png,F11,rectangle,horizontal,5,158.06632890250376,59,158.06632890250376,0.05197407079453148,0.25,15.34666577019248,158.06632890250376,48.25853315976329,158.06632890250376,32.91186738957081,0
G1627,input_image.png,F11,rectangle,horizontal,5,158.19968552991728,59,158.19968552991728,0.05197407079453148,0.25,15.361727768039186,158.19968552991728,48.271717028502636,158.19968552991728,32.90998926046345,0
G1628,input_image.png,F11,rectangle,horizontal,5,158.33304215733082,59,158.33304215733082,0.05197407079453148,0.25,15.376569562676984,158.33304215733082,48.285012360609684,158.33304215733082,32.9084427979327,0
G1629,input_image.png,F11,rectangle,horizontal,5,158.46639878474434,59,158.46639878474434,0.05197407079453148,0.25,15.39119594804886,158.46639878474434,48.29842057564024,158.46639878474434,32.90722462759138,0
G1630,input_image.png,F11,rectangle,horizontal,5,158.5997554121579,59,158.5997554121579,0.05197407079453148,0.25,15.405611579944724,158.5997554121579,48.31194311735817,158.5997554121579,32.90633153741344,0
G1631,input_image.png,F11,rectangle,horizontal,5,158.7331120395714,59,158.7331120395714,0.05197407079453148,0.25,15.419820980942449,158.7331120395714,48.32558145425355,158.7331120395714,32.905760473311105,0
G1632,input_image.png,F11,rectangle,horizontal,5,158.86646866698496,59,158.86646866698496,0.05197407079453148,0.25,15.433828545138415,158.86646866698496,48.33933708007435,158.86646866698496,32.90550853493593,0
G1633,input_image.png,F11,rectangle,horizontal,5,158.9998252943985,59,158.9998252943985,0.05197407079453148,0.25,15.447638542677824,158.9998252943985,48.35321151437178,158.9998252943985,32.90557297169396,0
G1634,input_image.png,F11,rectangle,horizontal,5,159.13318192181202,59,159.13318192181202,0.05197407079453148,0.25,15.461537685805549,159.13318192181202,48.365971200890996,159.13318192181202,32.904433515085444,0
G1635,input_image.png,F11,rectangle,horizontal,5,159.26653854922557,59,159.26653854922557,0.05197407079453148,0.25,15.475272390539118,159.26653854922557,48.37885333554378,159.26653854922557,32.90358094500466,0
G1636,input_image.png,F11,rectangle,horizontal,5,159.3998951766391,59,159.3998951766391,0.05197407079453148,0.25,15.488845216179737,159.3998951766391,48.391861358496534,159.3998951766391,32.9030161423168,0
G1637,input_image.png,F11,rectangle,horizontal,5,159.53325180405264,59,159.53325180405264,0.05197407079453148,0.25,15.502259007854308,159.53325180405264,48.404997124140614,159.53325180405264,32.90273811628631,0
G1638,input_image.png,F11,rectangle,horizontal,5,159.66660843146616,59,159.66660843146616,0.05197407079453148,0.25,15.51551654440486,159.66660843146616,48.41826252346846,159.66660843146616,32.902745979063596,0
G1639,input_image.png,F11,rectangle,horizontal,5,159.7999650588797,59,159.7999650588797,0.05197407079453148,0.25,15.528620540307745,159.7999650588797,48.43165948498107,159.7999650588797,32.90303894467333,0
G1640,input_image.png,F11,rectangle,horizontal,5,159.93332168629323,59,159.93332168629323,0.05197407079453148,0.25,15.541573647526507,159.93332168629323,48.44518997562267,159.93332168629323,32.90361632809616,0
G1641,input_image.png,F11,rectangle,horizontal,5,160.06667831370677,59,160.06667831370677,0.05197407079453148,0.25,15.554810372372273,160.06667831370677,48.45842670433495,160.06667831370677,32.903616331962674,0
G1642,input_image.png,F11,rectangle,horizontal,5,160.2000349411203,59,160.2000349411203,0.05197407079453148,0.25,15.568340859531826,160.2000349411203,48.4713798158229,160.2000349411203,32.90303895629107,0
G1643,input_image.png,F11,rectangle,horizontal,5,160.33339156853384,59,160.33339156853384,0.05197407079453148,0.25,15.58173781760254,160.33339156853384,48.48448381606119,160.33339156853384,32.902745998458656,0
G1644,input_image.png,F11,rectangle,horizontal,5,160.46674819594736,59,160.46674819594736,0.05197407079453148,0.25,15.595003213527947,160.46674819594736,48.4977413570148,160.46674819594736,32.90273814348686,0
G1645,input_image.png,F11,rectangle,horizontal,5,160.6001048233609,59,160.6001048233609,0.05197407079453148,0.25,15.6081389758084,160.6001048233609,48.511155153161596,160.6001048233609,32.903016177353194,0
G1646,input_image.png,F11,rectangle,horizontal,5,160.73346145077443,59,160.73346145077443,0.05197407079453148,0.25,15.621146995435684,160.73346145077443,48.52472798334512,160.73346145077443,32.903580987909436,0
G1647,input_image.png,F11,rectangle,horizontal,5,160.86681807818798,59,160.86681807818798,0.05197407079453148,0.25,15.634029126800527,160.86681807818798,48.538462692693884,160.86681807818798,32.904433565893356,0
G1648,input_image.png,F11,rectangle,horizontal,5,161.0001747056015,59,161.0001747056015,0.05197407079453148,0.25,15.646788810067488,161.0001747056015,48.55236184051365,161.0001747056015,32.90557303044616,0
G1649,input_image.png,F11,rectangle,horizontal,5,161.13353133301504,59,161.13353133301504,0.05197407079453148,0.25,15.660663240222151,161.13353133301504,48.56617184510835,161.13353133301504,32.9055086048862,0
G1650,input_image.png,F11,rectangle,horizontal,5,161.2668879604286,59,161.2668879604286,0.05197407079453148,0.25,15.674418861955127,161.2668879604286,48.58017941652133,161.2668879604286,32.90576055456621,0
G1651,input_image.png,F11,rectangle,horizontal,5,161.4002445878421,59,161.4002445878421,0.05197407079453148,0.25,15.688057194816668,161.4002445878421,48.59438882490262,161.4002445878421,32.90633163008596,0
G1652,input_image.png,F11,rectangle,horizontal,5,161.53360121525566,59,161.53360121525566,0.05197407079453148,0.25,15.70157973255381,161.53360121525566,48.60880446435358,161.53360121525566,32.90722473179977,0
G1653,input_image.png,F11,rectangle,horizontal,5,161.66695784266918,59,161.66695784266918,0.05197407079453148,0.25,15.714987943655734,161.66695784266918,48.62343085745727,161.66695784266918,32.90844291380154,0
G1654,input_image.png,F11,rectangle,horizontal,5,161.80031447008272,59,161.80031447008272,0.05197407079453148,0.25,15.728283271885394,161.80031447008272,48.638272660008994,161.80031447008272,32.9099893881236,0
G1655,input_image.png,F11,rectangle,horizontal,5,161.93367109749624,59,161.93367109749624,0.05197407079453148,0.25,15.741467136797743,161.93367109749624,48.6533346659573,161.93367109749624,32.91186752915956,0
G1656,input_image.png,F11,rectangle,horizontal,5,162.0670277249098,59,162.0670277249098,0.05197407079453148,0.25,15.755216243309846,162.0670277249098,48.66833376336819,162.0670277249098,32.91311752005834,0
G1657,input_image.png,F11,rectangle,horizontal,5,162.2003843523233,59,162.2003843523233,0.05197407079453148,0.25,15.769526643069149,162.2003843523233,48.68329325727541,162.2003843523233,32.91376661420626,0
G1658,input_image.png,F11,rectangle,horizontal,5,162.33374097973686,59,162.33374097973686,0.05197407079453148,0.25,15.783731839826391,162.33374097973686,48.69850948014582,162.33374097973686,32.91477764031943,0
G1659,input_image.png,F11,rectangle,horizontal,5,162.46709760715038,59,162.46709760715038,0.05197407079453148,0.25,15.797832989433827,162.46709760715038,48.713989098001804,162.46709760715038,32.916156108567975,0
G1660,input_image.png,F11,rectangle,horizontal,5,162.60045423456393,59,162.60045423456393,0.05197407079453148,0.25,15.811831230873231,162.60045423456393,48.72973900966019,162.60045423456393,32.91790777878696,0
G1661,input_image.png,F11,rectangle,horizontal,5,162.73381086197745,59,162.73381086197745,0.05197407079453148,0.25,15.825727686562562,162.73381086197745,48.745766356983985,162.73381086197745,32.92003867042142,0
G1662,input_image.png,F11,rectangle,horizontal,5,162.867167489391,59,162.867167489391,0.05197407079453148,0.25,15.839523462655983,162.867167489391,48.76207853568066,162.867167489391,32.922555073024675,0
G1663,input_image.png,F11,rectangle,horizontal,5,163.0005241168045,59,163.0005241168045,0.05197407079453148,0.25,15.853224014590682,163.0005241168045,48.77866960706542,163.0005241168045,32.92544559247474,0
G1664,input_image.png,F11,rectangle,horizontal,5,163.13388074421806,59,163.13388074421806,0.05197407079453148,0.25,15.867941009116198,163.13388074421806,48.7920804979175,163.13388074421806,32.9241394888013,0
G1665,input_image.png,F11,rectangle,horizontal,5,163.26723737163158,59,163.26723737163158,0.05197407079453148,0.25,15.882577469006437,163.26723737163158,48.80573115648409,163.26723737163158,32.92315368747766,0
G1666,input_image.png,F11,rectangle,horizontal,5,163.40059399904513,59,163.40059399904513,0.05197407079453148,0.25,15.897134053512515,163.40059399904513,48.81962807082402,163.40059399904513,32.9224940173115,0
G1667,input_image.png,F11,rectangle,horizontal,5,163.53395062645868,59,163.53395062645868,0.05197407079453148,0.25,15.911611414709668,163.53395062645868,48.833777965213955,163.53395062645868,32.922166550504286,0
G1668,input_image.png,F11,rectangle,horizontal,5,163.6673072538722,59,163.6673072538722,0.05197407079453148,0.25,15.926010197594639,163.6673072538722,48.848187810997416,163.6673072538722,32.92217761340278,0
G1669,input_image.png,F11,rectangle,horizontal,5,163.80066388128574,59,163.80066388128574,0.05197407079453148,0.25,15.940331040181473,163.80066388128574,48.86286483803736,163.80066388128574,32.92253379785589,0
G1670,input_image.png,F11,rectangle,horizontal,5,163.93402050869926,59,163.93402050869926,0.05197407079453148,0.25,15.954574573595732,163.93402050869926,48.87781654681164,163.93402050869926,32.92324197321591,0
G1671,input_image.png,F11,rectangle,horizontal,5,164.0673771361128,59,164.0673771361128,0.05197407079453148,0.25,15.969469589516539,164.0673771361128,48.888957914205676,164.0673771361128,32.91948832468914,0
G1672,input_image.png,F11,rectangle,horizontal,5,164.20073376352633,59,164.20073376352633,0.05197407079453148,0.25,15.985038907083819,164.20073376352633,48.89625080439057,164.20073376352633,32.91121189730675,0
G1673,input_image.png,F11,rectangle,horizontal,5,164.33409039093988,59,164.33409039093988,0.05197407079453148,0.25,16.000832265502495,164.33409039093988,48.90366380729322,164.33409039093988,32.902831541790725,0
G1674,input_image.png,F11,rectangle,horizontal,5,164.4674470183534,59,164.4674470183534,0.05197407079453148,0.25,16.02286302211935,164.4674470183534,48.91119991490791,164.4674470183534,32.88833689278856,0
G1675,input_image.png,F11,rectangle,horizontal,5,164.60080364576694,59,164.60080364576694,0.05197407079453148,0.25,16.04454815772112,164.60080364576694,48.918862219434615,164.60080364576694,32.87431406171349,0
G1676,input_image.png,F11,rectangle,horizontal,5,164.73416027318046,59,164.73416027318046,0.05197407079453148,0.25,16.065895742219634,164.73416027318046,48.92665391750944,164.73416027318046,32.8607581752898,0
G1677,input_image.png,F11,rectangle,horizontal,5,164.867516900594,59,164.867516900594,0.05197407079453148,0.25,16.086913596234275,164.867516900594,48.93457831465122,164.867516900594,32.847664718416944,0
G1678,input_image.png,F11,rectangle,horizontal,5,165.00087352800753,59,165.00087352800753,0.05197407079453148,0.25,16.107634303542802,165.00087352800753,48.942558316585306,165.00087352800753,32.8349240130425,0
G1679,input_image.png,F11,rectangle,horizontal,5,165.13423015542108,59,165.13423015542108,0.05197407079453148,0.25,16.13176392962503,165.13423015542108,48.93836229640183,165.13423015542108,32.8065983667768,0
G1680,input_image.png,F11,rectangle,horizontal,5,165.2675867828346,59,165.2675867828346,0.05197407079453148,0.25,16.15545357852453,165.2675867828346,48.93409805318998,165.2675867828346,32.77864447466545,0
G1681,input_image.png,F11,rectangle,vertical,24.28565906825616,133,24.28565906825616,187,0.05197407079453148,0.25,24.28565906825616,149.88151470484863,24.28565906825616,171.91343922087756,22.031924516028937,0
G1682,input_image.png,F11,rectangle,vertical,24.480958838680053,133,24.480958838680053,187,0.05197407079453148,0.25,24.480958838680053,149.86084509587712,24.480958838680053,171.88490866764442,22.024063571767286,0
G1683,input_image.png,F11,rectangle,vertical,24.676258609103947,133,24.676258609103947,187,0.05197407079453148,0.25,24.676258609103947,149.839982322249,24.676258609103947,171.85711333236253,22.01713101011353,0
G1684,input_image.png,F11,rectangle,vertical,24.87155837952784,133,24.87155837952784,187,0.05197407079453148,0.25,24.87155837952784,149.81892366346634,24.87155837952784,171.83002515725624,22.011101493789923,0
G1685,input_image.png,F11,rectangle,vertical,25.066858149951734,133,25.066858149951734,187,0.05197407079453148,0.25,25.066858149951734,149.79823458930022,25.066858149951734,171.80290063633373,22.004666047033528,0
G1686,input_image.png,F11,rectangle,vertical,25.262157920375632,133,25.262157920375632,187,0.05197407079453148,0.25,25.262157920375632,149.77842112768477,25.262157920375632,171.77510210591652,21.996680978231755,0
G1687,input_image.png,F11,rectangle,vertical,25.457457690799526,133,25.457457690799526,187,0.05197407079453148,0.25,25.457457690799526,149.7583808689742,25.457457690799526,171.74800352229298,21.98962265331878,0
G1688,input_image.png,F11,rectangle,vertical,25.65275746122342,133,25.65275746122342,187,0.05197407079453148,0.25,25.65275746122342,149.7381098966641,25.65275746122342,171.72157877792017,21.983468881256076,0
G1689,input_image.png,F11,rectangle,vertical,25.848057231647314,133,25.848057231647314,187,0.05197407079453148,0.25,25.848057231647314,149.71760420355042,25.848057231647314,171.69580304770207,21.97819884415164,0
G1690,input_image.png,F11,rectangle,vertical,26.04335700207121,133,26.04335700207121,187,0.05197407079453148,0.25,26.04335700207121,149.6972344360769,26.04335700207121,171.67081528329308,21.973580847216162,0
G1691,input_image.png,F11,rectangle,vertical,26.238656772495105,133,26.238656772495105,187,0.05197407079453148,0.25,26.238656772495105,149.67792973684658,26.238656772495105,171.6469504795519,21.96902074270531,0
G1692,input_image.png,F11,rectangle,vertical,26.433956542919,133,26.433956542919,187,0.05197407079453148,0.25,26.433956542919,149.6583686845733,26.433956542919,171.6235894796077,21.96522079503437,0
G1693,input_image.png,F11,rectangle,vertical,26.629256313342893,133,26.629256313342893,187,0.05197407079453148,0.25,26.629256313342893,149.63854613884013,26.629256313342893,171.60071649658627,21.962170357746142,0
G1694,input_image.png,F11,rectangle,vertical,26.824556083766787,133,26.824556083766787,187,0.05197407079453148,0.25,26.824556083766787,149.61845682087028,26.824556083766787,171.5783163963784,21.959859575508116,0
G1695,input_image.png,F11,rectangle,vertical,27.019855854190684,133,27.019855854190684,187,0.05197407079453148,0.25,27.019855854190684,149.5982132840022,27.019855854190684,171.55641494174537,21.958201657743164,0
G1696,input_image.png,F11,rectangle,vertical,27.215155624614578,133,27.215155624614578,187,0.05197407079453148,0.25,27.215155624614578,149.57872492751056,27.215155624614578,171.53527477707607,21.956549849565487,0
G1697,input_image.png,F11,rectangle,vertical,27.410455395038476,133,27.410455395038476,187,0.05197407079453148,0.25,27.410455395038476,149.5589351037159,27.410455395038476,171.5144974294841,21.95556232576822,0
G1698,input_image.png,F11,rectangle,vertical,27.60575516546237,133,27.60575516546237,187,0.05197407079453148,0.25,27.60575516546237,149.5388367629511,27.60575516546237,171.49407363819188,21.955236875240796,0
G1699,input_image.png,F11,rectangle,vertical,27.801054935886263,133,27.801054935886263,187,0.05197407079453148,0.25,27.801054935886263,149.51842263401832,27.801054935886263,171.4739944549337,21.955571820915377,0
G1700,input_image.png,F11,rectangle,vertical,27.996354706310157,133,27.996354706310157,187,0.05197407079453148,0.25,27.996354706310157,149.49768521541807,27.996354706310157,171.45425123088347,21.956566015465395,0
G1701,input_image.png,F11,rectangle,vertical,28.19165447673405,133,28.19165447673405,187,0.05197407079453148,0.25,28.19165447673405,149.4766738790534,28.19165447673405,171.43400065967825,21.957326780624815,0
G1702,input_image.png,F11,rectangle,vertical,28.386954247157945,133,28.386954247157945,187,0.05197407079453148,0.25,28.386954247157945,149.45527159014028,28.386954247157945,171.41402601174977,21.95875442160949,0
G1703,input_image.png,F11,rectangle,vertical,28.582254017581842,133,28.582254017581842,187,0.05197407079453148,0.25,28.582254017581842,149.43346567619446,28.582254017581842,171.39433665095456,21.960870974760102,0
G1704,input_image.png,F11,rectangle,vertical,28.777553788005736,133,28.777553788005736,187,0.05197407079453148,0.25,28.777553788005736,149.4112446106,28.777553788005736,171.37492650872608,21.96368189812608,0
G1705,input_image.png,F11,rectangle,vertical,28.97285355842963,133,28.97285355842963,187,0.05197407079453148,0.25,28.97285355842963,149.38859642362402,28.97285355842963,171.35578968740487,21.967193263780846,0
G1706,input_image.png,F11,rectangle,vertical,29.168153328853528,133,29.168153328853528,187,0.05197407079453148,0.25,29.168153328853528,149.36415524285167,29.168153328853528,171.33560421396135,21.971448971109677,0
G1707,input_image.png,F11,rectangle,vertical,29.36345309927742,133,29.36345309927742,187,0.05197407079453148,0.25,29.36345309927742,149.3389294839465,29.36345309927742,171.31546156051508,21.97653207656861,0
G1708,input_image.png,F11,rectangle,vertical,29.558752869701316,133,29.558752869701316,187,0.05197407079453148,0.25,29.558752869701316,149.31310916097152,29.558752869701316,171.2955689421293,21.982459781157786,0
G1709,input_image.png,F11,rectangle,vertical,29.75405264012521,133,29.75405264012521,187,0.05197407079453148,0.25,29.75405264012521,149.28667300268538,29.75405264012521,171.27592173191334,21.989248729227988,0
G1710,input_image.png,F11,rectangle,vertical,29.949352410549103,133,29.949352410549103,187,0.05197407079453148,0.25,29.949352410549103,149.25959871092803,29.949352410549103,171.25651541643734,21.996916705509324,0
G1711,input_image.png,F11,rectangle,vertical,30.144652180973,133,30.144652180973,187,0.05197407079453148,0.25,30.144652180973,149.23111179512642,30.144652180973,171.23609221241475,22.004980417288326,0
G1712,input_image.png,F11,rectangle,vertical,30.339951951396895,133,30.339951951396895,187,0.05197407079453148,0.25,30.339951951396895,149.20160136757426,30.339951951396895,171.2154565518377,22.01385518426345,0
G1713,input_image.png,F11,rectangle,vertical,30.53525172182079,133,30.53525172182079,187,0.05197407079453148,0.25,30.53525172182079,149.17128832890396,30.53525172182079,171.1950427353045,22.02375440640053,0
G1714,input_image.png,F11,rectangle,vertical,30.730551492244683,133,30.730551492244683,187,0.05197407079453148,0.25,30.730551492244683,149.1401394841291,30.730551492244683,171.17484720453416,22.034707720405084,0
G1715,input_image.png,F11,rectangle,vertical,30.92585126266858,133,30.92585126266858,187,0.05197407079453148,0.25,30.92585126266858,149.10811978213695,30.92585126266858,171.15486647693876,22.046746694801808,0
G1716,input_image.png,F11,rectangle,vertical,31.121151033092474,133,31.121151033092474,187,0.05197407079453148,0.25,31.121151033092474,149.07779649219455,31.121151033092474,171.13428313841047,22.056486646215927,0
G1717,input_image.png,F11,rectangle,vertical,31.316450803516368,133,31.316450803516368,187,0.05197407079453148,0.25,31.316450803516368,149.0483422896343,31.316450803516368,171.11338004058013,22.065037750945848,0
G1718,input_image.png,F11,rectangle,vertical,31.51175057394026,133,31.51175057394026,187,0.05197407079453148,0.25,31.51175057394026,149.01818918999686,31.51175057394026,171.09264620974608,22.074457019749214,0
G1719,input_image.png,F11,rectangle,vertical,31.707050344364156,133,31.707050344364156,187,0.05197407079453148,0.25,31.707050344364156,148.99113484185935,31.707050344364156,171.07207959818942,22.08094475633005,0
G1720,input_image.png,F11,rectangle,vertical,31.902350114788053,133,31.902350114788053,187,0.05197407079453148,0.25,31.902350114788053,148.9693670544669,31.902350114788053,171.05167819108846,22.082311136621595,0
G1721,input_image.png,F11,rectangle,vertical,32.09764988521195,133,32.09764988521195,187,0.05197407079453148,0.25,32.09764988521195,148.94832180891154,32.09764988521195,171.0306329455331,22.08231113662159,0
G1722,input_image.png,F11,rectangle,vertical,32.292949655635844,133,32.292949655635844,187,0.05197407079453148,0.25,32.292949655635844,148.92792040181058,32.292949655635844,171.00886515814065,22.080944756330055,0
G1723,input_image.png,F11,rectangle,vertical,32.48824942605974,133,32.48824942605974,187,0.05197407079453148,0.25,32.48824942605974,148.90735379025392,32.48824942605974,170.98181081000314,22.074457019749218,0
G1724,input_image.png,F11,rectangle,vertical,32.68354919648363,133,32.68354919648363,187,0.05197407079453148,0.25,32.68354919648363,148.88661995941987,32.68354919648363,170.9516577103657,22.065037750945848,0
G1725,input_image.png,F11,rectangle,vertical,32.878848966907526,133,32.878848966907526,187,0.05197407079453148,0.25,32.878848966907526,148.86571686158953,32.878848966907526,170.92220350780545,22.05648664621593,0
G1726,input_image.png,F11,rectangle,vertical,33.07414873733142,133,33.07414873733142,187,0.05197407079453148,0.25,33.07414873733142,148.84513352306124,33.07414873733142,170.89188021786072,22.04674669479948,0
G1727,input_image.png,F11,rectangle,vertical,33.269448507755314,133,33.269448507755314,187,0.05197407079453148,0.25,33.269448507755314,148.82515279546584,33.269448507755314,170.8598605158601,22.034707720394266,0
G1728,input_image.png,F11,rectangle,vertical,33.46474827817921,133,33.46474827817921,187,0.05197407079453148,0.25,33.46474827817921,148.8049572646955,33.46474827817921,170.82871167107356,22.02375440637804,0
G1729,input_image.png,F11,rectangle,vertical,33.66004804860311,133,33.66004804860311,187,0.05197407079453148,0.25,33.66004804860311,148.7845434481623,33.66004804860311,170.79839863238865,22.01385518422635,0
G1730,input_image.png,F11,rectangle,vertical,33.855347819027,133,33.855347819027,187,0.05197407079453148,0.25,33.855347819027,148.76390778758525,33.855347819027,170.76888820481918,22.004980417233945,0
G1731,input_image.png,F11,rectangle,vertical,34.0506475894509,133,34.0506475894509,187,0.05197407079453148,0.25,34.0506475894509,148.74348458356266,34.0506475894509,170.74040128900504,21.99691670544239,0
G1732,input_image.png,F11,rectangle,vertical,34.24594735987479,133,34.24594735987479,187,0.05197407079453148,0.25,34.24594735987479,148.72407826808666,34.24594735987479,170.71332699725662,21.98924872916998,0
G1733,input_image.png,F11,rectangle,vertical,34.441247130298684,133,34.441247130298684,187,0.05197407079453148,0.25,34.441247130298684,148.7044310578707,34.441247130298684,170.6868908389821,21.982459781111388,0
G1734,input_image.png,F11,rectangle,vertical,34.63654690072258,133,34.63654690072258,187,0.05197407079453148,0.25,34.63654690072258,148.68453843948492,34.63654690072258,170.66107051602123,21.97653207653631,0
G1735,input_image.png,F11,rectangle,vertical,34.83184667114647,133,34.83184667114647,187,0.05197407079453148,0.25,34.83184667114647,148.66439578603868,34.83184667114647,170.63584475713247,21.971448971093796,0
G1736,input_image.png,F11,rectangle,vertical,35.027146441570366,133,35.027146441570366,187,0.05197407079453148,0.25,35.027146441570366,148.6442103125992,35.027146441570366,170.61140357637402,21.967193263774803,0
G1737,input_image.png,F11,rectangle,vertical,35.22244621199426,133,35.22244621199426,187,0.05197407079453148,0.25,35.22244621199426,148.62507349130635,35.22244621199426,170.588755389383,21.963681898076672,0
G1738,input_image.png,F11,rectangle,vertical,35.41774598241816,133,35.41774598241816,187,0.05197407079453148,0.25,35.41774598241816,148.60566334910482,35.41774598241816,170.5665343237722,21.960870974667394,0
G1739,input_image.png,F11,rectangle,vertical,35.613045752842055,133,35.613045752842055,187,0.05197407079453148,0.25,35.613045752842055,148.58597398833516,35.613045752842055,170.54472840980884,21.958754421473703,0
G1740,input_image.png,F11,rectangle,vertical,35.80834552326595,133,35.80834552326595,187,0.05197407079453148,0.25,35.80834552326595,148.5659993404307,35.80834552326595,170.523326120877,21.9573267804463,0
G1741,input_image.png,F11,rectangle,vertical,36.00364529368984,133,36.00364529368984,187,0.05197407079453148,0.25,36.00364529368984,148.54574876924647,36.00364529368984,170.5023147844932,21.95656601524674,0
G1742,input_image.png,F11,rectangle,vertical,36.19894506411374,133,36.19894506411374,187,0.05197407079453148,0.25,36.19894506411374,148.5260055451429,36.19894506411374,170.48157736590795,21.95557182076505,0
G1743,input_image.png,F11,rectangle,vertical,36.39424483453763,133,36.39424483453763,187,0.05197407079453148,0.25,36.39424483453763,148.5059263618342,36.39424483453763,170.46116323699138,21.955236875157183,0
G1744,input_image.png,F11,rectangle,vertical,36.589544604961524,133,36.589544604961524,187,0.05197407079453148,0.25,36.589544604961524,148.4855025704945,36.589544604961524,170.44106489624397,21.955562325749476,0
G1745,input_image.png,F11,rectangle,vertical,36.78484437538542,133,36.78484437538542,187,0.05197407079453148,0.25,36.78484437538542,148.46472522285825,36.78484437538542,170.42127507246778,21.956549849609537,0
G1746,input_image.png,F11,rectangle,vertical,36.98014414580931,133,36.98014414580931,187,0.05197407079453148,0.25,36.98014414580931,148.44358505814802,36.98014414580931,170.40178671599568,21.958201657847678,0
G1747,input_image.png,F11,rectangle,vertical,37.17544391623321,133,37.17544391623321,187,0.05197407079453148,0.25,37.17544391623321,148.4216836035337,37.17544391623321,170.38154317912966,21.959859575595978,0
G1748,input_image.png,F11,rectangle,vertical,37.37074368665711,133,37.37074368665711,187,0.05197407079453148,0.25,37.37074368665711,148.39928350334955,37.37074368665711,170.36145386115984,21.96217035781029,0
G1749,input_image.png,F11,rectangle,vertical,37.566043457081,133,37.566043457081,187,0.05197407079453148,0.25,37.566043457081,148.37641052035013,37.566043457081,170.34163131542664,21.96522079507651,0
G1750,input_image.png,F11,rectangle,vertical,37.761343227504895,133,37.761343227504895,187,0.05197407079453148,0.25,37.761343227504895,148.35304952042614,37.761343227504895,170.32207026315342,21.969020742727274,0
G1751,input_image.png,F11,rectangle,vertical,37.95664299792879,133,37.95664299792879,187,0.05197407079453148,0.25,37.95664299792879,148.32918471670317,37.95664299792879,170.3027655639231,21.97358084721992,0
G1752,input_image.png,F11,rectangle,vertical,38.15194276835268,133,38.15194276835268,187,0.05197407079453148,0.25,38.15194276835268,148.30419695230518,38.15194276835268,170.28239579644958,21.97819884414441,0
G1753,input_image.png,F11,rectangle,vertical,38.347242538776584,133,38.347242538776584,187,0.05197407079453148,0.25,38.347242538776584,148.27842122209512,38.347242538776584,170.2618901033359,21.983468881240775,0
G1754,input_image.png,F11,rectangle,vertical,38.54254230920047,133,38.54254230920047,187,0.05197407079453148,0.25,38.54254230920047,148.25199647772894,38.54254230920047,170.2416191310258,21.989622653296863,0
G1755,input_image.png,F11,rectangle,vertical,38.73784207962437,133,38.73784207962437,187,0.05197407079453148,0.25,38.73784207962437,148.2248978941104,38.73784207962437,170.2215788723152,21.996680978204818,0
G1756,input_image.png,F11,rectangle,vertical,38.933141850048266,133,38.933141850048266,187,0.05197407079453148,0.25,38.933141850048266,148.1970993636965,38.933141850048266,170.20176541069978,22.004666047003283,0
G1757,input_image.png,F11,rectangle,vertical,39.12844162047216,133,39.12844162047216,187,0.05197407079453148,0.25,39.12844162047216,148.16997484277297,39.12844162047216,170.18107633653366,22.011101493760705,0
G1758,input_image.png,F11,rectangle,vertical,39.32374139089605,133,39.32374139089605,187,0.05197407079453148,0.25,39.32374139089605,148.1428866676635,39.32374139089605,170.160017677751,22.01713101008748,0
G1759,input_image.png,F11,rectangle,vertical,39.51904116131995,133,39.51904116131995,187,0.05197407079453148,0.25,39.51904116131995,148.1150913323778,39.51904116131995,170.13915490412288,22.024063571745067,0
G1760,input_image.png,F11,rectangle,vertical,39.71434093174384,133,39.71434093174384,187,0.05197407079453148,0.25,39.71434093174384,148.08656077914011,39.71434093174384,170.11848529515137,22.031924516011273,0
G1761,input_image.png,F12,rectangle,horizontal,69,156.29404250308494,123,156.29404250308494,0.05197407079453148,0.25,84.89071659168692,156.29404250308494,108.3376527596775,156.29404250308494,23.446936167990565,0
G1762,input_image.png,F12,rectangle,horizontal,69,156.3878642118676,123,156.3878642118676,0.05197407079453148,0.25,84.77918116658154,156.3878642118676,108.3632081285565,156.3878642118676,23.584026961974967,0
G1763,input_image.png,F12,rectangle,horizontal,69,156.48168592065025,123,156.48168592065025,0.05197407079453148,0.25,84.66923336516349,156.48168592065025,108.38881886132326,156.48168592065025,23.719585496159766,0
G1764,input_image.png,F12,rectangle,horizontal,69,156.5755076294329,123,156.5755076294329,0.05197407079453148,0.25,84.56083952902327,156.5755076294329,108.41448513808575,156.5755076294329,23.853645609062472,0
G1765,input_image.png,F12,rectangle,horizontal,69,156.66932933821556,123,156.66932933821556,0.05197407079453148,0.25,84.45396694450821,156.66932933821556,108.44020713973401,156.66932933821556,23.986240195225808,0
G1766,input_image.png,F12,rectangle,horizontal,69,156.76315104699825,123,156.76315104699825,0.05197407079453148,0.25,84.34858380980552,156.76315104699825,108.46598504794447,156.76315104699825,24.11740123813895,0
G1767,input_image.png,F12,rectangle,horizontal,69,156.8569727557809,123,156.8569727557809,0.05197407079453148,0.25,84.2446592033922,156.8569727557809,108.49181904518406,156.8569727557809,24.247159841791866,0
G1768,input_image.png,F12,rectangle,horizontal,69,156.95079446456356,123,156.95079446456356,0.05197407079453148,0.25,84.14216305378561,156.95079446456356,108.51770931471471,156.95079446456356,24.3755462609291,0
G1769,input_image.png,F12,rectangle,horizontal,69,157.0446161733462,123,157.0446161733462,0.05197407079453148,0.25,84.05468447937042,157.0446161733462,108.54023142017759,157.0446161733462,24.485546940807176,0
G1770,input_image.png,F12,rectangle,horizontal,69,157.13843788212887,123,157.13843788212887,0.05197407079453148,0.25,83.98572661870602,157.13843788212887,108.55907125719816,157.13843788212887,24.573344638492138,0
G1771,input_image.png,F12,rectangle,horizontal,69,157.23225959091153,123,157.23225959091153,0.05197407079453148,0.25,83.92658143649477,157.23225959091153,108.57802001864836,157.23225959091153,24.65143858215359,0
G1772,input_image.png,F12,rectangle,horizontal,69,157.32608129969418,123,157.32608129969418,0.05197407079453148,0.25,83.86846163600583,157.32608129969418,108.59707865190333,157.32608129969418,24.7286170158975,0
G1773,input_image.png,F12,rectangle,horizontal,69,157.41990300847687,123,157.41990300847687,0.05197407079453148,0.25,83.81134078130653,157.41990300847687,108.6162481153566,157.41990300847687,24.80490733405007,0
G1774,input_image.png,F12,rectangle,horizontal,69,157.51372471725952,123,157.51372471725952,0.05197407079453148,0.25,83.75519333746702,157.51372471725952,108.63552937858076,157.51372471725952,24.880336041113736,0
G1775,input_image.png,F12,rectangle,horizontal,69,157.60754642604218,123,157.60754642604218,0.05197407079453148,0.25,83.69999463249893,157.60754642604218,108.6549234224909,157.60754642604218,24.954928789991968,0
G1776,input_image.png,F12,rectangle,horizontal,69,157.70136813482483,123,157.70136813482483,0.05197407079453148,0.25,83.64572082120742,157.70136813482483,108.674431239511,157.70136813482483,25.02871041830357,0
G1777,input_image.png,F12,rectangle,horizontal,69,157.7951898436075,123,157.7951898436075,0.05197407079453148,0.25,83.59234885084514,157.7951898436075,108.69405383374317,157.7951898436075,25.10170498289803,0
G1778,input_image.png,F12,rectangle,horizontal,69,157.88901155239014,123,157.88901155239014,0.05197407079453148,0.25,83.53985642846423,157.88901155239014,108.71379222114001,157.88901155239014,25.173935792675763,0
G1779,input_image.png,F12,rectangle,horizontal,69,157.9828332611728,123,157.9828332611728,0.05197407079453148,0.25,83.48822198986916,157.9828332611728,108.73364742967982,157.9828332611728,25.245425439810667,0
G1780,input_image.png,F12,rectangle,horizontal,69,158.07665496995548,123,158.07665496995548,0.05197407079453148,0.25,83.45441196491353,158.07665496995548,108.74754228461234,158.07665496995548,25.293130319698797,0
G1781,input_image.png,F12,rectangle,horizontal,69,158.17047667873814,123,158.17047667873814,0.05197407079453148,0.25,83.42476845646867,158.17047667873814,108.76018124943073,158.17047667873814,25.335412792962067,0
G1782,input_image.png,F12,rectangle,horizontal,69,158.2642983875208,123,158.2642983875208,0.05197407079453148,0.25,83.39543553364061,158.2642983875208,108.77292544388268,158.2642983875208,25.377489910242083,0
G1783,input_image.png,F12,rectangle,horizontal,69,158.35812009630345,123,158.35812009630345,0.05197407079453148,0.25,83.3664083406925,158.35812009630345,108.785776187645,158.35812009630345,25.419367846952504,0
G1784,input_image.png,F12,rectangle,horizontal,69,158.4519418050861,123,158.4519418050861,0.05197407079453148,0.25,83.337682122583,158.4519418050861,108.79873482255366,158.4519418050861,25.46105269997066,0
G1785,input_image.png,F12,rectangle,horizontal,69,158.54576351386876,123,158.54576351386876,0.05197407079453148,0.25,83.30925222236961,158.54576351386876,108.81180271307102,158.54576351386876,25.502550490701413,0
G1786,input_image.png,F12,rectangle,horizontal,69,158.63958522265142,123,158.63958522265142,0.05197407079453148,0.25,83.2811140786918,158.63958522265142,108.82498124676465,158.63958522265142,25.543867168072858,0
G1787,input_image.png,F12,rectangle,horizontal,69,158.7334069314341,123,158.7334069314341,0.05197407079453148,0.25,83.25326322333136,158.7334069314341,108.83827183479858,158.7334069314341,25.585008611467227,0
G1788,input_image.png,F12,rectangle,horizontal,69,158.82722864021676,123,158.82722864021676,0.05197407079453148,0.25,83.22569527884698,158.82722864021676,108.8516759124369,158.82722864021676,25.62598063358991,0
G1789,input_image.png,F12,rectangle,horizontal,69,158.92105034899942,123,158.92105034899942,0.05197407079453148,0.25,83.1984059562807,158.92105034899942,108.86519493956055,158.92105034899942,25.66678898327985,0
G1790,input_image.png,F12,rectangle,horizontal,69,159.01487205778207,123,159.01487205778207,0.05197407079453148,0.25,83.17413191906523,159.01487205778207,108.87730263546088,159.01487205778207,25.70317071639565,0
G1791,input_image.png,F12,rectangle,horizontal,69,159.10869376656473,123,159.10869376656473,0.05197407079453148,0.25,83.16457480050502,159.10869376656473,108.88137082848235,159.10869376656473,25.716796027977328,0
G1792,input_image.png,F12,rectangle,horizontal,69,159.20251547534738,123,159.20251547534738,0.05197407079453148,0.25,83.15510721976102,159.20251547534738,108.88547633310691,159.20251547534738,25.73036911334588,0
G1793,input_image.png,F12,rectangle,horizontal,69,159.29633718413004,123,159.29633718413004,0.05197407079453148,0.25,83.14572792442004,159.29633718413004,108.88961966500673,159.29633718413004,25.743891740586697,0
G1794,input_image.png,F12,rectangle,horizontal,69,159.39015889291272,123,159.39015889291272,0.05197407079453148,0.25,83.13643568531799,159.39015889291272,108.89380134940055,159.39015889291272,25.757365664082556,0
G1795,input_image.png,F12,rectangle,horizontal,69,159.48398060169538,123,159.48398060169538,0.05197407079453148,0.25,83.127229296003,159.48398060169538,108.89802192127559,159.48398060169538,25.770792625272588,0
G1796,input_image.png,F12,rectangle,horizontal,69,159.57780231047803,123,159.57780231047803,0.05197407079453148,0.25,83.11810757221318,159.57780231047803,108.9022819256158,159.57780231047803,25.78417435340262,0
G1797,input_image.png,F12,rectangle,horizontal,69,159.6716240192607,123,159.6716240192607,0.05197407079453148,0.25,83.10906935136882,159.6716240192607,108.9065819176364,159.6716240192607,25.797512566267585,0
G1798,input_image.png,F12,rectangle,horizontal,69,159.76544572804335,123,159.76544572804335,0.05197407079453148,0.25,83.1001134920784,159.76544572804335,108.91092246302512,159.76544572804335,25.810808970946717,0
G1799,input_image.png,F12,rectangle,horizontal,69,159.859267436826,123,159.859267436826,0.05197407079453148,0.25,83.09123887365814,159.859267436826,108.91530413819027,159.859267436826,25.824065264532123,0
G1800,input_image.png,F12,rectangle,horizontal,69,159.95308914560866,123,159.95308914560866,0.05197407079453148,0.25,83.08244439566441,159.95308914560866,108.9197275305159,159.95308914560866,25.837283134851482,0
G1801,input_image.png,F12,rectangle,horizontal,69,160.04691085439134,123,160.04691085439134,0.05197407079453148,0.25,83.08030474361118,160.04691085439134,108.91758776735153,160.04691085439134,25.837283023740355,0
G1802,input_image.png,F12,rectangle,horizontal,69,160.140732563174,123,160.140732563174,0.05197407079453148,0.25,83.08472881710553,160.140732563174,108.9087937547697,160.140732563174,25.824064937664183,0
G1803,input_image.png,F12,rectangle,horizontal,69,160.23455427195665,123,160.23455427195665,0.05197407079453148,0.25,83.08911115918511,160.23455427195665,108.89991959567959,160.23455427195665,25.81080843649449,0
G1804,input_image.png,F12,rectangle,horizontal,69,160.3283759807393,123,160.3283759807393,0.05197407079453148,0.25,83.09345235754449,160.3283759807393,108.89096418941172,160.3283759807393,25.797511831867233,0
G1805,input_image.png,F12,rectangle,horizontal,69,160.42219768952197,123,160.42219768952197,0.05197407079453148,0.25,83.09775298889458,160.42219768952197,108.88192641504955,160.42219768952197,25.784173426154965,0
G1806,input_image.png,F12,rectangle,horizontal,69,160.51601939830462,123,160.51601939830462,0.05197407079453148,0.25,83.1020136192181,160.51601939830462,108.87280513096184,160.51601939830462,25.770791511743735,0
G1807,input_image.png,F12,rectangle,horizontal,69,160.60984110708728,123,160.60984110708728,0.05197407079453148,0.25,83.10623480401787,160.60984110708728,108.86359917432195,160.60984110708728,25.757364370304067,0
G1808,input_image.png,F12,rectangle,horizontal,69,160.70366281586996,123,160.70366281586996,0.05197407079453148,0.25,83.11041708855828,160.70366281586996,108.85430736061357,160.70366281586996,25.743890272055296,0
G1809,input_image.png,F12,rectangle,horizontal,69,160.79748452465262,123,160.79748452465262,0.05197407079453148,0.25,83.11456100810001,160.79748452465262,108.84492848312271,160.79748452465262,25.730367475022703,0
G1810,input_image.png,F12,rectangle,horizontal,69,160.89130623343527,123,160.89130623343527,0.05197407079453148,0.25,83.11866708812849,160.89130623343527,108.83546131241522,160.89130623343527,25.716794224286737,0
G1811,input_image.png,F12,rectangle,horizontal,69,160.98512794221793,123,160.98512794221793,0.05197407079453148,0.25,83.122735844576,160.98512794221793,108.82590459579961,160.98512794221793,25.703168751223608,0
G1812,input_image.png,F12,rectangle,horizontal,69,161.07894965100058,123,161.07894965100058,0.05197407079453148,0.25,83.13484378225505,161.07894965100058,108.80163008034137,161.07894965100058,25.666786298086308,0
G1813,input_image.png,F12,rectangle,horizontal,69,161.17277135978324,123,161.17277135978324,0.05197407079453148,0.25,83.14836302311694,161.17277135978324,108.77434011514242,161.17277135978324,25.62597709202548,0
G1814,input_image.png,F12,rectangle,horizontal,69,161.2665930685659,123,161.2665930685659,0.05197407079453148,0.25,83.1617673476099,161.2665930685659,108.74677152868978,161.2665930685659,25.58500418107989,0
G1815,input_image.png,F12,rectangle,horizontal,69,161.36041477734858,123,161.36041477734858,0.05197407079453148,0.25,83.1750582147526,161.36041477734858,108.71892003214742,161.36041477734858,25.54386181739482,0
G1816,input_image.png,F12,rectangle,horizontal,69,161.45423648613124,123,161.45423648613124,0.05197407079453148,0.25,83.1882370589689,161.45423648613124,108.69078124820093,161.45423648613124,25.502544189232033,0
G1817,input_image.png,F12,rectangle,horizontal,69,161.5480581949139,123,161.5480581949139,0.05197407079453148,0.25,83.20130529060383,161.5480581949139,108.66235070876397,161.5480581949139,25.46104541816014,0
G1818,input_image.png,F12,rectangle,horizontal,69,161.64187990369655,123,161.64187990369655,0.05197407079453148,0.25,83.21426429642678,161.64187990369655,108.6336238526131,161.64187990369655,25.419359556186322,0
G1819,input_image.png,F12,rectangle,horizontal,69,161.7357016124792,123,161.7357016124792,0.05197407079453148,0.25,83.22711544012203,161.7357016124792,108.60459602294833,161.7357016124792,25.37748058282629,0
G1820,input_image.png,F12,rectangle,horizontal,69,161.82952332126186,123,161.82952332126186,0.05197407079453148,0.25,83.23986006276718,161.82952332126186,108.57526246487646,161.82952332126186,25.335402402109278,0
G1821,input_image.png,F12,rectangle,horizontal,69,161.92334503004452,123,161.92334503004452,0.05197407079453148,0.25,83.25249948329959,161.92334503004452,108.54561832281459,161.92334503004452,25.293118839514996,0
G1822,input_image.png,F12,rectangle,horizontal,69,162.0171667388272,123,162.0171667388272,0.05197407079453148,0.25,83.26639446960789,162.0171667388272,108.51180764492108,162.0171667388272,25.245413175313196,0
G1823,input_image.png,F12,rectangle,horizontal,69,162.11098844760986,123,162.11098844760986,0.05197407079453148,0.25,83.2862482639472,162.11098844760986,108.46017245477634,162.11098844760986,25.173924190829133,0
G1824,input_image.png,F12,rectangle,horizontal,69,162.2048101563925,123,162.2048101563925,0.05197407079453148,0.25,83.30598525654936,162.2048101563925,108.40767927208252,162.2048101563925,25.101694015533162,0
G1825,input_image.png,F12,rectangle,horizontal,69,162.29863186517517,123,162.29863186517517,0.05197407079453148,0.25,83.32560647512469,162.29863186517517,108.35430653251825,162.29863186517517,25.028700057393568,0
G1826,input_image.png,F12,rectangle,horizontal,69,162.39245357395782,123,162.39245357395782,0.05197407079453148,0.25,83.345112935362,162.39245357395782,108.30003194300878,162.39245357395782,24.95491900764678,0
G1827,input_image.png,F12,rectangle,horizontal,69,162.48627528274048,123,162.48627528274048,0.05197407079453148,0.25,83.36450564110388,162.48627528274048,108.24483245067893,162.48627528274048,24.880326809575045,0
G1828,input_image.png,F12,rectangle,horizontal,69,162.58009699152313,123,162.58009699152313,0.05197407079453148,0.25,83.38378558451885,162.58009699152313,108.1886842102052,162.58009699152313,24.804898625686345,0
G1829,input_image.png,F12,rectangle,horizontal,69,162.67391870030582,123,162.67391870030582,0.05197407079453148,0.25,83.40295374627063,162.67391870030582,108.13156254946986,162.67391870030582,24.72860880319923,0
G1830,input_image.png,F12,rectangle,horizontal,69,162.76774040908847,123,162.76774040908847,0.05197407079453148,0.25,83.42201109568434,162.76774040908847,108.07344193341308,162.76774040908847,24.651430837728732,0
G1831,input_image.png,F12,rectangle,horizontal,69,162.86156211787113,123,162.86156211787113,0.05197407079453148,0.25,83.44095859090999,162.86156211787113,108.0142959259718,162.86156211787113,24.573337335061805,0
G1832,input_image.png,F12,rectangle,horizontal,69,162.9553838266538,123,162.9553838266538,0.05197407079453148,0.25,83.45979717908298,162.9553838266538,107.94534161421495,162.9553838266538,24.48554443513197,0
G1833,input_image.png,F12,rectangle,horizontal,69,163.04920553543644,123,163.04920553543644,0.05197407079453148,0.25,83.4823185372276,163.04920553543644,107.85786231137364,163.04920553543644,24.375543774146042,0
G1834,input_image.png,F12,rectangle,horizontal,69,163.1430272442191,123,163.1430272442191,0.05197407079453148,0.25,83.5082084788172,163.1430272442191,107.75536548726959,163.1430272442191,24.247157008452405,0
G1835,input_image.png,F12,rectangle,horizontal,69,163.23684895300175,123,163.23684895300175,0.05197407079453148,0.25,83.53404211695913,163.23684895300175,107.65144014860438,163.23684895300175,24.117398031645248,0
G1836,input_image.png,F12,rectangle,horizontal,69,163.33067066178444,123,163.33067066178444,0.05197407079453148,0.25,83.55981963512052,163.33067066178444,107.54605622165441,163.33067066178444,23.986236586533884,0
G1837,input_image.png,F12,rectangle,horizontal,69,163.4244923705671,123,163.4244923705671,0.05197407079453148,0.25,83.5855412159722,163.4244923705671,107.43918278256321,163.4244923705671,23.853641566591,0
G1838,input_image.png,F12,rectangle,horizontal,69,163.51831407934975,123,163.51831407934975,0.05197407079453148,0.25,83.61120704139309,163.51831407934975,107.33078802708764,163.51831407934975,23.719580985694545,0
G1839,input_image.png,F12,rectangle,horizontal,69,163.6121357881324,123,163.6121357881324,0.05197407079453148,0.25,83.63681729247445,163.6121357881324,107.22083923904326,163.6121357881324,23.584021946568807,0
G1840,input_image.png,F12,rectangle,horizontal,69,163.70595749691506,123,163.70595749691506,0.05197407079453148,0.25,83.66237214952416,163.70595749691506,107.1093027573825,163.70595749691506,23.446930607858338,0
G1841,input_image.png,F12,rectangle,vertical,89.61137242479342,133,89.61137242479342,187,0.05197407079453148,0.25,89.61137242479342,154.2880474558018,89.61137242479342,168.55590034453667,14.267852888734865,0
G1842,input_image.png,F12,rectangle,vertical,89.77310983176066,133,89.77310983176066,187,0.05197407079453148,0.25,89.77310983176066,154.2391358415309,89.77310983176066,168.54865466904002,14.309518827509123,0
G1843,input_image.png,F12,rectangle,vertical,89.93484723872793,133,89.93484723872793,187,0.05197407079453148,0.25,89.93484723872793,154.18977452576152,89.93484723872793,168.54151667295065,14.351742147189118,0
G1844,input_image.png,F12,rectangle,vertical,90.09658464569517,133,90.09658464569517,187,0.05197407079453148,0.25,90.09658464569517,154.14173056364422,90.09658464569517,168.5272613939735,14.385530830329273,0
G1845,input_image.png,F12,rectangle,vertical,90.25832205266244,133,90.25832205266244,187,0.05197407079453148,0.25,90.25832205266244,154.09426569032684,90.25832205266244,168.50834882296357,14.414083132636733,0
G1846,input_image.png,F12,rectangle,vertical,90.42005945962968,133,90.42005945962968,187,0.05197407079453148,0.25,90.42005945962968,154.04613177183467,90.42005945962968,168.4896749899994,14.443543218164749,0
G1847,input_image.png,F12,rectangle,vertical,90.58179686659695,133,90.58179686659695,187,0.05197407079453148,0.25,90.58179686659695,153.99764806299365,90.58179686659695,168.47123540295976,14.473587339966109,0
G1848,input_image.png,F12,rectangle,vertical,90.7435342735642,133,90.7435342735642,187,0.05197407079453148,0.25,90.7435342735642,153.9545673776219,90.7435342735642,168.45302568171996,14.498458304098076,0
G1849,input_image.png,F12,rectangle,vertical,90.90527168053146,133,90.90527168053146,187,0.05197407079453148,0.25,90.90527168053146,153.91141212562832,90.90527168053146,168.4350415546832,14.523629429054889,0
G1850,input_image.png,F12,rectangle,vertical,91.06700908749872,133,91.06700908749872,187,0.05197407079453148,0.25,91.06700908749872,153.86911928733934,91.06700908749872,168.41323308728224,14.544113799942902,0
G1851,input_image.png,F12,rectangle,vertical,91.22874649446597,133,91.22874649446597,187,0.05197407079453148,0.25,91.22874649446597,153.8279478166862,91.22874649446597,168.38601206899108,14.558064252304892,0
G1852,input_image.png,F12,rectangle,vertical,91.39048390143323,133,91.39048390143323,187,0.05197407079453148,0.25,91.39048390143323,153.7865176538773,91.39048390143323,168.35912896856544,14.572611314688153,0
G1853,input_image.png,F12,rectangle,vertical,91.55222130840048,133,91.55222130840048,187,0.05197407079453148,0.25,91.55222130840048,153.74482635307322,91.55222130840048,168.3325775325235,14.587751179450272,0
G1854,input_image.png,F12,rectangle,vertical,91.71395871536774,133,91.71395871536774,187,0.05197407079453148,0.25,91.71395871536774,153.70287143750437,91.71395871536774,168.30635166073932,14.603480223234936,0
G1855,input_image.png,F12,rectangle,vertical,91.87569612233499,133,91.87569612233499,187,0.05197407079453148,0.25,91.87569612233499,153.6606503989805,91.87569612233499,168.28044540177052,14.619795002790053,0
G1856,input_image.png,F12,rectangle,vertical,92.03743352930225,133,92.03743352930225,187,0.05197407079453148,0.25,92.03743352930225,153.6186837327291,92.03743352930225,168.2534669523279,14.634783219598809,0
G1857,input_image.png,F12,rectangle,vertical,92.1991709362695,133,92.1991709362695,187,0.05197407079453148,0.25,92.1991709362695,153.57810201502537,92.1991709362695,168.22216973424037,14.644067719215009,0
G1858,input_image.png,F12,rectangle,vertical,92.36090834323676,133,92.36090834323676,187,0.05197407079453148,0.25,92.36090834323676,153.53711292493466,92.36090834323676,168.19113692654486,14.654024001610196,0
G1859,input_image.png,F12,rectangle,vertical,92.522645750204,133,92.522645750204,187,0.05197407079453148,0.25,92.522645750204,153.49571029751075,92.522645750204,168.16036519258188,14.664654895071113,0
G1860,input_image.png,F12,rectangle,vertical,92.68438315717127,133,92.68438315717127,187,0.05197407079453148,0.25,92.68438315717127,153.45388784278094,92.68438315717127,168.12985125159827,14.675963408817328,0
G1861,input_image.png,F12,rectangle,vertical,92.84612056413852,133,92.84612056413852,187,0.05197407079453148,0.25,92.84612056413852,153.41163914256043,92.84612056413852,168.09959187758125,14.687952735020819,0
G1862,input_image.png,F12,rectangle,vertical,93.00785797110578,133,93.00785797110578,187,0.05197407079453148,0.25,93.00785797110578,153.36907145347797,93.00785797110578,168.069375270957,14.700303817479021,0
G1863,input_image.png,F12,rectangle,vertical,93.16959537807303,133,93.16959537807303,187,0.05197407079453148,0.25,93.16959537807303,153.3282618382337,93.16959537807303,168.0352687183586,14.707006880124919,0
G1864,input_image.png,F12,rectangle,vertical,93.33133278504029,133,93.33133278504029,187,0.05197407079453148,0.25,93.33133278504029,153.28694496640173,93.33133278504029,168.0013081846804,14.714363218278656,0
G1865,input_image.png,F12,rectangle,vertical,93.49307019200754,133,93.49307019200754,187,0.05197407079453148,0.25,93.49307019200754,153.24511132116604,93.49307019200754,167.96316046799893,14.718049146832893,0
G1866,input_image.png,F12,rectangle,vertical,93.6548075989748,133,93.6548075989748,187,0.05197407079453148,0.25,93.6548075989748,153.20275114614802,93.6548075989748,167.9254351383874,14.722683992239386,0
G1867,input_image.png,F12,rectangle,vertical,93.81654500594205,133,93.81654500594205,187,0.05197407079453148,0.25,93.81654500594205,153.15985443782077,93.81654500594205,167.8883010106864,14.728446572865629,0
G1868,input_image.png,F12,rectangle,vertical,93.97828241290931,133,93.97828241290931,187,0.05197407079453148,0.25,93.97828241290931,153.1164109376333,93.97828241290931,167.85174429566086,14.735333358027557,0
G1869,input_image.png,F12,rectangle,vertical,94.14001981987656,133,94.14001981987656,187,0.05197407079453148,0.25,94.14001981987656,153.07388826518746,94.14001981987656,167.81290134238202,14.739013077194556,0
G1870,input_image.png,F12,rectangle,vertical,94.30175722684382,133,94.30175722684382,187,0.05197407079453148,0.25,94.30175722684382,153.03093986785808,94.30175722684382,167.77413218553528,14.743192317677174,0
G1871,input_image.png,F12,rectangle,vertical,94.46349463381108,133,94.46349463381108,187,0.05197407079453148,0.25,94.46349463381108,152.98883363838937,94.46349463381108,167.73586626921298,14.747032630823629,0
G1872,input_image.png,F12,rectangle,vertical,94.62523204077833,133,94.62523204077833,187,0.05197407079453148,0.25,94.62523204077833,152.95012840814053,94.62523204077833,167.69809385817757,14.747965450037025,0
G1873,input_image.png,F12,rectangle,vertical,94.78696944774559,133,94.78696944774559,187,0.05197407079453148,0.25,94.78696944774559,152.91128458307747,94.78696944774559,167.66080546668798,14.7495208836105,0
G1874,input_image.png,F12,rectangle,vertical,94.94870685471284,133,94.94870685471284,187,0.05197407079453148,0.25,94.94870685471284,152.87230141744928,94.94870685471284,167.62399185055816,14.751690433108894,0
G1875,input_image.png,F12,rectangle,vertical,95.1104442616801,133,95.1104442616801,187,0.05197407079453148,0.25,95.1104442616801,152.83433747604724,95.1104442616801,167.585562653442,14.751225177394765,0
G1876,input_image.png,F12,rectangle,vertical,95.27218166864735,133,95.27218166864735,187,0.05197407079453148,0.25,95.27218166864735,152.79665204245,95.27218166864735,167.546606360513,14.749954318063015,0
G1877,input_image.png,F12,rectangle,vertical,95.43391907561461,133,95.43391907561461,187,0.05197407079453148,0.25,95.43391907561461,152.7586813153245,95.43391907561461,167.50807896435623,14.749397649031732,0
G1878,input_image.png,F12,rectangle,vertical,95.59565648258186,133,95.59565648258186,187,0.05197407079453148,0.25,95.59565648258186,152.7204220426853,95.59565648258186,167.4699734207174,14.74955137803208,0
G1879,input_image.png,F12,rectangle,vertical,95.75739388954912,133,95.75739388954912,187,0.05197407079453148,0.25,95.75739388954912,152.6818709229338,95.75739388954912,167.43228283876326,14.750411915829446,0
G1880,input_image.png,F12,rectangle,vertical,95.91913129651637,133,95.91913129651637,187,0.05197407079453148,0.25,95.91913129651637,152.64302460390837,95.91913129651637,167.39500047692738,14.751975873019006,0
G1881,input_image.png,F12,rectangle,vertical,96.08086870348363,133,96.08086870348363,187,0.05197407079453148,0.25,96.08086870348363,152.60499951706902,96.08086870348363,167.3569753914381,14.751975874369101,0
G1882,input_image.png,F12,rectangle,vertical,96.24260611045088,133,96.24260611045088,187,0.05197407079453148,0.25,96.24260611045088,152.56771715386074,96.24260611045088,167.31812907374373,14.750411919882989,0
G1883,input_image.png,F12,rectangle,vertical,96.40434351741814,133,96.40434351741814,187,0.05197407079453148,0.25,96.40434351741814,152.53002657055595,96.40434351741814,167.27957795534797,14.749551384792046,0
G1884,input_image.png,F12,rectangle,vertical,96.56608092438539,133,96.56608092438539,187,0.05197407079453148,0.25,96.56608092438539,152.49192102558914,96.56608092438539,167.24131868408858,14.74939765849945,0
G1885,input_image.png,F12,rectangle,vertical,96.72781833135265,133,96.72781833135265,187,0.05197407079453148,0.25,96.72781833135265,152.45339362812803,96.72781833135265,167.20334795836618,14.749954330238157,0
G1886,input_image.png,F12,rectangle,vertical,96.8895557383199,133,96.8895557383199,187,0.05197407079453148,0.25,96.8895557383199,152.41443733391947,96.8895557383199,167.16566252619478,14.751225192275328,0
G1887,input_image.png,F12,rectangle,vertical,97.05129314528716,133,97.05129314528716,187,0.05197407079453148,0.25,97.05129314528716,152.3760081351903,97.05129314528716,167.12769858644134,14.75169045125104,0
G1888,input_image.png,F12,rectangle,vertical,97.21303055225441,133,97.21303055225441,187,0.05197407079453148,0.25,97.21303055225441,152.3391945167073,97.21303055225441,167.08871542290956,14.749520906202271,0
G1889,input_image.png,F12,rectangle,vertical,97.37476795922167,133,97.37476795922167,187,0.05197407079453148,0.25,97.37476795922167,152.30190612290303,97.37476795922167,167.0498715999556,14.74796547705257,0
G1890,input_image.png,F12,rectangle,vertical,97.53650536618892,133,97.53650536618892,187,0.05197407079453148,0.25,97.53650536618892,152.26413370959347,97.53650536618892,167.01116637182832,14.74703266223483,0
G1891,input_image.png,F12,rectangle,vertical,97.69824277315618,133,97.69824277315618,187,0.05197407079453148,0.25,97.69824277315618,152.22586779103986,97.69824277315618,166.96906014609178,14.743192355051928,0
G1892,input_image.png,F12,rectangle,vertical,97.85998018012344,133,97.85998018012344,187,0.05197407079453148,0.25,97.85998018012344,152.18709863200678,97.85998018012344,166.9261117510951,14.73901311908834,0
G1893,input_image.png,F12,rectangle,vertical,98.02171758709069,133,98.02171758709069,187,0.05197407079453148,0.25,98.02171758709069,152.14825567629677,98.02171758709069,166.88358908118096,14.735333404884173,0
G1894,input_image.png,F12,rectangle,vertical,98.18345499405795,133,98.18345499405795,187,0.05197407079453148,0.25,98.18345499405795,152.11169895703162,98.18345499405795,166.84014558488548,14.728446627853845,0
G1895,input_image.png,F12,rectangle,vertical,98.3451924010252,133,98.3451924010252,187,0.05197407079453148,0.25,98.3451924010252,152.07456482519166,98.3451924010252,166.7972488804716,14.722684055279945,0
G1896,input_image.png,F12,rectangle,vertical,98.50692980799246,133,98.50692980799246,187,0.05197407079453148,0.25,98.50692980799246,152.03683949154828,98.50692980799246,166.75488870938668,14.718049217838388,0
G1897,input_image.png,F12,rectangle,vertical,98.66866721495971,133,98.66866721495971,187,0.05197407079453148,0.25,98.66866721495971,151.99869177638988,98.66866721495971,166.71305506810214,14.71436329171227,0
G1898,input_image.png,F12,rectangle,vertical,98.83040462192697,133,98.83040462192697,187,0.05197407079453148,0.25,98.83040462192697,151.96473123945435,98.83040462192697,166.67173820023783,14.707006960783453,0
G1899,input_image.png,F12,rectangle,vertical,98.99214202889422,133,98.99214202889422,187,0.05197407079453148,0.25,98.99214202889422,151.93062468368186,98.99214202889422,166.63092858897613,14.700303905294287,0
G1900,input_image.png,F12,rectangle,vertical,99.15387943586148,133,99.15387943586148,187,0.05197407079453148,0.25,99.15387943586148,151.90040807172048,99.15387943586148,166.58836090817144,14.687952836450943,0
G1901,input_image.png,F12,rectangle,vertical,99.31561684282873,133,99.31561684282873,187,0.05197407079453148,0.25,99.31561684282873,151.87014869235006,99.31561684282873,166.54611221641954,14.675963524069466,0
G1902,input_image.png,F12,rectangle,vertical,99.477354249796,133,99.477354249796,187,0.05197407079453148,0.25,99.477354249796,151.83963474611494,99.477354249796,166.50428977012913,14.664655024014213,0
G1903,input_image.png,F12,rectangle,vertical,99.63909165676324,133,99.63909165676324,187,0.05197407079453148,0.25,99.63909165676324,151.8088630070054,99.63909165676324,166.46288715111504,14.65402414410963,0
G1904,input_image.png,F12,rectangle,vertical,99.8008290637305,133,99.8008290637305,187,0.05197407079453148,0.25,99.8008290637305,151.77783019427162,99.8008290637305,166.42189806940416,14.644067875132539,0
G1905,input_image.png,F12,rectangle,vertical,99.96256647069775,133,99.96256647069775,187,0.05197407079453148,0.25,99.96256647069775,151.7465329712574,99.96256647069775,166.38131636004994,14.634783388792506,0
G1906,input_image.png,F12,rectangle,vertical,100.12430387766501,133,100.12430387766501,187,0.05197407079453148,0.25,100.12430387766501,151.71955451384287,100.12430387766501,166.3393497095505,14.619795195707628,0
G1907,input_image.png,F12,rectangle,vertical,100.28604128463226,133,100.28604128463226,187,0.05197407079453148,0.25,100.28604128463226,151.69364824605802,100.28604128463226,166.29712868905006,14.603480442992048,0
G1908,input_image.png,F12,rectangle,vertical,100.44777869159952,133,100.44777869159952,187,0.05197407079453148,0.25,100.44777869159952,151.66742236556968,100.44777869159952,166.2551737915444,14.587751425974716,0
G1909,input_image.png,F12,rectangle,vertical,100.60951609856677,133,100.60951609856677,187,0.05197407079453148,0.25,100.60951609856677,151.64087092094172,100.60951609856677,166.21348250884142,14.572611587899686,0
G1910,input_image.png,F12,rectangle,vertical,100.77125350553403,133,100.77125350553403,187,0.05197407079453148,0.25,100.77125350553403,151.6139878120547,100.77125350553403,166.1720523641697,14.558064552115013,0
G1911,input_image.png,F12,rectangle,vertical,100.93299091250128,133,100.93299091250128,187,0.05197407079453148,0.25,100.93299091250128,151.5867667854335,100.93299091250128,166.13088091168817,14.544114126254641,0
G1912,input_image.png,F12,rectangle,vertical,101.09472831946854,133,101.09472831946854,187,0.05197407079453148,0.25,101.09472831946854,151.5649583058857,101.09472831946854,166.0885881000431,14.523629794157376,0
G1913,input_image.png,F12,rectangle,vertical,101.2564657264358,133,101.2564657264358,187,0.05197407079453148,0.25,101.2564657264358,151.54697416397994,101.2564657264358,166.0454328808151,14.498458716835138,0
G1914,input_image.png,F12,rectangle,vertical,101.41820313340305,133,101.41820313340305,187,0.05197407079453148,0.25,101.41820313340305,151.52876442793456,101.41820313340305,166.0023522283909,14.473587800456347,0
G1915,input_image.png,F12,rectangle,vertical,101.57994054037032,133,101.57994054037032,187,0.05197407079453148,0.25,101.57994054037032,151.51032482615864,101.57994054037032,165.9538685966848,14.443543770526183,0
G1916,input_image.png,F12,rectangle,vertical,101.74167794733756,133,101.74167794733756,187,0.05197407079453148,0.25,101.74167794733756,151.49165097853376,101.74167794733756,165.90573471378883,14.414083735255094,0
G1917,input_image.png,F12,rectangle,vertical,101.90341535430483,133,101.90341535430483,187,0.05197407079453148,0.25,101.90341535430483,151.4727383929452,101.90341535430483,165.8582698758298,14.385531482884591,0
G1918,input_image.png,F12,rectangle,vertical,102.06515276127207,133,102.06515276127207,187,0.05197407079453148,0.25,102.06515276127207,151.45848309602886,102.06515276127207,165.8102259622645,14.35174286623566,0
G1919,input_image.png,F12,rectangle,vertical,102.22689016823934,133,102.22689016823934,187,0.05197407079453148,0.25,102.22689016823934,151.4513450767753,102.22689016823934,165.76086471476026,14.309519637984941,0
G1920,input_image.png,F12,rectangle,vertical,102.38862757520658,133,102.38862757520658,187,0.05197407079453148,0.25,102.38862757520658,151.44409937791548,102.38862757520658,165.7119531685696,14.267853790654119,0
G1921,input_image.png,F13,ellipse,horizontal,133,155.28384339726728,187,155.28384339726728,0.05197407079453148,0.25,147.82355273908274,155.28384339726728,173.54416847169819,155.28384339726728,25.720615732615435,0
G1922,input_image.png,F13,ellipse,horizontal,133,155.40323976695672,187,155.40323976695672,0.05197407079453148,0.25,147.7153638943789,155.40323976695672,173.61752277889124,155.40323976695672,25.90215888451233,0
G1923,input_image.png,F13,ellipse,horizontal,133,155.52263613664613,187,155.52263613664613,0.05197407079453148,0.25,147.6085276464948,155.52263613664613,173.69018665288422,155.52263613664613,26.081659006389426,0
G1924,input_image.png,F13,ellipse,horizontal,133,155.64203250633557,187,155.64203250633557,0.05197407079453148,0.25,147.5030187873871,155.64203250633557,173.7621697958702,155.64203250633557,26.259151008483094,0
G1925,input_image.png,F13,ellipse,horizontal,133,155.761428876025,187,155.761428876025,0.05197407079453148,0.25,147.39881273154086,155.761428876025,173.8334817291052,155.761428876025,26.434668997564334,0
G1926,input_image.png,F13,ellipse,horizontal,133,155.88082524571445,187,155.88082524571445,0.05197407079453148,0.25,147.29588549687,155.88082524571445,173.90413179710657,155.88082524571445,26.60824630023655,0
G1927,input_image.png,F13,ellipse,horizontal,133,156.0002216154039,187,156.0002216154039,0.05197407079453148,0.25,147.1942396871563,156.0002216154039,173.9740981777715,156.0002216154039,26.77985849061519,0
G1928,input_image.png,F13,ellipse,horizontal,133,156.11961798509333,187,156.11961798509333,0.05197407079453148,0.25,147.10688182389163,156.11961798509333,174.02665224494422,156.11961798509333,26.91977042105262,0
G1929,input_image.png,F13,ellipse,horizontal,133,156.23901435478277,187,156.23901435478277,0.05197407079453148,0.25,147.01889452910453,156.23901435478277,174.07839482242707,156.23901435478277,27.059500293322543,0
G1930,input_image.png,F13,ellipse,horizontal,133,156.3584107244722,187,156.3584107244722,0.05197407079453148,0.25,146.9322503602866,156.3584107244722,174.12961302172886,156.3584107244722,27.197362661442266,0
G1931,input_image.png,F13,ellipse,horizontal,133,156.47780709416162,187,156.47780709416162,0.05197407079453148,0.25,146.84691495571303,156.47780709416162,174.1803147740209,156.47780709416162,27.333399818307846,0
G1932,input_image.png,F13,ellipse,horizontal,133,156.59720346385106,187,156.59720346385106,0.05197407079453148,0.25,146.76250455575865,156.59720346385106,174.23050785133262,156.59720346385106,27.46800329557398,0
G1933,input_image.png,F13,ellipse,horizontal,133,156.7165998335405,187,156.7165998335405,0.05197407079453148,0.25,146.67900420143005,156.7165998335405,174.28019987052306,156.7165998335405,27.601195669093006,0
G1934,input_image.png,F13,ellipse,horizontal,133,156.83599620322994,187,156.83599620322994,0.05197407079453148,0.25,146.5963992545564,156.83599620322994,174.3293982971342,156.83599620322994,27.732999042577823,0
G1935,input_image.png,F13,ellipse,horizontal,133,156.95539257291938,187,156.95539257291938,0.05197407079453148,0.25,146.51467538923427,156.95539257291938,174.37811044913,156.95539257291938,27.86343505989572,0
G1936,input_image.png,F13,ellipse,horizontal,133,157.07478894260882,187,157.07478894260882,0.05197407079453148,0.25,146.4444019299398,157.07478894260882,174.41440469234075,157.07478894260882,27.97000276240095,0
G1937,input_image.png,F13,ellipse,horizontal,133,157.19418531229826,187,157.19418531229826,0.05197407079453148,0.25,146.38061791237774,157.19418531229826,174.44329282063427,157.19418531229826,28.06267490825651,0
G1938,input_image.png,F13,ellipse,horizontal,133,157.31358168198767,187,157.31358168198767,0.05197407079453148,0.25,146.31685390722842,157.31358168198767,174.4719420661235,157.31358168198767,28.155088158895072,0
G1939,input_image.png,F13,ellipse,horizontal,133,157.4329780516771,187,157.4329780516771,0.05197407079453148,0.25,146.25310990507484,157.4329780516771,174.50035537967585,157.4329780516771,28.247245474601023,0
G1940,input_image.png,F13,ellipse,horizontal,133,157.55237442136655,187,157.55237442136655,0.05197407079453148,0.25,146.18938589650597,157.55237442136655,174.52853566375612,157.55237442136655,28.33914976725016,0
G1941,input_image.png,F13,ellipse,horizontal,133,157.671770791056,187,157.671770791056,0.05197407079453148,0.25,146.1256818721167,157.671770791056,174.55648577341486,157.671770791056,28.43080390129818,0
G1942,input_image.png,F13,ellipse,horizontal,133,157.79116716074543,187,157.79116716074543,0.05197407079453148,0.25,146.06199782250778,157.79116716074543,174.58420851725268,157.79116716074543,28.52221069474492,0
G1943,input_image.png,F13,ellipse,horizontal,133,157.91056353043487,187,157.91056353043487,0.05197407079453148,0.25,145.9983585711526,157.91056353043487,174.611706658361,157.91056353043487,28.613348087208372,0
G1944,input_image.png,F13,ellipse,horizontal,133,158.0299599001243,187,158.0299599001243,0.05197407079453148,0.25,145.93997695602098,158.0299599001243,174.6344921953208,158.0299599001243,28.694515239299832,0
G1945,input_image.png,F13,ellipse,horizontal,133,158.14935626981375,187,158.14935626981375,0.05197407079453148,0.25,145.89413959419733,158.14935626981375,174.64376511592152,158.14935626981375,28.749625521724184,0
G1946,input_image.png,F13,ellipse,horizontal,133,158.26875263950316,187,158.26875263950316,0.05197407079453148,0.25,145.84848636565954,158.26875263950316,174.65299924682296,158.26875263950316,28.804512881163433,0
G1947,input_image.png,F13,ellipse,horizontal,133,158.3881490091926,187,158.3881490091926,0.05197407079453148,0.25,145.80301616310874,158.3881490091926,174.66219483090984,158.3881490091926,28.859178667801086,0
G1948,input_image.png,F13,ellipse,horizontal,133,158.50754537888204,187,158.50754537888204,0.05197407079453148,0.25,145.75772788810687,158.50754537888204,174.67135210904326,158.50754537888204,28.913624220936377,0
G1949,input_image.png,F13,ellipse,horizontal,133,158.62694174857148,187,158.62694174857148,0.05197407079453148,0.25,145.712620450988,158.62694174857148,174.68047132008178,158.62694174857148,28.96785086909379,0
G1950,input_image.png,F13,ellipse,horizontal,133,158.74633811826092,187,158.74633811826092,0.05197407079453148,0.25,145.66769277077105,158.74633811826092,174.6895527009023,158.74633811826092,29.021859930131253,0
G1951,input_image.png,F13,ellipse,horizontal,133,158.86573448795036,187,158.86573448795036,0.05197407079453148,0.25,145.6229437750734,158.86573448795036,174.69859648642034,158.86573448795036,29.075652711346944,0
G1952,input_image.png,F13,ellipse,horizontal,133,158.9851308576398,187,158.9851308576398,0.05197407079453148,0.25,145.57837240002556,158.9851308576398,174.70760290961047,158.9851308576398,29.1292305095849,0
G1953,input_image.png,F13,ellipse,horizontal,133,159.1045272273292,187,159.1045272273292,0.05197407079453148,0.25,145.55025401185404,159.1045272273292,174.7016555823774,159.1045272273292,29.151401570523362,0
G1954,input_image.png,F13,ellipse,horizontal,133,159.22392359701865,187,159.22392359701865,0.05197407079453148,0.25,145.52451482535395,159.22392359701865,174.69359328762744,159.22392359701865,29.1690784622735,0
G1955,input_image.png,F13,ellipse,horizontal,133,159.3433199667081,187,159.3433199667081,0.05197407079453148,0.25,145.4988318620589,159.3433199667081,174.6855408385763,159.3433199667081,29.18670897651738,0
G1956,input_image.png,F13,ellipse,horizontal,133,159.46271633639753,187,159.46271633639753,0.05197407079453148,0.25,145.47320493795377,159.46271633639753,174.6774982171995,159.46271633639753,29.204293279245746,0
G1957,input_image.png,F13,ellipse,horizontal,133,159.58211270608697,187,159.58211270608697,0.05197407079453148,0.25,145.44763386982555,159.58211270608697,174.66946540551675,159.58211270608697,29.221831535691177,0
G1958,input_image.png,F13,ellipse,horizontal,133,159.7015090757764,187,159.7015090757764,0.05197407079453148,0.25,145.42211847525905,159.7015090757764,174.66144238559136,159.7015090757764,29.2393239103323,0
G1959,input_image.png,F13,ellipse,horizontal,133,159.82090544546585,187,159.82090544546585,0.05197407079453148,0.25,145.3966585726325,159.82090544546585,174.6534291395305,159.82090544546585,29.256770566898,0
G1960,input_image.png,F13,ellipse,horizontal,133,159.9403018151553,187,159.9403018151553,0.05197407079453148,0.25,145.37125398111326,159.9403018151553,174.64542564948482,159.9403018151553,29.274171668371565,0
G1961,input_image.png,F13,ellipse,horizontal,133,160.0596981848447,187,160.0596981848447,0.05197407079453148,0.25,145.35457427953395,160.0596981848447,174.62874594658456,160.0596981848447,29.27417166705061,0
G1962,input_image.png,F13,ellipse,horizontal,133,160.17909455453415,187,160.17909455453415,0.05197407079453148,0.25,145.34657079129062,160.17909455453415,174.6033413542554,160.17909455453415,29.256770562964796,0
G1963,input_image.png,F13,ellipse,horizontal,133,160.2984909242236,187,160.2984909242236,0.05197407079453148,0.25,145.33855754705218,160.2984909242236,174.57788145087886,160.2984909242236,29.239323903826698,0
G1964,input_image.png,F13,ellipse,horizontal,133,160.41788729391303,187,160.41788729391303,0.05197407079453148,0.25,145.33053452896934,160.41788729391303,174.55236605562266,160.41788729391303,29.221831526653336,0
G1965,input_image.png,F13,ellipse,horizontal,133,160.53728366360247,187,160.53728366360247,0.05197407079453148,0.25,145.3225017191493,160.53728366360247,174.52679498686544,160.53728366360247,29.204293267716153,0
G1966,input_image.png,F13,ellipse,horizontal,133,160.6566800332919,187,160.6566800332919,0.05197407079453148,0.25,145.31445909965555,160.6566800332919,174.50116806219242,160.6566800332919,29.186708962536876,0
G1967,input_image.png,F13,ellipse,horizontal,133,160.77607640298135,187,160.77607640298135,0.05197407079453148,0.25,145.30640665250772,160.77607640298135,174.47548509839095,160.77607640298135,29.16907844588325,0
G1968,input_image.png,F13,ellipse,horizontal,133,160.89547277267076,187,160.89547277267076,0.05197407079453148,0.25,145.2983443596815,160.89547277267076,174.44974591144637,160.89547277267076,29.15140155176486,0
G1969,input_image.png,F13,ellipse,horizontal,133,161.0148691423602,187,161.0148691423602,0.05197407079453148,0.25,145.29239703442676,161.0148691423602,174.42162752306683,161.0148691423602,29.129230488640083,0
G1970,input_image.png,F13,ellipse,horizontal,133,161.13426551204964,187,161.13426551204964,0.05197407079453148,0.25,145.3014034598402,161.13426551204964,174.37705614911025,161.13426551204964,29.075652689270054,0
G1971,input_image.png,F13,ellipse,horizontal,133,161.25366188173908,187,161.25366188173908,0.05197407079453148,0.25,145.3104472475749,161.25366188173908,174.3323071545888,161.25366188173908,29.021859907013877,0
G1972,input_image.png,F13,ellipse,horizontal,133,161.37305825142852,187,161.37305825142852,0.05197407079453148,0.25,145.31952863060533,161.37305825142852,174.28737947563397,161.37305825142852,28.96785084502864,0
G1973,input_image.png,F13,ellipse,horizontal,133,161.49245462111796,187,161.49245462111796,0.05197407079453148,0.25,145.32864784384688,161.49245462111796,174.24227203986416,161.49245462111796,28.913624196017302,0
G1974,input_image.png,F13,ellipse,horizontal,133,161.6118509908074,187,161.6118509908074,0.05197407079453148,0.25,145.3378051241762,161.6118509908074,174.19698376629933,161.6118509908074,28.859178642123112,0
G1975,input_image.png,F13,ellipse,horizontal,133,161.73124736049684,187,161.73124736049684,0.05197407079453148,0.25,145.34700071045182,161.73124736049684,174.15151356527457,161.73124736049684,28.804512854822747,0
G1976,input_image.png,F13,ellipse,horizontal,133,161.85064373018625,187,161.85064373018625,0.05197407079453148,0.25,145.35623484353465,161.85064373018625,174.10586033835284,161.85064373018625,28.749625494818176,0
G1977,input_image.png,F13,ellipse,horizontal,133,161.9700400998757,187,161.9700400998757,0.05197407079453148,0.25,145.36550776630924,161.9700400998757,174.06002297823633,161.9700400998757,28.694515211927083,0
G1978,input_image.png,F13,ellipse,horizontal,133,162.08943646956513,187,162.08943646956513,0.05197407079453148,0.25,145.38829330552736,162.08943646956513,174.001641366218,162.08943646956513,28.613348060690626,0
G1979,input_image.png,F13,ellipse,horizontal,133,162.20883283925457,187,162.20883283925457,0.05197407079453148,0.25,145.4157914488999,162.20883283925457,173.93800211551633,162.20883283925457,28.522210666616424,0
G1980,input_image.png,F13,ellipse,horizontal,133,162.328229208944,187,162.328229208944,0.05197407079453148,0.25,145.4435141949738,162.328229208944,173.87431806747952,162.328229208944,28.430803872505727,0
G1981,input_image.png,F13,ellipse,horizontal,133,162.44762557863345,187,162.44762557863345,0.05197407079453148,0.25,145.4714643068395,162.44762557863345,173.81061404469455,162.44762557863345,28.339149737855053,0
G1982,input_image.png,F13,ellipse,horizontal,133,162.5670219483229,187,162.5670219483229,0.05197407079453148,0.25,145.49964459309666,162.5670219483229,173.74689003776226,162.5670219483229,28.24724544466558,0
G1983,input_image.png,F13,ellipse,horizontal,133,162.68641831801233,187,162.68641831801233,0.05197407079453148,0.25,145.5280579087949,162.68641831801233,173.68314603727748,162.68641831801233,28.15508812848259,0
G1984,input_image.png,F13,ellipse,horizontal,133,162.80581468770174,187,162.80581468770174,0.05197407079453148,0.25,145.55670715639798,162.80581468770174,173.6193820338293,162.80581468770174,28.06267487743132,0
G1985,input_image.png,F13,ellipse,horizontal,133,162.92521105739118,187,162.92521105739118,0.05197407079453148,0.25,145.58559528677227,162.92521105739118,173.55559801800072,162.92521105739118,27.97000273122845,0
G1986,input_image.png,F13,ellipse,horizontal,133,163.04460742708062,187,163.04460742708062,0.05197407079453148,0.25,145.62188953196377,163.04460742708062,173.4853245607405,163.04460742708062,27.863435028776735,0
G1987,input_image.png,F13,ellipse,horizontal,133,163.16400379677006,187,163.16400379677006,0.05197407079453148,0.25,145.6706016858016,163.16400379677006,173.40360069794102,163.16400379677006,27.732999012139388,0
G1988,input_image.png,F13,ellipse,horizontal,133,163.2834001664595,187,163.2834001664595,0.05197407079453148,0.25,145.71980011422883,163.2834001664595,173.32099575363165,163.2834001664595,27.601195639402818,0
G1989,input_image.png,F13,ellipse,horizontal,133,163.40279653614894,187,163.40279653614894,0.05197407079453148,0.25,145.76949213520828,163.40279653614894,173.23749540191,163.40279653614894,27.468003266701714,0
G1990,input_image.png,F13,ellipse,horizontal,133,163.52219290583838,187,163.52219290583838,0.05197407079453148,0.25,145.8196852142809,163.52219290583838,173.15308500460614,163.52219290583838,27.333399790325227,0
G1991,input_image.png,F13,ellipse,horizontal,133,163.6415892755278,187,163.6415892755278,0.05197407079453148,0.25,145.87038696830456,163.6415892755278,173.06774960272767,163.6415892755278,27.19736263442311,0
G1992,input_image.png,F13,ellipse,horizontal,133,163.76098564521723,187,163.76098564521723,0.05197407079453148,0.25,145.9216051693075,163.76098564521723,172.98110543577147,163.76098564521723,27.059500266463957,0
G1993,input_image.png,F13,ellipse,horizontal,133,163.88038201490667,187,163.88038201490667,0.05197407079453148,0.25,145.97334774845987,163.88038201490667,172.89311814316446,163.88038201490667,26.919770394704585,0
G1994,input_image.png,F13,ellipse,horizontal,133,163.9997783845961,187,163.9997783845961,0.05197407079453148,0.25,146.02590181678005,163.9997783845961,172.80576028202688,163.9997783845961,26.779858465246825,0
G1995,input_image.png,F13,ellipse,horizontal,133,164.11917475428555,187,164.11917475428555,0.05197407079453148,0.25,146.0958681978073,164.11917475428555,172.70411447470272,164.11917475428555,26.60824627689542,0
G1996,input_image.png,F13,ellipse,horizontal,133,164.238571123975,187,164.238571123975,0.05197407079453148,0.25,146.1665182661853,164.238571123975,172.60118724241738,164.238571123975,26.4346689762321,0
G1997,input_image.png,F13,ellipse,horizontal,133,164.35796749366443,187,164.35796749366443,0.05197407079453148,0.25,146.2378301998124,164.35796749366443,172.4969811889514,164.35796749366443,26.259150989138973,0
G1998,input_image.png,F13,ellipse,horizontal,133,164.47736386335387,187,164.47736386335387,0.05197407079453148,0.25,146.30981334320637,164.47736386335387,172.3914723322179,164.47736386335387,26.081658989011498,0
G1999,input_image.png,F13,ellipse,horizontal,133,164.59676023304328,187,164.59676023304328,0.05197407079453148,0.25,146.38247721762363,164.59676023304328,172.2846360867011,164.59676023304328,25.902158869077482,0
G2000,input_image.png,F13,ellipse,horizontal,133,164.71615660273272,187,164.71615660273272,0.05197407079453148,0.25,146.45583152525762,164.71615660273272,172.17644724435695,164.71615660273272,25.720615719099314,0
G2001,input_image.png,F13,ellipse,vertical,153.03955078809037,133,153.03955078809037,187,0.05197407079453148,0.25,153.03955078809037,151.7224681421113,153.03955078809037,169.18830734340253,17.46583920129122,0
G2002,input_image.png,F13,ellipse,vertical,153.21576469218934,133,153.21576469218934,187,0.05197407079453148,0.25,153.21576469218934,151.65155597311124,153.21576469218934,169.23553403761755,17.58397806450631,0
G2003,input_image.png,F13,ellipse,vertical,153.39197859628834,133,153.39197859628834,187,0.05197407079453148,0.25,153.39197859628834,151.58053090346087,153.39197859628834,169.28237843109957,17.701847527638716,0
G2004,input_image.png,F13,ellipse,vertical,153.5681925003873,133,153.5681925003873,187,0.05197407079453148,0.25,153.5681925003873,151.50939266331835,153.5681925003873,169.32884514722986,17.819452483911483,0
G2005,input_image.png,F13,ellipse,vertical,153.74440640448628,133,153.74440640448628,187,0.05197407079453148,0.25,153.74440640448628,151.4381409819813,153.74440640448628,169.37493873513807,17.936797753156767,0
G2006,input_image.png,F13,ellipse,vertical,153.92062030858526,133,153.92062030858526,187,0.05197407079453148,0.25,153.92062030858526,151.36677558788324,153.92062030858526,169.420663671187,18.053888083303754,0
G2007,input_image.png,F13,ellipse,vertical,154.09683421268423,133,154.09683421268423,187,0.05197407079453148,0.25,154.09683421268423,151.30084619235225,154.09683421268423,169.46231246853023,18.161466276177986,0
G2008,input_image.png,F13,ellipse,vertical,154.27304811678323,133,154.27304811678323,187,0.05197407079453148,0.25,154.27304811678323,151.23919856773435,154.27304811678323,169.5008647608654,18.26166619313104,0
G2009,input_image.png,F13,ellipse,vertical,154.4492620208822,133,154.4492620208822,187,0.05197407079453148,0.25,154.4492620208822,151.17723640732146,154.4492620208822,169.5394530802193,18.362216672897855,0
G2010,input_image.png,F13,ellipse,vertical,154.62547592498117,133,154.62547592498117,187,0.05197407079453148,0.25,154.62547592498117,151.1149572977408,154.62547592498117,169.5780774771163,18.463120179375508,0
G2011,input_image.png,F13,ellipse,vertical,154.80168982908015,133,154.80168982908015,187,0.05197407079453148,0.25,154.80168982908015,151.05235880086656,154.80168982908015,169.61673800217525,18.564379201308682,0
G2012,input_image.png,F13,ellipse,vertical,154.97790373317912,133,154.97790373317912,187,0.05197407079453148,0.25,154.97790373317912,150.9904085546881,154.97790373317912,169.65543470610976,18.66502615142166,0
G2013,input_image.png,F13,ellipse,vertical,155.15411763727812,133,155.15411763727812,187,0.05197407079453148,0.25,155.15411763727812,150.94039152473152,155.15411763727812,169.68589647337646,18.745504948644943,0
G2014,input_image.png,F13,ellipse,vertical,155.3303315413771,133,155.3303315413771,187,0.05197407079453148,0.25,155.3303315413771,150.89180452231147,155.3303315413771,169.71519084465297,18.823386322341502,0
G2015,input_image.png,F13,ellipse,vertical,155.50654544547606,133,155.50654544547606,187,0.05197407079453148,0.25,155.50654544547606,150.84365170410194,155.50654544547606,169.74450250465333,18.90085080055139,0
G2016,input_image.png,F13,ellipse,vertical,155.68275934957504,133,155.68275934957504,187,0.05197407079453148,0.25,155.68275934957504,150.7959272760421,155.68275934957504,169.77383146868704,18.97790419264493,0
G2017,input_image.png,F13,ellipse,vertical,155.858973253674,133,155.858973253674,187,0.05197407079453148,0.25,155.858973253674,150.74862554670793,155.858973253674,169.80317775208167,19.05455220537374,0
G2018,input_image.png,F13,ellipse,vertical,156.035187157773,133,156.035187157773,187,0.05197407079453148,0.25,156.035187157773,150.7031374580826,156.035187157773,169.8306336909929,19.127496232910293,0
G2019,input_image.png,F13,ellipse,vertical,156.21140106187198,133,156.21140106187198,187,0.05197407079453148,0.25,156.21140106187198,150.66334535093827,156.21140106187198,169.8504398668478,19.18709451590952,0
G2020,input_image.png,F13,ellipse,vertical,156.38761496597095,133,156.38761496597095,187,0.05197407079453148,0.25,156.38761496597095,150.6234415850315,156.38761496597095,169.87022787538743,19.24678629035596,0
G2021,input_image.png,F13,ellipse,vertical,156.56382887006993,133,156.56382887006993,187,0.05197407079453148,0.25,156.56382887006993,150.5834256897213,156.56382887006993,169.88999774159646,19.306572051875172,0
G2022,input_image.png,F13,ellipse,vertical,156.7400427741689,133,156.7400427741689,187,0.05197407079453148,0.25,156.7400427741689,150.54329719171807,156.7400427741689,169.90974949041373,19.36645229869565,0
G2023,input_image.png,F13,ellipse,vertical,156.9162566782679,133,156.9162566782679,187,0.05197407079453148,0.25,156.9162566782679,150.5030556150648,156.9162566782679,169.9294831467324,19.426427531667596,0
G2024,input_image.png,F13,ellipse,vertical,157.09247058236687,133,157.09247058236687,187,0.05197407079453148,0.25,157.09247058236687,150.46620744194772,157.09247058236687,169.94437362666844,19.478166184720724,0
G2025,input_image.png,F13,ellipse,vertical,157.26868448646584,133,157.26868448646584,187,0.05197407079453148,0.25,157.26868448646584,150.4322978775867,157.26868448646584,169.95487603070194,19.522578153115244,0
G2026,input_image.png,F13,ellipse,vertical,157.44489839056482,133,157.44489839056482,187,0.05197407079453148,0.25,157.44489839056482,150.39810956489092,157.44489839056482,169.9653600271364,19.56725046224546,0
G2027,input_image.png,F13,ellipse,vertical,157.6211122946638,133,157.6211122946638,187,0.05197407079453148,0.25,157.6211122946638,150.36363905256354,157.6211122946638,169.975825664324,19.612186611760446,0
G2028,input_image.png,F13,ellipse,vertical,157.7973261987628,133,157.7973261987628,187,0.05197407079453148,0.25,157.7973261987628,150.32888283209567,157.7973261987628,169.98627299044776,19.65739015835209,0
G2029,input_image.png,F13,ellipse,vertical,157.97354010286176,133,157.97354010286176,187,0.05197407079453148,0.25,157.97354010286176,150.29383733657605,157.97354010286176,169.99670205352228,19.702864716946237,0
G2030,input_image.png,F13,ellipse,vertical,158.14975400696073,133,158.14975400696073,187,0.05197407079453148,0.25,158.14975400696073,150.26664906232278,158.14975400696073,169.99915859584166,19.73250953351888,0
G2031,input_image.png,F13,ellipse,vertical,158.3259679110597,133,158.3259679110597,187,0.05197407079453148,0.25,158.3259679110597,150.24074336514752,158.3259679110597,170.0001860965342,19.759442731386688,0
G2032,input_image.png,F13,ellipse,vertical,158.50218181515868,133,158.50218181515868,187,0.05197407079453148,0.25,158.50218181515868,150.21469012773966,158.50218181515868,170.0011301128099,19.786439985070228,0
G2033,input_image.png,F13,ellipse,vertical,158.67839571925765,133,158.67839571925765,187,0.05197407079453148,0.25,158.67839571925765,150.188488086075,158.67839571925765,170.0020713893245,19.813583303249505,0
G2034,input_image.png,F13,ellipse,vertical,158.85460962335665,133,158.85460962335665,187,0.05197407079453148,0.25,158.85460962335665,150.16213596164897,158.85460962335665,170.003009937988,19.84087397633901,0
G2035,input_image.png,F13,ellipse,vertical,159.03082352745562,133,159.03082352745562,187,0.05197407079453148,0.25,159.03082352745562,150.13730182515707,159.03082352745562,170.00246734781794,19.86516552266087,0
G2036,input_image.png,F13,ellipse,vertical,159.2070374315546,133,159.2070374315546,187,0.05197407079453148,0.25,159.2070374315546,150.12024118225025,159.2070374315546,169.99441880856045,19.87417762631021,0
G2037,input_image.png,F13,ellipse,vertical,159.38325133565357,133,159.38325133565357,187,0.05197407079453148,0.25,159.38325133565357,150.10311577077908,159.38325133565357,169.9861330249755,19.883017254196407,0
G2038,input_image.png,F13,ellipse,vertical,159.55946523975257,133,159.55946523975257,187,0.05197407079453148,0.25,159.55946523975257,150.08592522121367,159.55946523975257,169.9778734785355,19.891948257321854,0
G2039,input_image.png,F13,ellipse,vertical,159.73567914385154,133,159.73567914385154,187,0.05197407079453148,0.25,159.73567914385154,150.06866916120768,159.73567914385154,169.96964004481669,19.900970883608995,0
G2040,input_image.png,F13,ellipse,vertical,159.9118930479505,133,159.9118930479505,187,0.05197407079453148,0.25,159.9118930479505,150.05134721557152,159.9118930479505,169.9614326001806,19.91008538460907,0
G2041,input_image.png,F13,ellipse,vertical,160.0881069520495,133,160.0881069520495,187,0.05197407079453148,0.25,160.0881069520495,150.0385674029688,160.0881069520495,169.94865278719044,19.910085384221645,0
G2042,input_image.png,F13,ellipse,vertical,160.26432085614846,133,160.26432085614846,187,0.05197407079453148,0.25,160.26432085614846,150.03035995872278,160.26432085614846,169.93133084117156,19.90097088244878,0
G2043,input_image.png,F13,ellipse,vertical,160.44053476024743,133,160.44053476024743,187,0.05197407079453148,0.25,160.44053476024743,150.02212652539862,160.44053476024743,169.9140747807901,19.89194825539148,0
G2044,input_image.png,F13,ellipse,vertical,160.61674866434643,133,160.61674866434643,187,0.05197407079453148,0.25,160.61674866434643,150.0138669793579,160.61674866434643,169.8968842308563,19.883017251498394,0
G2045,input_image.png,F13,ellipse,vertical,160.7929625684454,133,160.7929625684454,187,0.05197407079453148,0.25,160.7929625684454,150.00558119617685,160.7929625684454,169.87975881902383,19.874177622846965,0
G2046,input_image.png,F13,ellipse,vertical,160.96917647254438,133,160.96917647254438,187,0.05197407079453148,0.25,160.96917647254438,149.9975326568326,160.96917647254438,169.86269817576266,19.865165518930077,0
G2047,input_image.png,F13,ellipse,vertical,161.14539037664335,133,161.14539037664335,187,0.05197407079453148,0.25,161.14539037664335,149.99699006711887,161.14539037664335,169.837864039161,19.840873972042147,0
G2048,input_image.png,F13,ellipse,vertical,161.32160428074232,133,161.32160428074232,187,0.05197407079453148,0.25,161.32160428074232,149.99792861625787,161.32160428074232,169.81151191467745,19.813583298419584,0
G2049,input_image.png,F13,ellipse,vertical,161.49781818484132,133,161.49781818484132,187,0.05197407079453148,0.25,161.49781818484132,149.9988698932485,161.49781818484132,169.78530987295662,19.786439979708117,0
G2050,input_image.png,F13,ellipse,vertical,161.6740320889403,133,161.6740320889403,187,0.05197407079453148,0.25,161.6740320889403,149.99981391000068,161.6740320889403,169.75925663549395,19.759442725493248,0
G2051,input_image.png,F13,ellipse,vertical,161.85024599303927,133,161.85024599303927,187,0.05197407079453148,0.25,161.85024599303927,150.00084141191584,161.85024599303927,169.7333509382652,19.73250952634936,0
G2052,input_image.png,F13,ellipse,vertical,162.02645989713824,133,162.02645989713824,187,0.05197407079453148,0.25,162.02645989713824,150.00329795480215,162.02645989713824,169.706162663954,19.70286470915182,0
G2053,input_image.png,F13,ellipse,vertical,162.2026738012372,133,162.2026738012372,187,0.05197407079453148,0.25,162.2026738012372,150.01372701865498,162.2026738012372,169.67111716834597,19.65739014969101,0
G2054,input_image.png,F13,ellipse,vertical,162.3788877053362,133,162.3788877053362,187,0.05197407079453148,0.25,162.3788877053362,150.02417434554806,162.3788877053362,169.6363609477932,19.612186602245153,0
G2055,input_image.png,F13,ellipse,vertical,162.55510160943518,133,162.55510160943518,187,0.05197407079453148,0.25,162.55510160943518,150.0346399834959,162.55510160943518,169.6018904353843,19.567250451888366,0
G2056,input_image.png,F13,ellipse,vertical,162.73131551353416,133,162.73131551353416,187,0.05197407079453148,0.25,162.73131551353416,150.04512398068152,162.73131551353416,169.56770212261023,19.52257814192873,0
G2057,input_image.png,F13,ellipse,vertical,162.90752941763313,133,162.90752941763313,187,0.05197407079453148,0.25,162.90752941763313,150.055626385457,162.90752941763313,169.53379255817418,19.478166172717167,0
G2058,input_image.png,F13,ellipse,vertical,163.0837433217321,133,163.0837433217321,187,0.05197407079453148,0.25,163.0837433217321,150.07051686616123,163.0837433217321,169.4969443850053,19.42642751884409,0
G2059,input_image.png,F13,ellipse,vertical,163.2599572258311,133,163.2599572258311,187,0.05197407079453148,0.25,163.2599572258311,150.0902505232749,163.2599572258311,169.45670280832866,19.36645228505378,0
G2060,input_image.png,F13,ellipse,vertical,163.43617112993007,133,163.43617112993007,187,0.05197407079453148,0.25,163.43617112993007,150.1100022728739,163.43617112993007,169.41657431030944,19.306572037435526,0
G2061,input_image.png,F13,ellipse,vertical,163.61238503402905,133,163.61238503402905,187,0.05197407079453148,0.25,163.61238503402905,150.12977213985138,163.61238503402905,169.37655841499048,19.24678627513911,0
G2062,input_image.png,F13,ellipse,vertical,163.78859893812802,133,163.78859893812802,187,0.05197407079453148,0.25,163.78859893812802,150.14956014914614,163.78859893812802,169.33665464908216,19.187094499936023,0
G2063,input_image.png,F13,ellipse,vertical,163.964812842227,133,163.964812842227,187,0.05197407079453148,0.25,163.964812842227,150.16936632574274,163.964812842227,169.2968625419434,19.127496216200665,0
G2064,input_image.png,F13,ellipse,vertical,164.141026746326,133,164.141026746326,187,0.05197407079453148,0.25,164.141026746326,150.196822265568,164.141026746326,169.25137445331478,19.0545521877468,0
G2065,input_image.png,F13,ellipse,vertical,164.31724065042496,133,164.31724065042496,187,0.05197407079453148,0.25,164.31724065042496,150.226168549881,164.31724065042496,169.2040727239747,18.97790417409367,0
G2066,input_image.png,F13,ellipse,vertical,164.49345455452394,133,164.49345455452394,187,0.05197407079453148,0.25,164.49345455452394,150.2554975147881,164.49345455452394,169.15634829590965,18.900850781121573,0
G2067,input_image.png,F13,ellipse,vertical,164.6696684586229,133,164.6696684586229,187,0.05197407079453148,0.25,164.6696684586229,150.28480917561686,164.6696684586229,169.10819547769572,18.82338630207886,0
G2068,input_image.png,F13,ellipse,vertical,164.84588236272188,133,164.84588236272188,187,0.05197407079453148,0.25,164.84588236272188,150.31410354767692,164.84588236272188,169.05960847527206,18.745504927595128,0
G2069,input_image.png,F13,ellipse,vertical,165.02209626682088,133,165.02209626682088,187,0.05197407079453148,0.25,165.02209626682088,150.344565315652,165.02209626682088,169.00959144531262,18.66502612966064,0
G2070,input_image.png,F13,ellipse,vertical,165.19831017091985,133,165.19831017091985,187,0.05197407079453148,0.25,165.19831017091985,150.38326202004077,165.19831017091985,168.9476411991337,18.564379179092928,0
G2071,input_image.png,F13,ellipse,vertical,165.37452407501883,133,165.37452407501883,187,0.05197407079453148,0.25,165.37452407501883,150.4219225455139,165.37452407501883,168.88504270225943,18.46312015674553,0
G2072,input_image.png,F13,ellipse,vertical,165.5507379791178,133,165.5507379791178,187,0.05197407079453148,0.25,165.5507379791178,150.46054694278507,165.5507379791178,168.82276359267874,18.36221664989366,0
G2073,input_image.png,F13,ellipse,vertical,165.72695188321677,133,165.72695188321677,187,0.05197407079453148,0.25,165.72695188321677,150.4991352624733,165.72695188321677,168.7608014322658,18.26166616979251,0
G2074,input_image.png,F13,ellipse,vertical,165.90316578731577,133,165.90316578731577,187,0.05197407079453148,0.25,165.90316578731577,150.53768755510296,165.90316578731577,168.69915380764786,18.161466252544905,0
G2075,input_image.png,F13,ellipse,vertical,166.07937969141474,133,166.07937969141474,187,0.05197407079453148,0.25,166.07937969141474,150.5793363525584,166.07937969141474,168.63322441210218,18.05388805954376,0
G2076,input_image.png,F13,ellipse,vertical,166.25559359551372,133,166.25559359551372,187,0.05197407079453148,0.25,166.25559359551372,150.62506128848733,166.25559359551372,168.56185901796238,17.93679772947502,0
G2077,input_image.png,F13,ellipse,vertical,166.4318074996127,133,166.4318074996127,187,0.05197407079453148,0.25,166.4318074996127,150.67115487620904,166.4318074996127,168.49060733657097,17.819452460361944,0
G2078,input_image.png,F13,ellipse,vertical,166.60802140371166,133,166.60802140371166,187,0.05197407079453148,0.25,166.60802140371166,150.71762159208467,166.60802140371166,168.41946909636167,17.701847504277,0
G2079,input_image.png,F13,ellipse,vertical,166.78423530781066,133,166.78423530781066,187,0.05197407079453148,0.25,166.78423530781066,150.76446598524225,166.78423530781066,168.34844402663202,17.58397804138976,0
G2080,input_image.png,F13,ellipse,vertical,166.96044921190963,133,166.96044921190963,187,0.05197407079453148,0.25,166.96044921190963,150.81169267906142,166.96044921190963,168.27753185754034,17.4658391784789,0
G2081,input_image.png,F14,rectangle,horizontal,197,151.90593359413225,251,151.90593359413225,0.05197407079453148,0.25,217.05390087663284,151.90593359413225,232.37187397546876,151.90593359413225,15.317973098835932,0
G2082,input_image.png,F14,rectangle,horizontal,197,152.11084666769852,251,152.11084666769852,0.05197407079453148,0.25,217.02993676265754,152.11084666769852,232.36013912658237,152.11084666769852,15.330202363924837,0
G2083,input_image.png,F14,rectangle,horizontal,197,152.3157597412648,251,152.3157597412648,0.05197407079453148,0.25,217.00703861622702,152.3157597412648,232.34726647613448,152.3157597412648,15.340227859907444,0
G2084,input_image.png,F14,rectangle,horizontal,197,152.52067281483104,251,152.52067281483104,0.05197407079453148,0.25,216.98640488754754,152.52067281483104,232.33449192728682,152.52067281483104,15.348087039739276,0
G2085,input_image.png,F14,rectangle,horizontal,197,152.72558588839732,251,152.72558588839732,0.05197407079453148,0.25,216.9668268428818,152.72558588839732,232.32181436285785,152.72558588839732,15.35498751997605,0
G2086,input_image.png,F14,rectangle,horizontal,197,152.9304989619636,251,152.9304989619636,0.05197407079453148,0.25,216.94726733348622,152.9304989619636,232.3092326825652,152.9304989619636,15.361965349078975,0
G2087,input_image.png,F14,rectangle,horizontal,197,153.13541203552987,251,153.13541203552987,0.05197407079453148,0.25,216.92857394599662,153.13541203552987,232.29546091681618,153.13541203552987,15.366886970819547,0
G2088,input_image.png,F14,rectangle,horizontal,197,153.34032510909614,251,153.34032510909614,0.05197407079453148,0.25,216.91030666538927,153.34032510909614,232.2811124207653,153.34032510909614,15.370805755376026,0
G2089,input_image.png,F14,rectangle,horizontal,197,153.54523818266242,251,153.54523818266242,0.05197407079453148,0.25,216.89202483152877,153.54523818266242,232.26684371111713,153.54523818266242,15.374818879588357,0
G2090,input_image.png,F14,rectangle,horizontal,197,153.7501512562287,251,153.7501512562287,0.05197407079453148,0.25,216.87372842701666,153.7501512562287,232.2526541242251,153.7501512562287,15.378925697208441,0
G2091,input_image.png,F14,rectangle,horizontal,197,153.95506432979496,251,153.95506432979496,0.05197407079453148,0.25,216.85541743442673,153.95506432979496,232.23854300378235,153.95506432979496,15.383125569355634,0
G2092,input_image.png,F14,rectangle,horizontal,197,154.15997740336124,251,154.15997740336124,0.05197407079453148,0.25,216.83754105206248,154.15997740336124,232.22351564058036,154.15997740336124,15.385974588517882,0
G2093,input_image.png,F14,rectangle,horizontal,197,154.3648904769275,251,154.3648904769275,0.05197407079453148,0.25,216.81974738124435,154.3648904769275,232.20826925122373,154.3648904769275,15.388521869979389,0
G2094,input_image.png,F14,rectangle,horizontal,197,154.5698035504938,251,154.5698035504938,0.05197407079453148,0.25,216.80190651599338,154.5698035504938,232.19308061103035,154.5698035504938,15.391174095036966,0
G2095,input_image.png,F14,rectangle,horizontal,197,154.77471662406006,251,154.77471662406006,0.05197407079453148,0.25,216.78401826829844,154.77471662406006,232.17794939251326,154.77471662406006,15.39393112421483,0
G2096,input_image.png,F14,rectangle,horizontal,197,154.97962969762634,251,154.97962969762634,0.05197407079453148,0.25,216.7660824491484,154.97962969762634,232.16287527065714,154.97962969762634,15.396792821508726,0
G2097,input_image.png,F14,rectangle,horizontal,197,155.1845427711926,251,155.1845427711926,0.05197407079453148,0.25,216.74835061161642,155.1845427711926,232.14716885027684,155.1845427711926,15.398818238660432,0
G2098,input_image.png,F14,rectangle,horizontal,197,155.38945584475886,251,155.38945584475886,0.05197407079453148,0.25,216.73057165963903,155.38945584475886,232.1314202276704,155.38945584475886,15.400848568031353,0
G2099,input_image.png,F14,rectangle,horizontal,197,155.59436891832513,251,155.59436891832513,0.05197407079453148,0.25,216.7127159111225,155.59436891832513,232.1157041740701,155.59436891832513,15.402988262947591,0
G2100,input_image.png,F14,rectangle,horizontal,197,155.7992819918914,251,155.7992819918914,0.05197407079453148,0.25,216.69478286740355,155.7992819918914,232.1000205885486,155.7992819918914,15.405237721145067,0
G2101,input_image.png,F14,rectangle,horizontal,197,156.00419506545768,251,156.00419506545768,0.05197407079453148,0.25,216.67677153743395,156.00419506545768,232.08435478383132,156.00419506545768,15.407583246397358,0
G2102,input_image.png,F14,rectangle,horizontal,197,156.20910813902395,251,156.20910813902395,0.05197407079453148,0.25,216.65864091436794,156.20910813902395,232.06801208320593,156.20910813902395,15.409371168837986,0
G2103,input_image.png,F14,rectangle,horizontal,197,156.41402121259023,251,156.41402121259023,0.05197407079453148,0.25,216.64039653893593,156.41402121259023,232.05167957822374,156.41402121259023,15.41128303928782,0
G2104,input_image.png,F14,rectangle,horizontal,197,156.6189342861565,251,156.6189342861565,0.05197407079453148,0.25,216.62203733723766,156.6189342861565,232.0353572593467,156.6189342861565,15.413319922109036,0
G2105,input_image.png,F14,rectangle,horizontal,197,156.82384735972278,251,156.82384735972278,0.05197407079453148,0.25,216.60356222181244,156.82384735972278,232.0190451170486,156.82384735972278,15.415482895236146,0
G2106,input_image.png,F14,rectangle,horizontal,197,157.02876043328905,251,157.02876043328905,0.05197407079453148,0.25,216.58486129956003,157.02876043328905,232.00261186690864,157.02876043328905,15.417750567348605,0
G2107,input_image.png,F14,rectangle,horizontal,197,157.23367350685533,251,157.23367350685533,0.05197407079453148,0.25,216.56534626846363,157.23367350685533,231.98295384633295,157.23367350685533,15.417607577869315,0
G2108,input_image.png,F14,rectangle,horizontal,197,157.4385865804216,251,157.4385865804216,0.05197407079453148,0.25,216.54565918057813,157.4385865804216,231.9629978023451,157.4385865804216,15.417338621766962,0
G2109,input_image.png,F14,rectangle,horizontal,197,157.64349965398787,251,157.64349965398787,0.05197407079453148,0.25,216.52579775038694,157.64349965398787,231.9431863984507,157.64349965398787,15.41738864806376,0
G2110,input_image.png,F14,rectangle,horizontal,197,157.84841272755415,251,157.84841272755415,0.05197407079453148,0.25,216.50575965171393,157.84841272755415,231.92351806781517,157.84841272755415,15.417758416101236,0
G2111,input_image.png,F14,rectangle,horizontal,197,158.05332580112042,251,158.05332580112042,0.05197407079453148,0.25,216.48550001207684,158.05332580112042,231.90371795608883,158.05332580112042,15.418217944012,0
G2112,input_image.png,F14,rectangle,horizontal,197,158.2582388746867,251,158.2582388746867,0.05197407079453148,0.25,216.4649255851191,158.2582388746867,231.88328782520847,158.2582388746867,15.418362240089358,0
G2113,input_image.png,F14,rectangle,horizontal,197,158.46315194825297,251,158.46315194825297,0.05197407079453148,0.25,216.44414698832588,158.46315194825297,231.86300703823494,158.46315194825297,15.418860049909046,0
G2114,input_image.png,F14,rectangle,horizontal,197,158.66806502181922,251,158.66806502181922,0.05197407079453148,0.25,216.423161167431,158.66806502181922,231.84287396357962,158.66806502181922,15.419712796148616,0
G2115,input_image.png,F14,rectangle,horizontal,197,158.8729780953855,251,158.8729780953855,0.05197407079453148,0.25,216.40196500694276,158.8729780953855,231.8228869933345,158.8729780953855,15.420921986391733,0
G2116,input_image.png,F14,rectangle,horizontal,197,159.07789116895177,251,159.07789116895177,0.05197407079453148,0.25,216.38103061684026,159.07789116895177,231.80275294246792,159.07789116895177,15.421722325627655,0
G2117,input_image.png,F14,rectangle,horizontal,197,159.28280424251804,251,159.28280424251804,0.05197407079453148,0.25,216.36068997987917,159.28280424251804,231.78229130090807,159.28280424251804,15.421601321028895,0
G2118,input_image.png,F14,rectangle,horizontal,197,159.48771731608431,251,159.48771731608431,0.05197407079453148,0.25,216.3401816234404,159.48771731608431,231.7619782212814,159.48771731608431,15.421796597840988,0
G2119,input_image.png,F14,rectangle,horizontal,197,159.6926303896506,251,159.6926303896506,0.05197407079453148,0.25,216.31950346453044,159.6926303896506,231.7418120914873,159.6926303896506,15.422308626956855,0
G2120,input_image.png,F14,rectangle,horizontal,197,159.89754346321686,251,159.89754346321686,0.05197407079453148,0.25,216.29865338551943,159.89754346321686,231.72179132266587,159.89754346321686,15.423137937146425,0
G2121,input_image.png,F14,rectangle,horizontal,197,160.10245653678314,251,160.10245653678314,0.05197407079453148,0.25,216.27820685769643,160.10245653678314,231.70134473029418,160.10245653678314,15.423137872597767,0
G2122,input_image.png,F14,rectangle,horizontal,197,160.3073696103494,251,160.3073696103494,0.05197407079453148,0.25,216.2581861244538,160.3073696103494,231.68049455931495,160.3073696103494,15.422308434861161,0
G2123,input_image.png,F14,rectangle,horizontal,197,160.51228268391569,251,160.51228268391569,0.05197407079453148,0.25,216.23802003118243,160.51228268391569,231.65981631137953,160.51228268391569,15.421796280197078,0
G2124,input_image.png,F14,rectangle,horizontal,197,160.71719575748196,251,160.71719575748196,0.05197407079453148,0.25,216.2177069890403,160.71719575748196,231.639307868795,160.71719575748196,15.421600879754699,0
G2125,input_image.png,F14,rectangle,horizontal,197,160.92210883104823,251,160.92210883104823,0.05197407079453148,0.25,216.197245385945,160.92210883104823,231.6189671485063,160.92210883104823,15.421721762561315,0
G2126,input_image.png,F14,rectangle,horizontal,197,161.1270219046145,251,161.1270219046145,0.05197407079453148,0.25,216.17711134952867,161.1270219046145,231.59803259767114,161.1270219046145,15.42092124814246,0
G2127,input_image.png,F14,rectangle,horizontal,197,161.33193497818078,251,161.33193497818078,0.05197407079453148,0.25,216.15712437871306,161.33193497818078,231.57683623528894,161.33193497818078,15.419711856575887,0
G2128,input_image.png,F14,rectangle,horizontal,197,161.53684805174703,251,161.53684805174703,0.05197407079453148,0.25,216.13699130364583,161.53684805174703,231.5558502215187,161.53684805174703,15.418858917872893,0
G2129,input_image.png,F14,rectangle,horizontal,197,161.7417611253133,251,161.7417611253133,0.05197407079453148,0.25,216.1167105164225,161.7417611253133,231.53507144063178,161.7417611253133,15.418360924209292,0
G2130,input_image.png,F14,rectangle,horizontal,197,161.94667419887958,251,161.94667419887958,0.05197407079453148,0.25,216.09628038545807,161.94667419887958,231.51449683813166,161.94667419887958,15.418216452673615,0
G2131,input_image.png,F14,rectangle,horizontal,197,162.15158727244585,251,162.15158727244585,0.05197407079453148,0.25,216.07648024611584,162.15158727244585,231.49423692744324,162.15158727244585,15.417756681327418,0
G2132,input_image.png,F14,rectangle,horizontal,197,162.35650034601213,251,162.35650034601213,0.05197407079453148,0.25,216.05681187772296,162.35650034601213,231.47419853655998,162.35650034601213,15.417386658837021,0
G2133,input_image.png,F14,rectangle,horizontal,197,162.5614134195784,251,162.5614134195784,0.05197407079453148,0.25,216.03700043558294,162.5614134195784,231.4543368302312,162.5614134195784,15.417336394648277,0
G2134,input_image.png,F14,rectangle,horizontal,197,162.76632649314467,251,162.76632649314467,0.05197407079453148,0.25,216.01704435285333,162.76632649314467,231.43464948189214,162.76632649314467,15.417605129038794,0
G2135,input_image.png,F14,rectangle,horizontal,197,162.97123956671095,251,162.97123956671095,0.05197407079453148,0.25,215.99738656020713,162.97123956671095,231.41513420564752,162.97123956671095,15.417747645440386,0
G2136,input_image.png,F14,rectangle,horizontal,197,163.17615264027722,251,163.17615264027722,0.05197407079453148,0.25,215.9809532567492,163.17615264027722,231.3964331776437,163.17615264027722,15.415479920894512,0
G2137,input_image.png,F14,rectangle,horizontal,197,163.3810657138435,251,163.3810657138435,0.05197407079453148,0.25,215.96464105652157,163.3810657138435,231.37795798548837,163.3810657138435,15.413316928966779,0
G2138,input_image.png,F14,rectangle,horizontal,197,163.58597878740977,251,163.58597878740977,0.05197407079453148,0.25,215.94831867887038,163.58597878740977,231.35959871515755,163.58597878740977,15.41128003628716,0
G2139,input_image.png,F14,rectangle,horizontal,197,163.79089186097605,251,163.79089186097605,0.05197407079453148,0.25,215.93198611426786,163.79089186097605,231.34135427904334,163.79089186097605,15.409368164775486,0
G2140,input_image.png,F14,rectangle,horizontal,197,163.99580493454232,251,163.99580493454232,0.05197407079453148,0.25,215.9156433531744,163.99580493454232,231.32322360310104,163.99580493454232,15.40758024992666,0
G2141,input_image.png,F14,rectangle,horizontal,197,164.2007180081086,251,164.2007180081086,0.05197407079453148,0.25,215.89997748158663,164.2007180081086,231.30521256490277,164.2007180081086,15.405235083316171,0
G2142,input_image.png,F14,rectangle,horizontal,197,164.40563108167487,251,164.40563108167487,0.05197407079453148,0.25,215.88429382865235,164.40563108167487,231.28727980899072,164.40563108167487,15.402985980338372,0
G2143,input_image.png,F14,rectangle,horizontal,197,164.61054415524112,251,164.61054415524112,0.05197407079453148,0.25,215.8685777072152,164.61054415524112,231.26942433721635,164.61054415524112,15.400846630001165,0
G2144,input_image.png,F14,rectangle,horizontal,197,164.8154572288074,251,164.8154572288074,0.05197407079453148,0.25,215.8528290163456,164.8154572288074,231.25164565105104,164.8154572288074,15.398816634705451,0
G2145,input_image.png,F14,rectangle,horizontal,197,165.02037030237366,251,165.02037030237366,0.05197407079453148,0.25,215.83712253087242,165.02037030237366,231.23391407538764,165.02037030237366,15.396791544515253,0
G2146,input_image.png,F14,rectangle,horizontal,197,165.22528337593994,251,165.22528337593994,0.05197407079453148,0.25,215.8220483766255,165.22528337593994,231.21597856826978,165.22528337593994,15.393930191644266,0
G2147,input_image.png,F14,rectangle,horizontal,197,165.4301964495062,251,165.4301964495062,0.05197407079453148,0.25,215.8069171262564,165.4301964495062,231.1980906197556,165.4301964495062,15.391173493499206,0
G2148,input_image.png,F14,rectangle,horizontal,197,165.6351095230725,251,165.6351095230725,0.05197407079453148,0.25,215.79172845475648,165.6351095230725,231.18025004093275,165.6351095230725,15.388521586176282,0
G2149,input_image.png,F14,rectangle,horizontal,197,165.84002259663876,251,165.84002259663876,0.05197407079453148,0.25,215.77648203464577,165.84002259663876,231.1624566438881,165.84002259663876,15.385974609242318,0
G2150,input_image.png,F14,rectangle,horizontal,197,166.04493567020504,251,166.04493567020504,0.05197407079453148,0.25,215.76145458338016,166.04493567020504,231.14458050334179,166.04493567020504,15.383125919961604,0
G2151,input_image.png,F14,rectangle,horizontal,197,166.2498487437713,251,166.2498487437713,0.05197407079453148,0.25,215.74734317520782,166.2498487437713,231.12626967531284,166.2498487437713,15.378926500105042,0
G2152,input_image.png,F14,rectangle,horizontal,197,166.45476181733758,251,166.45476181733758,0.05197407079453148,0.25,215.73315331078524,166.45476181733758,231.10797342992984,166.45476181733758,15.374820119144612,0
G2153,input_image.png,F14,rectangle,horizontal,197,166.65967489090386,251,166.65967489090386,0.05197407079453148,0.25,215.7188843339899,166.65967489090386,231.08969174977938,166.65967489090386,15.370807415789493,0
G2154,input_image.png,F14,rectangle,horizontal,197,166.86458796447013,251,166.86458796447013,0.05197407079453148,0.25,215.70453558136265,166.86458796447013,231.07142461747583,166.86458796447013,15.366889036113157,0
G2155,input_image.png,F14,rectangle,horizontal,197,167.0695010380364,251,167.0695010380364,0.05197407079453148,0.25,215.69076311223773,167.0695010380364,231.05273135473033,167.0695010380364,15.361968242492608,0
G2156,input_image.png,F14,rectangle,horizontal,197,167.27441411160268,251,167.27441411160268,0.05197407079453148,0.25,215.67817986720053,167.27441411160268,231.03317193180806,167.27441411160268,15.354992064607522,0
G2157,input_image.png,F14,rectangle,horizontal,197,167.47932718516893,251,167.47932718516893,0.05197407079453148,0.25,215.66550077845977,167.47932718516893,231.0135939719733,167.47932718516893,15.348093193513524,0
G2158,input_image.png,F14,rectangle,horizontal,197,167.6842402587352,251,167.6842402587352,0.05197407079453148,0.25,215.65272474679986,167.6842402587352,230.99296014324852,167.6842402587352,15.340235396448666,0
G2159,input_image.png,F14,rectangle,horizontal,197,167.88915333230148,251,167.88915333230148,0.05197407079453148,0.25,215.63985065613167,167.88915333230148,230.97006209515988,167.88915333230148,15.330211439028222,0
G2160,input_image.png,F14,rectangle,horizontal,197,168.09406640586775,251,168.09406640586775,0.05197407079453148,0.25,215.62811582951016,168.09406640586775,230.94609806583367,168.09406640586775,15.317982236323488,0
G2161,input_image.png,F14,rectangle,vertical,220.11405082523856,133,220.11405082523856,187,0.05197407079453148,0.25,220.11405082523856,143.79032924464116,220.11405082523856,176.43596920062944,32.64563995598829,0
G2162,input_image.png,F14,rectangle,vertical,220.2124292853591,133,220.2124292853591,187,0.05197407079453148,0.25,220.2124292853591,143.74826868055874,220.2124292853591,176.45539392517935,32.7071252446206,0
G2163,input_image.png,F14,rectangle,vertical,220.31080774547965,133,220.31080774547965,187,0.05197407079453148,0.25,220.31080774547965,143.70678014403276,220.31080774547965,176.47480990226245,32.76802975822969,0
G2164,input_image.png,F14,rectangle,vertical,220.40918620560018,133,220.40918620560018,187,0.05197407079453148,0.25,220.40918620560018,143.6658520444386,220.40918620560018,176.49421713778625,32.82836509334766,0
G2165,input_image.png,F14,rectangle,vertical,220.50756466572074,133,220.50756466572074,187,0.05197407079453148,0.25,220.50756466572074,143.62547310218858,220.50756466572074,176.5136156376529,32.888142535464326,0
G2166,input_image.png,F14,rectangle,vertical,220.60594312584126,133,220.60594312584126,187,0.05197407079453148,0.25,220.60594312584126,143.58563233836824,220.60594312584126,176.53300540775928,32.94737306939104,0
G2167,input_image.png,F14,rectangle,vertical,220.70432158596182,133,220.70432158596182,187,0.05197407079453148,0.25,220.70432158596182,143.54631906478386,220.70432158596182,176.55238645399695,33.00606738921309,0
G2168,input_image.png,F14,rectangle,vertical,220.80270004608235,133,220.80270004608235,187,0.05197407079453148,0.25,220.80270004608235,143.50752287440307,220.80270004608235,176.57175878225215,33.06423590784908,0
G2169,input_image.png,F14,rectangle,vertical,220.9010785062029,133,220.9010785062029,187,0.05197407079453148,0.25,220.9010785062029,143.46923363216993,220.9010785062029,176.59112239840584,33.12188876623591,0
G2170,input_image.png,F14,rectangle,vertical,220.99945696632344,133,220.99945696632344,187,0.05197407079453148,0.25,220.99945696632344,143.431441466178,220.99945696632344,176.61047730833374,33.17903584215574,0
G2171,input_image.png,F14,rectangle,vertical,221.097835426444,133,221.097835426444,187,0.05197407079453148,0.25,221.097835426444,143.40906445200466,221.097835426444,176.62478996385462,33.215725511849975,0
G2172,input_image.png,F14,rectangle,vertical,221.19621388656452,133,221.19621388656452,187,0.05197407079453148,0.25,221.19621388656452,143.38696162614306,221.19621388656452,176.6390946253157,33.25213299917262,0
G2173,input_image.png,F14,rectangle,vertical,221.29459234668508,133,221.29459234668508,187,0.05197407079453148,0.25,221.29459234668508,143.36504689445135,221.29459234668508,176.65341935268953,33.28837245823819,0
G2174,input_image.png,F14,rectangle,vertical,221.3929708068056,133,221.3929708068056,187,0.05197407079453148,0.25,221.3929708068056,143.3433178660916,221.3929708068056,176.6677641882271,33.324446322135486,0
G2175,input_image.png,F14,rectangle,vertical,221.49134926692616,133,221.49134926692616,187,0.05197407079453148,0.25,221.49134926692616,143.32177219057445,221.49134926692616,176.68212917429798,33.36035698372354,0
G2176,input_image.png,F14,rectangle,vertical,221.5897277270467,133,221.5897277270467,187,0.05197407079453148,0.25,221.5897277270467,143.30040755691138,221.5897277270467,176.69651435339094,33.396106796479565,0
G2177,input_image.png,F14,rectangle,vertical,221.68810618716725,133,221.68810618716725,187,0.05197407079453148,0.25,221.68810618716725,143.27922169278855,221.68810618716725,176.71091976811428,33.43169807532575,0
G2178,input_image.png,F14,rectangle,vertical,221.78648464728778,133,221.78648464728778,187,0.05197407079453148,0.25,221.78648464728778,143.258212363761,221.78648464728778,176.72534546119624,33.46713309743522,0
G2179,input_image.png,F14,rectangle,vertical,221.88486310740834,133,221.88486310740834,187,0.05197407079453148,0.25,221.88486310740834,143.23737737246717,221.88486310740834,176.7397914754854,33.50241410301824,0
G2180,input_image.png,F14,rectangle,vertical,221.98324156752886,133,221.98324156752886,187,0.05197407079453148,0.25,221.98324156752886,143.21671455786264,221.98324156752886,176.75425785395123,33.53754329608857,0
G2181,input_image.png,F14,rectangle,vertical,222.08162002764942,133,222.08162002764942,187,0.05197407079453148,0.25,222.08162002764942,143.20517286563188,222.08162002764942,176.764481154491,33.5593082888591,0
G2182,input_image.png,F14,rectangle,vertical,222.17999848776995,133,222.17999848776995,187,0.05197407079453148,0.25,222.17999848776995,143.19554600120847,222.17999848776995,176.77385384322452,33.578307842016066,0
G2183,input_image.png,F14,rectangle,vertical,222.2783769478905,133,222.2783769478905,187,0.05197407079453148,0.25,222.2783769478905,143.18598683787172,222.2783769478905,176.7832518112641,33.59726497339238,0
G2184,input_image.png,F14,rectangle,vertical,222.37675540801104,133,222.37675540801104,187,0.05197407079453148,0.25,222.37675540801104,143.17649466396054,222.37675540801104,176.79267516102,33.616180497059446,0
G2185,input_image.png,F14,rectangle,vertical,222.4751338681316,133,222.4751338681316,187,0.05197407079453148,0.25,222.4751338681316,143.16706877775337,222.4751338681316,176.80212399545638,33.635055217703,0
G2186,input_image.png,F14,rectangle,vertical,222.57351232825212,133,222.57351232825212,187,0.05197407079453148,0.25,222.57351232825212,143.1577084872954,222.57351232825212,176.81159841809506,33.65388993079968,0
G2187,input_image.png,F14,rectangle,vertical,222.67189078837268,133,222.67189078837268,187,0.05197407079453148,0.25,222.67189078837268,143.14841311022914,222.67189078837268,176.82109853301938,33.672685422790224,0
G2188,input_image.png,F14,rectangle,vertical,222.7702692484932,133,222.7702692484932,187,0.05197407079453148,0.25,222.7702692484932,143.13918197362878,222.7702692484932,176.83062444487786,33.69144247124907,0
G2189,input_image.png,F14,rectangle,vertical,222.86864770861376,133,222.86864770861376,187,0.05197407079453148,0.25,222.86864770861376,143.13001441383756,222.86864770861376,176.84017625888816,33.71016184505059,0
G2190,input_image.png,F14,rectangle,vertical,222.9670261687343,133,222.9670261687343,187,0.05197407079453148,0.25,222.9670261687343,143.1209097763089,222.9670261687343,176.8497540808409,33.72884430453202,0
G2191,input_image.png,F14,rectangle,vertical,223.06540462885485,133,223.06540462885485,187,0.05197407079453148,0.25,223.06540462885485,143.11689619354746,223.06540462885485,176.85577245262948,33.73887625908201,0
G2192,input_image.png,F14,rectangle,vertical,223.16378308897538,133,223.16378308897538,187,0.05197407079453148,0.25,223.16378308897538,143.11543515020378,223.16378308897538,176.86000179464122,33.74456664443744,0
G2193,input_image.png,F14,rectangle,vertical,223.26216154909594,133,223.26216154909594,187,0.05197407079453148,0.25,223.26216154909594,143.11398231634323,223.26216154909594,176.86424835200626,33.75026603566302,0
G2194,input_image.png,F14,rectangle,vertical,223.36054000921646,133,223.36054000921646,187,0.05197407079453148,0.25,223.36054000921646,143.11253762296704,223.36054000921646,176.86851223005044,33.7559746070834,0
G2195,input_image.png,F14,rectangle,vertical,223.45891846933702,133,223.45891846933702,187,0.05197407079453148,0.25,223.45891846933702,143.1111010018475,223.45891846933702,176.87279353496064,33.761692533113155,0
G2196,input_image.png,F14,rectangle,vertical,223.55729692945755,133,223.55729692945755,187,0.05197407079453148,0.25,223.55729692945755,143.1096723855172,223.55729692945755,176.87709237379346,33.76741998827625,0
G2197,input_image.png,F14,rectangle,vertical,223.6556753895781,133,223.6556753895781,187,0.05197407079453148,0.25,223.6556753895781,143.10825170725855,223.6556753895781,176.8814088544842,33.773157147225625,0
G2198,input_image.png,F14,rectangle,vertical,223.75405384969864,133,223.75405384969864,187,0.05197407079453148,0.25,223.75405384969864,143.1068389010933,223.75405384969864,176.88574308585586,33.778904184762546,0
G2199,input_image.png,F14,rectangle,vertical,223.8524323098192,133,223.8524323098192,187,0.05197407079453148,0.25,223.8524323098192,143.1054339017724,223.8524323098192,176.89009517762838,33.784661275855996,0
G2200,input_image.png,F14,rectangle,vertical,223.95081076993972,133,223.95081076993972,187,0.05197407079453148,0.25,223.95081076993972,143.10403664476578,223.95081076993972,176.89446524042773,33.790428595661965,0
G2201,input_image.png,F14,rectangle,vertical,224.04918923006028,133,224.04918923006028,187,0.05197407079453148,0.25,224.04918923006028,143.1055327008953,224.04918923006028,176.89596131230104,33.790428611405716,0
G2202,input_image.png,F14,rectangle,vertical,224.1475676901808,133,224.1475676901808,187,0.05197407079453148,0.25,224.1475676901808,143.1099027555103,224.1475676901808,176.8945640786204,33.78466132311011,0
G2203,input_image.png,F14,rectangle,vertical,224.24594615030136,133,224.24594615030136,187,0.05197407079453148,0.25,224.24594615030136,143.11425483916955,224.24594615030136,176.89315910272813,33.778904263558594,0
G2204,input_image.png,F14,rectangle,vertical,224.3443246104219,133,224.3443246104219,187,0.05197407079453148,0.25,224.3443246104219,143.11858906249847,224.3443246104219,176.89174632009494,33.77315725759647,0
G2205,input_image.png,F14,rectangle,vertical,224.44270307054245,133,224.44270307054245,187,0.05197407079453148,0.25,224.44270307054245,143.12290553521626,224.44270307054245,176.89032566547235,33.76742013025607,0
G2206,input_image.png,F14,rectangle,vertical,224.54108153066298,133,224.54108153066298,187,0.05197407079453148,0.25,224.54108153066298,143.1272043661453,224.54108153066298,176.8888970728827,33.76169270673741,0
G2207,input_image.png,F14,rectangle,vertical,224.63945999078354,133,224.63945999078354,187,0.05197407079453148,0.25,224.63945999078354,143.13148566322025,224.63945999078354,176.88746047560912,33.755974812388864,0
G2208,input_image.png,F14,rectangle,vertical,224.73783845090406,133,224.73783845090406,187,0.05197407079453148,0.25,224.73783845090406,143.1357495334971,224.73783845090406,176.88601580618482,33.75026627268773,0
G2209,input_image.png,F14,rectangle,vertical,224.83621691102462,133,224.83621691102462,187,0.05197407079453148,0.25,224.83621691102462,143.139996083162,224.83621691102462,176.88456299638275,33.74456691322075,0
G2210,input_image.png,F14,rectangle,vertical,224.93459537114515,133,224.93459537114515,187,0.05197407079453148,0.25,224.93459537114515,143.14422541754027,224.93459537114515,176.8831019772048,33.738876559664554,0
G2211,input_image.png,F14,rectangle,vertical,225.0329738312657,133,225.0329738312657,187,0.05197407079453148,0.25,225.0329738312657,143.15024378728543,225.0329738312657,176.87908842185954,33.72884463457411,0
G2212,input_image.png,F14,rectangle,vertical,225.13135229138624,133,225.13135229138624,187,0.05197407079453148,0.25,225.13135229138624,143.15982161812354,225.13135229138624,176.86998381803767,33.71016219991413,0
G2213,input_image.png,F14,rectangle,vertical,225.2297307515068,133,225.2297307515068,187,0.05197407079453148,0.25,225.2297307515068,143.16937344094424,225.2297307515068,176.86081629198392,33.6914428510397,0
G2214,input_image.png,F14,rectangle,vertical,225.32810921162732,133,225.32810921162732,187,0.05197407079453148,0.25,225.32810921162732,143.1788993615386,225.32810921162732,176.85158518914994,33.67268582761131,0
G2215,input_image.png,F14,rectangle,vertical,225.42648767174788,133,225.42648767174788,187,0.05197407079453148,0.25,225.42648767174788,143.1883994851249,225.42648767174788,176.8422898458771,33.653890360752214,0
G2216,input_image.png,F14,rectangle,vertical,225.5248661318684,133,225.5248661318684,187,0.05197407079453148,0.25,225.5248661318684,143.19787391635214,225.5248661318684,176.8329295892377,33.63505567288557,0
G2217,input_image.png,F14,rectangle,vertical,225.62324459198896,133,225.62324459198896,187,0.05197407079453148,0.25,225.62324459198896,143.20732275930408,225.62324459198896,176.82350373687228,33.6161809775682,0
G2218,input_image.png,F14,rectangle,vertical,225.7216230521095,133,225.7216230521095,187,0.05197407079453148,0.25,225.7216230521095,143.2167461175031,225.7216230521095,176.81401159682403,33.59726547932091,0
G2219,input_image.png,F14,rectangle,vertical,225.82000151223005,133,225.82000151223005,187,0.05197407079453148,0.25,225.82000151223005,143.2261440939139,225.82000151223005,176.80445246736932,33.578308373455435,0
G2220,input_image.png,F14,rectangle,vertical,225.91837997235058,133,225.91837997235058,187,0.05197407079453148,0.25,225.91837997235058,143.23551679094712,225.91837997235058,176.79482563684485,33.559308845897725,0
G2221,input_image.png,F14,rectangle,vertical,226.01675843247114,133,226.01675843247114,187,0.05197407079453148,0.25,226.01675843247114,143.24574010116564,226.01675843247114,176.7832839791635,33.53754387799787,0
G2222,input_image.png,F14,rectangle,vertical,226.11513689259166,133,226.11513689259166,187,0.05197407079453148,0.25,226.11513689259166,143.2602064962541,226.11513689259166,176.7626212021586,33.5024147059045,0
G2223,input_image.png,F14,rectangle,vertical,226.21351535271222,133,226.21351535271222,187,0.05197407079453148,0.25,226.21351535271222,143.2746525270144,226.21351535271222,176.7417862483719,33.467133721357484,0
G2224,input_image.png,F14,rectangle,vertical,226.31189381283275,133,226.31189381283275,187,0.05197407079453148,0.25,226.31189381283275,143.28907823641654,226.31189381283275,176.72077695675273,33.43169872033618,0
G2225,input_image.png,F14,rectangle,vertical,226.4102722729533,133,226.4102722729533,187,0.05197407079453148,0.25,226.4102722729533,143.3034836673097,226.4102722729533,176.699591129933,33.39610746262328,0
G2226,input_image.png,F14,rectangle,vertical,226.50865073307384,133,226.50865073307384,187,0.05197407079453148,0.25,226.50865073307384,143.31786886242276,226.50865073307384,176.67822653346116,33.36035767103839,0
G2227,input_image.png,F14,rectangle,vertical,226.6070291931944,133,226.6070291931944,187,0.05197407079453148,0.25,226.6070291931944,143.33223386436455,226.6070291931944,176.65668089501645,33.32444703065188,0
G2228,input_image.png,F14,rectangle,vertical,226.70540765331492,133,226.70540765331492,187,0.05197407079453148,0.25,226.70540765331492,143.3465787156244,226.70540765331492,176.6349519036033,33.288373187978905,0
G2229,input_image.png,F14,rectangle,vertical,226.80378611343548,133,226.80378611343548,187,0.05197407079453148,0.25,226.80378611343548,143.36090345857252,226.80378611343548,176.61303720872505,33.25213375015252,0
G2230,input_image.png,F14,rectangle,vertical,226.902164573556,133,226.902164573556,187,0.05197407079453148,0.25,226.902164573556,143.3752081354604,226.902164573556,176.59093441953624,33.21572628407583,0
G2231,input_image.png,F14,rectangle,vertical,227.00054303367656,133,227.00054303367656,187,0.05197407079453148,0.25,227.00054303367656,143.3895208062625,227.00054303367656,176.5685574418822,33.17903663561969,0
G2232,input_image.png,F14,rectangle,vertical,227.0989214937971,133,227.0989214937971,187,0.05197407079453148,0.25,227.0989214937971,143.40887573163303,227.0989214937971,176.5307653113898,33.12188957975678,0
G2233,input_image.png,F14,rectangle,vertical,227.19729995391765,133,227.19729995391765,187,0.05197407079453148,0.25,227.19729995391765,143.4282393632472,227.19729995391765,176.49247610459923,33.06423674135203,0
G2234,input_image.png,F14,rectangle,vertical,227.29567841403818,133,227.29567841403818,187,0.05197407079453148,0.25,227.29567841403818,143.44761170698072,227.29567841403818,176.45367994959236,33.00606824261165,0
G2235,input_image.png,F14,rectangle,vertical,227.39405687415874,133,227.39405687415874,187,0.05197407079453148,0.25,227.39405687415874,143.4669927687146,227.39405687415874,176.4143667113011,32.94737394258653,0
G2236,input_image.png,F14,rectangle,vertical,227.49243533427926,133,227.49243533427926,187,0.05197407079453148,0.25,227.49243533427926,143.48638255433508,227.49243533427926,176.3745259826803,32.888143428345224,0
G2237,input_image.png,F14,rectangle,vertical,227.59081379439982,133,227.59081379439982,187,0.05197407079453148,0.25,227.59081379439982,143.50578106973376,227.59081379439982,176.3341470755227,32.828366005788965,0
G2238,input_image.png,F14,rectangle,vertical,227.68919225452035,133,227.68919225452035,187,0.05197407079453148,0.25,227.68919225452035,143.52518832080747,227.68919225452035,176.2932190108997,32.768030690092225,0
G2239,input_image.png,F14,rectangle,vertical,227.7875707146409,133,227.7875707146409,187,0.05197407079453148,0.25,227.7875707146409,143.54460431345848,227.7875707146409,176.25173050920878,32.7071261957503,0
G2240,input_image.png,F14,rectangle,vertical,227.88594917476144,133,227.88594917476144,187,0.05197407079453148,0.25,227.88594917476144,143.56402905359425,227.88594917476144,176.20966997980972,32.64564092621545,0
G2241,input_image.png,F15,rectangle,horizontal,261,153.17412145396332,315,153.17412145396332,0.05197407079453148,0.25,274.0235759657004,153.17412145396332,302.02243612630997,153.17412145396332,27.998860160609556,0
G2242,input_image.png,F15,rectangle,horizontal,261,153.3469285057617,315,153.3469285057617,0.05197407079453148,0.25,274.01423322401524,153.3469285057617,302.02966110199327,153.3469285057617,28.01542787797807,0
G2243,input_image.png,F15,rectangle,horizontal,261,153.5197355575601,315,153.5197355575601,0.05197407079453148,0.25,274.00491382328096,153.5197355575601,302.03685975008926,153.5197355575601,28.031945926808305,0
G2244,input_image.png,F15,rectangle,horizontal,261,153.6925426093585,315,153.6925426093585,0.05197407079453148,0.25,273.9961723571249,153.6925426093585,302.04403221424155,153.6925426093585,28.047859857116638,0
G2245,input_image.png,F15,rectangle,horizontal,261,153.8653496611569,315,153.8653496611569,0.05197407079453148,0.25,273.98807936952494,153.8653496611569,302.0511786370508,153.8653496611569,28.063099267525843,0
G2246,input_image.png,F15,rectangle,horizontal,261,154.0381567129553,315,154.0381567129553,0.05197407079453148,0.25,273.9806152787458,154.0381567129553,302.05768246171647,154.0381567129553,28.077067182970666,0
G2247,input_image.png,F15,rectangle,horizontal,261,154.2109637647537,315,154.2109637647537,0.05197407079453148,0.25,273.97528765251565,154.2109637647537,302.06199417683746,154.2109637647537,28.086706524321816,0
G2248,input_image.png,F15,rectangle,horizontal,261,154.3837708165521,315,154.3837708165521,0.05197407079453148,0.25,273.9699716606654,154.3837708165521,302.0662964147789,154.3837708165521,28.09632475411351,0
G2249,input_image.png,F15,rectangle,horizontal,261,154.5565778683505,315,154.5565778683505,0.05197407079453148,0.25,273.9646672651262,154.5565778683505,302.0705892067529,154.5565778683505,28.10592194162669,0
G2250,input_image.png,F15,rectangle,horizontal,261,154.72938492014887,315,154.72938492014887,0.05197407079453148,0.25,273.9593744279951,154.72938492014887,302.0748725838346,154.72938492014887,28.115498155839475,0
G2251,input_image.png,F15,rectangle,horizontal,261,154.90219197194727,315,154.90219197194727,0.05197407079453148,0.25,273.9540931115342,154.90219197194727,302.07914657696296,154.90219197194727,28.125053465428813,0
G2252,input_image.png,F15,rectangle,horizontal,261,155.07499902374568,315,155.07499902374568,0.05197407079453148,0.25,273.9495804638003,155.07499902374568,302.0826259864958,155.07499902374568,28.133045522695532,0
G2253,input_image.png,F15,rectangle,horizontal,261,155.24780607554408,315,155.24780607554408,0.05197407079453148,0.25,273.9460618675199,155.24780607554408,302.08507640555945,155.24780607554408,28.139014538039547,0
G2254,input_image.png,F15,rectangle,horizontal,261,155.42061312734248,315,155.42061312734248,0.05197407079453148,0.25,273.94254792666214,155.42061312734248,302.0875236077393,155.42061312734248,28.144975681077156,0
G2255,input_image.png,F15,rectangle,horizontal,261,155.59342017914088,315,155.59342017914088,0.05197407079453148,0.25,273.9390386319938,155.59342017914088,302.0899675993659,155.59342017914088,28.15092896737205,0
G2256,input_image.png,F15,rectangle,horizontal,261,155.76622723093928,315,155.76622723093928,0.05197407079453148,0.25,273.93553397430617,155.76622723093928,302.0924083867531,155.76622723093928,28.156874412446932,0
G2257,input_image.png,F15,rectangle,horizontal,261,155.93903428273768,315,155.93903428273768,0.05197407079453148,0.25,273.9320339444146,155.93903428273768,302.09484597619826,155.93903428273768,28.162812031783613,0
G2258,input_image.png,F15,rectangle,horizontal,261,156.11184133453605,315,156.11184133453605,0.05197407079453148,0.25,273.9292618643986,156.11184133453605,302.0965220646701,156.11184133453605,28.167260200271507,0
G2259,input_image.png,F15,rectangle,horizontal,261,156.28464838633445,315,156.28464838633445,0.05197407079453148,0.25,273.92688645104005,156.28464838633445,302.0977834252308,156.28464838633445,28.170896974190732,0
G2260,input_image.png,F15,rectangle,horizontal,261,156.45745543813285,315,156.45745543813285,0.05197407079453148,0.25,273.9245129277466,156.45745543813285,302.09904381037126,156.45745543813285,28.174530882624644,0
G2261,input_image.png,F15,rectangle,horizontal,261,156.63026248993125,315,156.63026248993125,0.05197407079453148,0.25,273.9221412922633,156.63026248993125,302.1003032212225,156.63026248993125,28.178161928959184,0
G2262,input_image.png,F15,rectangle,horizontal,261,156.80306954172966,315,156.80306954172966,0.05197407079453148,0.25,273.91977154233876,156.80306954172966,302.10156165891374,156.80306954172966,28.18179011657495,0
G2263,input_image.png,F15,rectangle,horizontal,261,156.97587659352806,315,156.97587659352806,0.05197407079453148,0.25,273.9174036757253,156.97587659352806,302.10281912457253,156.97587659352806,28.185415448847245,0
G2264,input_image.png,F15,rectangle,horizontal,261,157.14868364532646,315,157.14868364532646,0.05197407079453148,0.25,273.9156617305676,157.14868364532646,302.10342166459037,157.14868364532646,28.187759934022758,0
G2265,input_image.png,F15,rectangle,horizontal,261,157.32149069712486,315,157.32149069712486,0.05197407079453148,0.25,273.91402188515355,157.32149069712486,302.10391783077915,157.32149069712486,28.189895945625604,0
G2266,input_image.png,F15,rectangle,horizontal,261,157.49429774892323,315,157.49429774892323,0.05197407079453148,0.25,273.9123828133673,157.49429774892323,302.10441377758417,157.49429774892323,28.192030964216876,0
G2267,input_image.png,F15,rectangle,horizontal,261,157.66710480072163,315,157.66710480072163,0.05197407079453148,0.25,273.9107445146615,157.66710480072163,302.1049095051509,157.66710480072163,28.194164990489355,0
G2268,input_image.png,F15,rectangle,horizontal,261,157.83991185252003,315,157.83991185252003,0.05197407079453148,0.25,273.9091069884893,157.83991185252003,302.10540501362453,157.83991185252003,28.196298025135217,0
G2269,input_image.png,F15,rectangle,horizontal,261,158.01271890431843,315,158.01271890431843,0.05197407079453148,0.25,273.90750647788195,158.01271890431843,302.10586262280964,158.01271890431843,28.198356144927644,0
G2270,input_image.png,F15,rectangle,horizontal,261,158.18552595611683,315,158.18552595611683,0.05197407079453148,0.25,273.90636266811833,158.18552595611683,302.10584586413256,158.18552595611683,28.199483196014185,0
G2271,input_image.png,F15,rectangle,horizontal,261,158.35833300791523,315,158.35833300791523,0.05197407079453148,0.25,273.90521915430503,158.35833300791523,302.10582910924376,158.35833300791523,28.20060995493875,0
G2272,input_image.png,F15,rectangle,horizontal,261,158.53114005971364,315,158.53114005971364,0.05197407079453148,0.25,273.9040759363271,158.53114005971364,302.105812358142,158.53114005971364,28.20173642181488,0
G2273,input_image.png,F15,rectangle,horizontal,261,158.703947111512,315,158.703947111512,0.05197407079453148,0.25,273.9029330140698,158.703947111512,302.10579561082585,158.703947111512,28.20286259675609,0
G2274,input_image.png,F15,rectangle,horizontal,261,158.8767541633104,315,158.8767541633104,0.05197407079453148,0.25,273.9017903874184,158.8767541633104,302.1057788672942,158.8767541633104,28.20398847987583,0
G2275,input_image.png,F15,rectangle,horizontal,261,159.0495612151088,315,159.0495612151088,0.05197407079453148,0.25,273.9007556581524,159.0495612151088,302.10565266512054,159.0495612151088,28.20489700696819,0
G2276,input_image.png,F15,rectangle,horizontal,261,159.2223682669072,315,159.2223682669072,0.05197407079453148,0.25,273.8999886618548,159.2223682669072,302.1052542771197,159.2223682669072,28.205265615264832,0
G2277,input_image.png,F15,rectangle,horizontal,261,159.3951753187056,315,159.3951753187056,0.05197407079453148,0.25,273.89922174283697,159.3951753187056,302.10485591611723,159.3951753187056,28.20563417328026,0
G2278,input_image.png,F15,rectangle,horizontal,261,159.567982370504,315,159.567982370504,0.05197407079453148,0.25,273.8984549010872,159.567982370504,302.10445758211057,159.567982370504,28.206002681023396,0
G2279,input_image.png,F15,rectangle,horizontal,261,159.7407894223024,315,159.7407894223024,0.05197407079453148,0.25,273.8976881365937,159.7407894223024,302.10405927509686,159.7407894223024,28.206371138503194,0
G2280,input_image.png,F15,rectangle,horizontal,261,159.9135964741008,315,159.9135964741008,0.05197407079453148,0.25,273.89692144934486,159.9135964741008,302.1036609950734,159.9135964741008,28.206739545728574,0
G2281,input_image.png,F15,rectangle,horizontal,261,160.0864035258992,315,160.0864035258992,0.05197407079453148,0.25,273.89633900480646,160.0864035258992,302.1030785505404,160.0864035258992,28.206739545733946,0
G2282,input_image.png,F15,rectangle,horizontal,261,160.2592105776976,315,160.2592105776976,0.05197407079453148,0.25,273.8959407248112,160.2592105776976,302.1023118633306,160.2592105776976,28.206371138519394,0
G2283,input_image.png,F15,rectangle,horizontal,261,160.432017629496,315,160.432017629496,0.05197407079453148,0.25,273.8955424178257,160.432017629496,302.1015450988762,160.432017629496,28.206002681050514,0
G2284,input_image.png,F15,rectangle,horizontal,261,160.6048246812944,315,160.6048246812944,0.05197407079453148,0.25,273.8951440838472,160.6048246812944,302.1007782571656,160.6048246812944,28.20563417331838,0
G2285,input_image.png,F15,rectangle,horizontal,261,160.7776317330928,315,160.7776317330928,0.05197407079453148,0.25,273.8947457228729,160.7776317330928,302.10001133818696,160.7776317330928,28.205265615314055,0
G2286,input_image.png,F15,rectangle,horizontal,261,160.9504387848912,315,160.9504387848912,0.05197407079453148,0.25,273.89434733490015,160.9504387848912,302.09924434192874,160.9504387848912,28.204897007028613,0
G2287,input_image.png,F15,rectangle,horizontal,261,161.1232458366896,315,161.1232458366896,0.05197407079453148,0.25,273.89422113277834,161.1232458366896,302.09820961256537,161.1232458366896,28.203988479787057,0
G2288,input_image.png,F15,rectangle,horizontal,261,161.29605288848796,315,161.29605288848796,0.05197407079453148,0.25,273.894204389308,161.29605288848796,302.0970669857612,161.29605288848796,28.20286259645323,0
G2289,input_image.png,F15,rectangle,horizontal,261,161.46885994028636,315,161.46885994028636,0.05197407079453148,0.25,273.8941876420533,161.46885994028636,302.09592406335076,161.46885994028636,28.201736421297497,0
G2290,input_image.png,F15,rectangle,horizontal,261,161.64166699208477,315,161.64166699208477,0.05197407079453148,0.25,273.8941708910129,161.64166699208477,302.09478084521925,161.64166699208477,28.200609954206392,0
G2291,input_image.png,F15,rectangle,horizontal,261,161.81447404388317,315,161.81447404388317,0.05197407079453148,0.25,273.8941541361855,161.81447404388317,302.0936373312519,161.81447404388317,28.19948319506643,0
G2292,input_image.png,F15,rectangle,horizontal,261,161.98728109568157,315,161.98728109568157,0.05197407079453148,0.25,273.8941373775698,161.98728109568157,302.09249352133384,161.98728109568157,28.19835614376404,0
G2293,input_image.png,F15,rectangle,horizontal,261,162.16008814747997,315,162.16008814747997,0.05197407079453148,0.25,273.8945949868216,162.16008814747997,302.0908930107116,162.16008814747997,28.196298023890044,0
G2294,input_image.png,F15,rectangle,horizontal,261,162.33289519927837,315,162.33289519927837,0.05197407079453148,0.25,273.8950904953625,162.33289519927837,302.08925548453567,162.33289519927837,28.19416498917316,0
G2295,input_image.png,F15,rectangle,horizontal,261,162.50570225107677,315,162.50570225107677,0.05197407079453148,0.25,273.8955862229965,162.50570225107677,302.087617185826,162.50570225107677,28.192030962829513,0
G2296,input_image.png,F15,rectangle,horizontal,261,162.67850930287514,315,162.67850930287514,0.05197407079453148,0.25,273.8960821698689,162.67850930287514,302.08597811403587,162.67850930287514,28.18989594416694,0
G2297,input_image.png,F15,rectangle,horizontal,261,162.85131635467354,315,162.85131635467354,0.05197407079453148,0.25,273.8965783361253,162.85131635467354,302.0843382686179,162.85131635467354,28.187759932492636,0
G2298,input_image.png,F15,rectangle,horizontal,261,163.02412340647194,315,163.02412340647194,0.05197407079453148,0.25,273.89718087619,163.02412340647194,302.0825963234791,163.02412340647194,28.185415447289053,0
G2299,input_image.png,F15,rectangle,horizontal,261,163.19693045827034,315,163.19693045827034,0.05197407079453148,0.25,273.8984383417681,163.19693045827034,302.08022845702567,163.19693045827034,28.181790115257574,0
G2300,input_image.png,F15,rectangle,horizontal,261,163.36973751006875,315,163.36973751006875,0.05197407079453148,0.25,273.8996967793783,163.36973751006875,302.07785870726207,163.36973751006875,28.17816192788377,0
G2301,input_image.png,F15,rectangle,horizontal,261,163.54254456186715,315,163.54254456186715,0.05197407079453148,0.25,273.9009561901482,163.54254456186715,302.07548707194053,163.54254456186715,28.17453088179236,0
G2302,input_image.png,F15,rectangle,horizontal,261,163.71535161366555,315,163.71535161366555,0.05197407079453148,0.25,273.902216575207,163.71535161366555,302.0731135488097,163.71535161366555,28.170896973602737,0
G2303,input_image.png,F15,rectangle,horizontal,261,163.88815866546395,315,163.88815866546395,0.05197407079453148,0.25,273.9034779356857,163.88815866546395,302.0707381356147,163.88815866546395,28.16726019992895,0
G2304,input_image.png,F15,rectangle,horizontal,261,164.06096571726232,315,164.06096571726232,0.05197407079453148,0.25,273.9051540241225,164.06096571726232,302.06796605568053,164.06096571726232,28.16281203155797,0
G2305,input_image.png,F15,rectangle,horizontal,261,164.23377276906072,315,164.23377276906072,0.05197407079453148,0.25,273.9075916136194,164.23377276906072,302.06446602571924,164.23377276906072,28.156874412099846,0
G2306,input_image.png,F15,rectangle,horizontal,261,164.40657982085912,315,164.40657982085912,0.05197407079453148,0.25,273.9100324010586,164.40657982085912,302.06096136796094,164.40657982085912,28.150928966902356,0
G2307,input_image.png,F15,rectangle,horizontal,261,164.57938687265752,315,164.57938687265752,0.05197407079453148,0.25,273.9124763927375,164.57938687265752,302.0574520732212,164.57938687265752,28.14497568048367,0
G2308,input_image.png,F15,rectangle,horizontal,261,164.75219392445592,315,164.75219392445592,0.05197407079453148,0.25,273.9149235949701,164.75219392445592,302.0539381322912,164.75219392445592,28.1390145373211,0
G2309,input_image.png,F15,rectangle,horizontal,261,164.92500097625432,315,164.92500097625432,0.05197407079453148,0.25,273.9173740140867,164.92500097625432,302.05041953593764,164.92500097625432,28.13304552185093,0
G2310,input_image.png,F15,rectangle,horizontal,261,165.09780802805273,315,165.09780802805273,0.05197407079453148,0.25,273.92085342364095,165.09780802805273,302.0459068883093,165.09780802805273,28.125053464668333,0
G2311,input_image.png,F15,rectangle,horizontal,261,165.27061507985113,315,165.27061507985113,0.05197407079453148,0.25,273.9251274167662,165.27061507985113,302.0406255720933,165.27061507985113,28.115498155327096,0
G2312,input_image.png,F15,rectangle,horizontal,261,165.4434221316495,315,165.4434221316495,0.05197407079453148,0.25,273.92941079384474,165.4434221316495,302.03533273520986,165.4434221316495,28.10592194136511,0
G2313,input_image.png,F15,rectangle,horizontal,261,165.6162291834479,315,165.6162291834479,0.05197407079453148,0.25,273.9337035858155,165.6162291834479,302.03002833992093,165.6162291834479,28.096324754105424,0
G2314,input_image.png,F15,rectangle,horizontal,261,165.7890362352463,315,165.7890362352463,0.05197407079453148,0.25,273.9380058237537,165.7890362352463,302.02471234832365,165.7890362352463,28.086706524569948,0
G2315,input_image.png,F15,rectangle,horizontal,261,165.9618432870447,315,165.9618432870447,0.05197407079453148,0.25,273.94231753887135,165.9618432870447,302.0193847223491,165.9618432870447,28.07706718347776,0
G2316,input_image.png,F15,rectangle,horizontal,261,166.1346503388431,315,166.1346503388431,0.05197407079453148,0.25,273.94882136351015,166.1346503388431,302.01192063170384,166.1346503388431,28.063099268193685,0
G2317,input_image.png,F15,rectangle,horizontal,261,166.3074573906415,315,166.3074573906415,0.05197407079453148,0.25,273.9559677862852,166.3074573906415,302.0038276442029,166.3074573906415,28.0478598579177,0
G2318,input_image.png,F15,rectangle,horizontal,261,166.4802644424399,315,166.4802644424399,0.05197407079453148,0.25,273.9631402504027,166.4802644424399,301.9950861783563,166.4802644424399,28.031945927953593,0
G2319,input_image.png,F15,rectangle,horizontal,261,166.65307149423828,315,166.65307149423828,0.05197407079453148,0.25,273.9703388984633,166.65307149423828,301.9857667777481,166.65307149423828,28.015427879284818,0
G2320,input_image.png,F15,rectangle,horizontal,261,166.82587854603668,315,166.82587854603668,0.05197407079453148,0.25,273.97756387411056,166.82587854603668,301.97642403619585,166.82587854603668,27.998860162085283,0
G2321,input_image.png,F15,rectangle,vertical,281.3106731298197,133,281.3106731298197,187,0.05197407079453148,0.25,281.3106731298197,145.71290443322312,281.3106731298197,174.24417027755925,28.53126584433612,0
G2322,input_image.png,F15,rectangle,vertical,281.480023177166,133,281.480023177166,187,0.05197407079453148,0.25,281.480023177166,145.70456833583097,281.480023177166,174.25328644598258,28.548718110151608,0
G2323,input_image.png,F15,rectangle,vertical,281.6493732245124,133,281.6493732245124,187,0.05197407079453148,0.25,281.6493732245124,145.69626512620403,281.6493732245124,174.26236968545743,28.566104559253397,0
G2324,input_image.png,F15,rectangle,vertical,281.8187232718587,133,281.8187232718587,187,0.05197407079453148,0.25,281.8187232718587,145.68799461010107,281.8187232718587,174.27142017407846,28.583425563977364,0
G2325,input_image.png,F15,rectangle,vertical,281.98807331920506,133,281.98807331920506,187,0.05197407079453148,0.25,281.98807331920506,145.67975659480757,281.98807331920506,174.28043808865837,28.6006814938508,0
G2326,input_image.png,F15,rectangle,vertical,282.15742336655137,133,282.15742336655137,187,0.05197407079453148,0.25,282.15742336655137,145.6745004115248,282.15742336655137,174.28669083251415,28.61219042098935,0
G2327,input_image.png,F15,rectangle,vertical,282.3267734138977,133,282.3267734138977,187,0.05197407079453148,0.25,282.3267734138977,145.6694806517786,282.3267734138977,174.29272237965964,28.62324172788105,0
G2328,input_image.png,F15,rectangle,vertical,282.49612346124405,133,282.49612346124405,187,0.05197407079453148,0.25,282.49612346124405,145.66447310702566,282.49612346124405,174.2987404774751,28.634267370449447,0
G2329,input_image.png,F15,rectangle,vertical,282.66547350859037,133,282.66547350859037,187,0.05197407079453148,0.25,282.66547350859037,145.65947773273453,282.66547350859037,174.30474517089502,28.645267438160484,0
G2330,input_image.png,F15,rectangle,vertical,282.83482355593674,133,282.83482355593674,187,0.05197407079453148,0.25,282.83482355593674,145.65449448459,282.83482355593674,174.31073650465396,28.65624202006395,0
G2331,input_image.png,F15,rectangle,vertical,283.00417360328305,133,283.00417360328305,187,0.05197407079453148,0.25,283.00417360328305,145.6495741769545,283.00417360328305,174.3166660379895,28.667091861034983,0
G2332,input_image.png,F15,rectangle,vertical,283.17352365062936,133,283.17352365062936,187,0.05197407079453148,0.25,283.17352365062936,145.64667480847444,283.17352365062936,174.32066754087015,28.673992732395696,0
G2333,input_image.png,F15,rectangle,vertical,283.34287369797573,133,283.34287369797573,187,0.05197407079453148,0.25,283.34287369797573,145.64377985071485,283.34287369797573,174.32466382980334,28.6808839790885,0
G2334,input_image.png,F15,rectangle,vertical,283.51222374532205,133,283.51222374532205,187,0.05197407079453148,0.25,283.51222374532205,145.64088929361847,283.51222374532205,174.32865491497304,28.687765621354583,0
G2335,input_image.png,F15,rectangle,vertical,283.6815737926684,133,283.6815737926684,187,0.05197407079453148,0.25,283.6815737926684,145.6380031271587,283.6815737926684,174.3326408065368,28.694637679378097,0
G2336,input_image.png,F15,rectangle,vertical,283.85092384001473,133,283.85092384001473,187,0.05197407079453148,0.25,283.85092384001473,145.63512134133933,283.85092384001473,174.33662151462565,28.70150017328631,0
G2337,input_image.png,F15,rectangle,vertical,284.0202738873611,133,284.0202738873611,187,0.05197407079453148,0.25,284.0202738873611,145.63240409555203,284.0202738873611,174.34044191537828,28.70803781982626,0
G2338,input_image.png,F15,rectangle,vertical,284.1896239347074,133,284.1896239347074,187,0.05197407079453148,0.25,284.1896239347074,145.63086735108612,284.1896239347074,174.3431182726681,28.712250921581983,0
G2339,input_image.png,F15,rectangle,vertical,284.3589739820537,133,284.3589739820537,187,0.05197407079453148,0.25,284.3589739820537,145.62933210038267,284.3589739820537,174.3457927526032,28.716460652220526,0
G2340,input_image.png,F15,rectangle,vertical,284.5283240294001,133,284.5283240294001,187,0.05197407079453148,0.25,284.5283240294001,145.62779834126476,284.5283240294001,174.3484653571582,28.72066701589346,0
G2341,input_image.png,F15,rectangle,vertical,284.6976740767464,133,284.6976740767464,187,0.05197407079453148,0.25,284.6976740767464,145.6262660715597,284.6976740767464,174.35113608830505,28.72487001674533,0
G2342,input_image.png,F15,rectangle,vertical,284.8670241240928,133,284.8670241240928,187,0.05197407079453148,0.25,284.8670241240928,145.62473528909905,284.8670241240928,174.35380494801277,28.729069658913716,0
G2343,input_image.png,F15,rectangle,vertical,285.0363741714391,133,285.0363741714391,187,0.05197407079453148,0.25,285.0363741714391,145.62339323635527,285.0363741714391,174.35628726958493,28.732894033229655,0
G2344,input_image.png,F15,rectangle,vertical,285.20572421878546,133,285.20572421878546,187,0.05197407079453148,0.25,285.20572421878546,145.62273654619725,285.20572421878546,174.3580934231179,28.735356876920683,0
G2345,input_image.png,F15,rectangle,vertical,285.3750742661318,133,285.3750742661318,187,0.05197407079453148,0.25,285.3750742661318,145.62208027608966,285.3750742661318,174.35989903846806,28.737818762378403,0
G2346,input_image.png,F15,rectangle,vertical,285.5444243134781,133,285.5444243134781,187,0.05197407079453148,0.25,285.5444243134781,145.62142442562967,285.5444243134781,174.36170411587588,28.74027969024621,0
G2347,input_image.png,F15,rectangle,vertical,285.71377436082446,133,285.71377436082446,187,0.05197407079453148,0.25,285.71377436082446,145.62076899441487,285.71377436082446,174.36350865558177,28.742739661166873,0
G2348,input_image.png,F15,rectangle,vertical,285.8831244081708,133,285.8831244081708,187,0.05197407079453148,0.25,285.8831244081708,145.62011398204342,285.8831244081708,174.36531265782588,28.74519867578246,0
G2349,input_image.png,F15,rectangle,vertical,286.05247445551714,133,286.05247445551714,187,0.05197407079453148,0.25,286.05247445551714,145.6196414819449,286.05247445551714,174.36693855564883,28.747297073703905,0
G2350,input_image.png,F15,rectangle,vertical,286.22182450286346,133,286.22182450286346,187,0.05197407079453148,0.25,286.22182450286346,145.61957471968242,286.22182450286346,174.36816871694543,28.74859399726303,0
G2351,input_image.png,F15,rectangle,vertical,286.39117455020977,133,286.39117455020977,187,0.05197407079453148,0.25,286.39117455020977,145.6195079857747,286.39117455020977,174.3693987891535,28.749890803378804,0
G2352,input_image.png,F15,rectangle,vertical,286.56052459755614,133,286.56052459755614,187,0.05197407079453148,0.25,286.56052459755614,145.61944128020374,286.56052459755614,174.3706287722827,28.751187492078962,0
G2353,input_image.png,F15,rectangle,vertical,286.72987464490245,133,286.72987464490245,187,0.05197407079453148,0.25,286.72987464490245,145.61937460295152,286.72987464490245,174.37185866634275,28.752484063391243,0
G2354,input_image.png,F15,rectangle,vertical,286.8992246922488,133,286.8992246922488,187,0.05197407079453148,0.25,286.8992246922488,145.61930795399996,286.8992246922488,174.3730884713433,28.753780517343333,0
G2355,input_image.png,F15,rectangle,vertical,287.06857473959514,133,287.06857473959514,187,0.05197407079453148,0.25,287.06857473959514,145.6194204425166,287.06857473959514,174.37414239305437,28.754721950537785,0
G2356,input_image.png,F15,rectangle,vertical,287.2379247869415,133,287.2379247869415,187,0.05197407079453148,0.25,287.2379247869415,145.6197960851318,287.2379247869415,174.37493799574315,28.755141910611364,0
G2357,input_image.png,F15,rectangle,vertical,287.4072748342878,133,287.4072748342878,187,0.05197407079453148,0.25,287.4072748342878,145.62017163152896,287.4072748342878,174.37573366851686,28.755562036987907,0
G2358,input_image.png,F15,rectangle,vertical,287.57662488163413,133,287.57662488163413,187,0.05197407079453148,0.25,287.57662488163413,145.620547081745,287.57662488163413,174.37652941138475,28.755982329639735,0
G2359,input_image.png,F15,rectangle,vertical,287.7459749289805,133,287.7459749289805,187,0.05197407079453148,0.25,287.7459749289805,145.62092243581694,287.7459749289805,174.37732522435607,28.75640278853915,0
G2360,input_image.png,F15,rectangle,vertical,287.9153249763268,133,287.9153249763268,187,0.05197407079453148,0.25,287.9153249763268,145.62129769378163,287.9153249763268,174.37812110744014,28.756823413658505,0
G2361,input_image.png,F15,rectangle,vertical,288.0846750236732,133,288.0846750236732,187,0.05197407079453148,0.25,288.0846750236732,145.62188325353765,288.0846750236732,174.3787066745859,28.75682342104827,0
G2362,input_image.png,F15,rectangle,vertical,288.2540250710195,133,288.2540250710195,187,0.05197407079453148,0.25,288.2540250710195,145.62267913453277,288.2540250710195,174.37908194526076,28.75640281072799,0
G2363,input_image.png,F15,rectangle,vertical,288.42337511836587,133,288.42337511836587,187,0.05197407079453148,0.25,288.42337511836587,145.6234749453896,288.42337511836587,174.3794573120433,28.75598236665369,0
G2364,input_image.png,F15,rectangle,vertical,288.5927251657122,133,288.5927251657122,187,0.05197407079453148,0.25,288.5927251657122,145.62427068611737,288.5927251657122,174.3798327749704,28.755562088853026,0
G2365,input_image.png,F15,rectangle,vertical,288.7620752130585,133,288.7620752130585,187,0.05197407079453148,0.25,288.7620752130585,145.62506635672537,288.7620752130585,174.38020833407904,28.755141977353667,0
G2366,input_image.png,F15,rectangle,vertical,288.93142526040486,133,288.93142526040486,187,0.05197407079453148,0.25,288.93142526040486,145.62586195722287,288.93142526040486,174.38058398940618,28.754722032183313,0
G2367,input_image.png,F15,rectangle,vertical,289.1007753077512,133,289.1007753077512,187,0.05197407079453148,0.25,289.1007753077512,145.62691586979741,289.1007753077512,174.380696528398,28.75378065860057,0
G2368,input_image.png,F15,rectangle,vertical,289.27012535509755,133,289.27012535509755,187,0.05197407079453148,0.25,289.27012535509755,145.62814566090762,289.27012535509755,174.3806299556432,28.75248429473559,0
G2369,input_image.png,F15,rectangle,vertical,289.43947540244386,133,289.43947540244386,187,0.05197407079453148,0.25,289.43947540244386,145.62937554102714,289.43947540244386,174.38056335461908,28.751187813591944,0
G2370,input_image.png,F15,rectangle,vertical,289.6088254497902,133,289.6088254497902,187,0.05197407079453148,0.25,289.6088254497902,145.6306055101657,289.6088254497902,174.38049672530767,28.749891215141936,0
G2371,input_image.png,F15,rectangle,vertical,289.77817549713654,133,289.77817549713654,187,0.05197407079453148,0.25,289.77817549713654,145.63183556833297,289.77817549713654,174.38043006769087,28.748594499357893,0
G2372,input_image.png,F15,rectangle,vertical,289.94752554448286,133,289.94752554448286,187,0.05197407079453148,0.25,289.94752554448286,145.63306571553858,289.94752554448286,174.38036338175067,28.747297666212102,0
G2373,input_image.png,F15,rectangle,vertical,290.1168755918292,133,290.1168755918292,187,0.05197407079453148,0.25,290.1168755918292,145.63469157597413,290.1168755918292,174.37989109296277,28.745199516988645,0
G2374,input_image.png,F15,rectangle,vertical,290.28622563917554,133,290.28622563917554,187,0.05197407079453148,0.25,290.28622563917554,145.63649553039045,290.28622563917554,174.37923635262803,28.74274082223757,0
G2375,input_image.png,F15,rectangle,vertical,290.4555756865219,133,290.4555756865219,187,0.05197407079453148,0.25,290.4555756865219,145.63830002227365,290.4555756865219,174.3785811936024,28.74028117132873,0
G2376,input_image.png,F15,rectangle,vertical,290.6249257338682,133,290.6249257338682,187,0.05197407079453148,0.25,290.6249257338682,145.64010505186403,290.6249257338682,174.37792561548414,28.73782056362012,0
G2377,input_image.png,F15,rectangle,vertical,290.79427578121454,133,290.79427578121454,187,0.05197407079453148,0.25,290.79427578121454,145.64191061940187,290.79427578121454,174.377269617871,28.735358998469124,0
G2378,input_image.png,F15,rectangle,vertical,290.9636258285609,133,290.9636258285609,187,0.05197407079453148,0.25,290.9636258285609,145.64371672512777,290.9636258285609,174.37661320036023,28.732896475232444,0
G2379,input_image.png,F15,rectangle,vertical,291.1329758759072,133,291.1329758759072,187,0.05197407079453148,0.25,291.1329758759072,145.6461989637987,291.1329758759072,174.37527199460618,28.72907303080748,0
G2380,input_image.png,F15,rectangle,vertical,291.3023259232536,133,291.3023259232536,187,0.05197407079453148,0.25,291.3023259232536,145.64886773119645,291.3023259232536,174.37374221555973,28.724874484363276,0
G2381,input_image.png,F15,rectangle,vertical,291.4716759705999,133,291.4716759705999,187,0.05197407079453148,0.25,291.4716759705999,145.65153837024857,291.4716759705999,174.37221094853112,28.72067257828254,0
G2382,input_image.png,F15,rectangle,vertical,291.6410260179463,133,291.6410260179463,187,0.05197407079453148,0.25,291.6410260179463,145.65421088292473,291.6410260179463,174.37067819134833,28.7164673084236,0
G2383,input_image.png,F15,rectangle,vertical,291.8103760652926,133,291.8103760652926,187,0.05197407079453148,0.25,291.8103760652926,145.6568852711973,291.8103760652926,174.3691439418351,28.71225867063778,0
G2384,input_image.png,F15,rectangle,vertical,291.9797261126389,133,291.9797261126389,187,0.05197407079453148,0.25,291.9797261126389,145.65956153704147,291.9797261126389,174.36760819781088,28.70804666076942,0
G2385,input_image.png,F15,rectangle,vertical,292.14907615998527,133,292.14907615998527,187,0.05197407079453148,0.25,292.14907615998527,145.66338182960973,292.14907615998527,174.3648921171417,28.70151028753196,0
G2386,input_image.png,F15,rectangle,vertical,292.3184262073316,133,292.3184262073316,187,0.05197407079453148,0.25,292.3184262073316,145.6673624275918,292.3184262073316,174.36201151502945,28.694649087437647,0
G2387,input_image.png,F15,rectangle,vertical,292.48777625467795,133,292.48777625467795,187,0.05197407079453148,0.25,292.48777625467795,145.6713482094446,292.48777625467795,174.35912652814514,28.68777831870053,0
G2388,input_image.png,F15,rectangle,vertical,292.65712630202427,133,292.65712630202427,187,0.05197407079453148,0.25,292.65712630202427,145.67533918530108,292.65712630202427,174.3562371464696,28.680897961168508,0
G2389,input_image.png,F15,rectangle,vertical,292.82647634937064,133,292.82647634937064,187,0.05197407079453148,0.25,292.82647634937064,145.67933536532055,292.82647634937064,174.35334335995304,28.6740079946325,0
G2390,input_image.png,F15,rectangle,vertical,292.99582639671695,133,292.99582639671695,187,0.05197407079453148,0.25,292.99582639671695,145.68333675968887,292.99582639671695,174.35044515851513,28.667108398826258,0
G2391,input_image.png,F15,rectangle,vertical,293.16517644406326,133,293.16517644406326,187,0.05197407079453148,0.25,293.16517644406326,145.68926619248347,293.16517644406326,174.3455235001817,28.656257307698226,0
G2392,input_image.png,F15,rectangle,vertical,293.33452649140963,133,293.33452649140963,187,0.05197407079453148,0.25,293.33452649140963,145.69525742627764,293.33452649140963,174.3405388456758,28.645281419398167,0
G2393,input_image.png,F15,rectangle,vertical,293.50387653875595,133,293.50387653875595,187,0.05197407079453148,0.25,293.50387653875595,145.70126202012077,293.50387653875595,174.3355420730913,28.63428005297053,0
G2394,input_image.png,F15,rectangle,vertical,293.6732265861023,133,293.6732265861023,187,0.05197407079453148,0.25,293.6732265861023,145.70728001875074,293.6732265861023,174.33053313818442,28.62325311943367,0
G2395,input_image.png,F15,rectangle,vertical,293.84257663344863,133,293.84257663344863,187,0.05197407079453148,0.25,293.84257663344863,145.71331146710546,293.84257663344863,174.32551199649578,28.612200529390314,0
G2396,input_image.png,F15,rectangle,vertical,294.01192668079494,133,294.01192668079494,187,0.05197407079453148,0.25,294.01192668079494,145.7195641137647,294.01192668079494,174.32025445367884,28.600690339914138,0
G2397,input_image.png,F15,rectangle,vertical,294.1812767281413,133,294.1812767281413,187,0.05197407079453148,0.25,294.1812767281413,145.72858194728443,294.1812767281413,174.31201527238463,28.58343332510021,0
G2398,input_image.png,F15,rectangle,vertical,294.3506267754876,133,294.3506267754876,187,0.05197407079453148,0.25,294.3506267754876,145.7376323551508,294.3506267754876,174.30374359638895,28.56611124123817,0
G2399,input_image.png,F15,rectangle,vertical,294.519976822834,133,294.519976822834,187,0.05197407079453148,0.25,294.519976822834,145.74671551418146,294.519976822834,174.29543923307705,28.5487237188956,0
G2400,input_image.png,F15,rectangle,vertical,294.6893268701803,133,294.6893268701803,187,0.05197407079453148,0.25,294.6893268701803,145.7558316024761,294.6893268701803,174.28710198830885,28.53127038583277,0
G2401,input_image.png,F16,ellipse,horizontal,5,219.29738499491813,59,219.29738499491813,0.05197407079453148,0.25,20.804524166354206,219.29738499491813,43.018558437633814,219.29738499491813,22.21403427127961,0
G2402,input_image.png,F16,ellipse,horizontal,5,219.4164385393506,59,219.4164385393506,0.05197407079453148,0.25,20.725823555255744,219.4164385393506,43.10117235817305,219.4164385393506,22.37534880291731,0
G2403,input_image.png,F16,ellipse,horizontal,5,219.53549208378303,59,219.53549208378303,0.05197407079453148,0.25,20.645768643819224,219.53549208378303,43.184971472757304,219.53549208378303,22.53920282893808,0
G2404,input_image.png,F16,ellipse,horizontal,5,219.6545456282155,59,219.6545456282155,0.05197407079453148,0.25,20.564324170931148,219.6545456282155,43.26998147016236,219.6545456282155,22.70565729923121,0
G2405,input_image.png,F16,ellipse,horizontal,5,219.77359917264795,59,219.77359917264795,0.05197407079453148,0.25,20.481453640664476,219.77359917264795,43.35622878696353,219.77359917264795,22.87477514629905,0
G2406,input_image.png,F16,ellipse,horizontal,5,219.8926527170804,59,219.8926527170804,0.05197407079453148,0.25,20.39711926774855,219.8926527170804,43.44374063494575,219.8926527170804,23.046621367197197,0
G2407,input_image.png,F16,ellipse,horizontal,5,220.01170626151284,59,220.01170626151284,0.05197407079453148,0.25,20.313656180886262,220.01170626151284,43.53003367790423,220.01170626151284,23.216377497017966,0
G2408,input_image.png,F16,ellipse,horizontal,5,220.1307598059453,59,220.1307598059453,0.05197407079453148,0.25,20.250427372124115,220.1307598059453,43.59474335225647,220.1307598059453,23.34431598013236,0
G2409,input_image.png,F16,ellipse,horizontal,5,220.24981335037776,59,220.24981335037776,0.05197407079453148,0.25,20.185612255269152,220.24981335037776,43.66105027405637,220.24981335037776,23.47543801878722,0
G2410,input_image.png,F16,ellipse,horizontal,5,220.3688668948102,59,220.3688668948102,0.05197407079453148,0.25,20.11915037512052,220.3688668948102,43.7290143202591,220.3688668948102,23.609863945138578,0
G2411,input_image.png,F16,ellipse,horizontal,5,220.48792043924266,59,220.48792043924266,0.05197407079453148,0.25,20.05097816496906,220.48792043924266,43.79869839854828,220.48792043924266,23.747720233579223,0
G2412,input_image.png,F16,ellipse,horizontal,5,220.60697398367512,59,220.60697398367512,0.05197407079453148,0.25,19.984692519622797,220.60697398367512,43.870168641547515,220.60697398367512,23.885476121924718,0
G2413,input_image.png,F16,ellipse,horizontal,5,220.72602752810755,59,220.72602752810755,0.05197407079453148,0.25,19.927791018899224,220.72602752810755,43.94349461616,220.72602752810755,24.015703597260778,0
G2414,input_image.png,F16,ellipse,horizontal,5,220.84508107254,59,220.84508107254,0.05197407079453148,0.25,19.871007905532018,220.84508107254,44.01509394354834,220.84508107254,24.14408603801632,0
G2415,input_image.png,F16,ellipse,horizontal,5,220.96413461697247,59,220.96413461697247,0.05197407079453148,0.25,19.814342810435996,220.96413461697247,44.07594784645878,220.96413461697247,24.261605036022786,0
G2416,input_image.png,F16,ellipse,horizontal,5,221.0831881614049,59,221.0831881614049,0.05197407079453148,0.25,19.77005226915998,221.0831881614049,44.12375978393075,221.0831881614049,24.353707514770772,0
G2417,input_image.png,F16,ellipse,horizontal,5,221.20224170583737,59,221.20224170583737,0.05197407079453148,0.25,19.73069850388346,221.20224170583737,44.16643667557826,221.20224170583737,24.4357381716948,0
G2418,input_image.png,F16,ellipse,horizontal,5,221.32129525026983,59,221.32129525026983,0.05197407079453148,0.25,19.690908207868652,221.32129525026983,44.209521037271394,221.32129525026983,24.51861282940274,0
G2419,input_image.png,F16,ellipse,horizontal,5,221.4403487947023,59,221.4403487947023,0.05197407079453148,0.25,19.650674077296035,221.4403487947023,44.25301873266091,221.4403487947023,24.602344655364877,0
G2420,input_image.png,F16,ellipse,horizontal,5,221.55940233913472,59,221.55940233913472,0.05197407079453148,0.25,19.60998864449367,221.55940233913472,44.296935738446756,221.55940233913472,24.686947093953087,0
G2421,input_image.png,F16,ellipse,horizontal,5,221.67845588356718,59,221.67845588356718,0.05197407079453148,0.25,19.568844273316444,221.67845588356718,44.34127814711573,221.67845588356718,24.772433873799287,0
G2422,input_image.png,F16,ellipse,horizontal,5,221.79750942799964,59,221.79750942799964,0.05197407079453148,0.25,19.52723315436819,221.79750942799964,44.38605216975901,221.79750942799964,24.85881901539082,0
G2423,input_image.png,F16,ellipse,horizontal,5,221.91656297243208,59,221.91656297243208,0.05197407079453148,0.25,19.48514730006014,221.91656297243208,44.43126413897243,221.91656297243208,24.94611683891229,0
G2424,input_image.png,F16,ellipse,horizontal,5,222.03561651686454,59,222.03561651686454,0.05197407079453148,0.25,19.448288632006353,222.03561651686454,44.47161078861231,222.03561651686454,25.023322156605957,0
G2425,input_image.png,F16,ellipse,horizontal,5,222.154670061297,59,222.154670061297,0.05197407079453148,0.25,19.424512348117766,222.154670061297,44.499867457810424,222.154670061297,25.07535510969266,0
G2426,input_image.png,F16,ellipse,horizontal,5,222.27372360572943,59,222.27372360572943,0.05197407079453148,0.25,19.400544184863406,222.27372360572943,44.52842300743667,222.27372360572943,25.127878822573265,0
G2427,input_image.png,F16,ellipse,horizontal,5,222.3927771501619,59,222.3927771501619,0.05197407079453148,0.25,19.37638181007545,222.3927771501619,44.55728220474384,222.3927771501619,25.18090039466839,0
G2428,input_image.png,F16,ellipse,horizontal,5,222.51183069459435,59,222.51183069459435,0.05197407079453148,0.25,19.352022853637713,222.51183069459435,44.58644991891256,222.51183069459435,25.23442706527484,0
G2429,input_image.png,F16,ellipse,horizontal,5,222.63088423902678,59,222.63088423902678,0.05197407079453148,0.25,19.327464906710645,222.63088423902678,44.615931123790034,222.63088423902678,25.28846621707939,0
G2430,input_image.png,F16,ellipse,horizontal,5,222.74993778345925,59,222.74993778345925,0.05197407079453148,0.25,19.302705520937206,222.74993778345925,44.64573090071768,222.74993778345925,25.343025379780475,0
G2431,input_image.png,F16,ellipse,horizontal,5,222.8689913278917,59,222.8689913278917,0.05197407079453148,0.25,19.27774220762921,222.8689913278917,44.67585444145077,222.8689913278917,25.39811223382156,0
G2432,input_image.png,F16,ellipse,horizontal,5,222.98804487232417,59,222.98804487232417,0.05197407079453148,0.25,19.252572436933406,222.98804487232417,44.70630705117383,222.98804487232417,25.453734614240425,0
G2433,input_image.png,F16,ellipse,horizontal,5,223.1070984167566,59,223.1070984167566,0.05197407079453148,0.25,19.244236335920164,223.1070984167566,44.71941361269918,223.1070984167566,25.475177276779014,0
G2434,input_image.png,F16,ellipse,horizontal,5,223.22615196118906,59,223.22615196118906,0.05197407079453148,0.25,19.237780149586577,223.22615196118906,44.73060680516993,223.22615196118906,25.49282665558335,0
G2435,input_image.png,F16,ellipse,horizontal,5,223.34520550562152,59,223.34520550562152,0.05197407079453148,0.25,19.231311318224247,223.34520550562152,44.74184593168585,223.34520550562152,25.510534613461605,0
G2436,input_image.png,F16,ellipse,horizontal,5,223.46425905005395,59,223.46425905005395,0.05197407079453148,0.25,19.224829804647104,223.46425905005395,44.753131275580955,223.46425905005395,25.52830147093385,0
G2437,input_image.png,F16,ellipse,horizontal,5,223.58331259448642,59,223.58331259448642,0.05197407079453148,0.25,19.21833557152312,223.58331259448642,44.76446312252429,223.58331259448642,25.54612755100117,0
G2438,input_image.png,F16,ellipse,horizontal,5,223.70236613891888,59,223.70236613891888,0.05197407079453148,0.25,19.2118285813736,223.70236613891888,44.77584176054407,223.70236613891888,25.56401317917047,0
G2439,input_image.png,F16,ellipse,horizontal,5,223.8214196833513,59,223.8214196833513,0.05197407079453148,0.25,19.20530879657246,223.8214196833513,44.787267480052044,223.8214196833513,25.581958683479584,0
G2440,input_image.png,F16,ellipse,horizontal,5,223.94047322778377,59,223.94047322778377,0.05197407079453148,0.25,19.198776179345508,223.94047322778377,44.79874057386823,223.94047322778377,25.599964394522722,0
G2441,input_image.png,F16,ellipse,horizontal,5,224.05952677221623,59,224.05952677221623,0.05197407079453148,0.25,19.201259450913042,224.05952677221623,44.80122384565769,224.05952677221623,25.599964394744646,0
G2442,input_image.png,F16,ellipse,horizontal,5,224.1785803166487,59,224.1785803166487,0.05197407079453148,0.25,19.212732544217765,224.1785803166487,44.794691228357216,224.1785803166487,25.58195868413945,0
G2443,input_image.png,F16,ellipse,horizontal,5,224.29763386108112,59,224.29763386108112,0.05197407079453148,0.25,19.224158263222332,224.29763386108112,44.78817144348282,224.29763386108112,25.564013180260485,0
G2444,input_image.png,F16,ellipse,horizontal,5,224.41668740551358,59,224.41668740551358,0.05197407079453148,0.25,19.235536900746673,224.41668740551358,44.7816644532603,224.41668740551358,25.54612755251362,0
G2445,input_image.png,F16,ellipse,horizontal,5,224.53574094994605,59,224.53574094994605,0.05197407079453148,0.25,19.24686874720247,224.53574094994605,44.77517022006357,224.53574094994605,25.528301472861102,0
G2446,input_image.png,F16,ellipse,horizontal,5,224.65479449437848,59,224.65479449437848,0.05197407079453148,0.25,19.258154090617836,224.65479449437848,44.76868870641395,224.65479449437848,25.51053461579611,0
G2447,input_image.png,F16,ellipse,horizontal,5,224.77384803881094,59,224.77384803881094,0.05197407079453148,0.25,19.26939321666174,224.77384803881094,44.762219874979394,224.77384803881094,25.492826658317654,0
G2448,input_image.png,F16,ellipse,horizontal,5,224.8929015832434,59,224.8929015832434,0.05197407079453148,0.25,19.28058640866811,224.8929015832434,44.755763688573836,224.8929015832434,25.475177279905726,0
G2449,input_image.png,F16,ellipse,horizontal,5,225.01195512767583,59,225.01195512767583,0.05197407079453148,0.25,19.29369296968869,225.01195512767583,44.74742758742395,225.01195512767583,25.45373461773526,0
G2450,input_image.png,F16,ellipse,horizontal,5,225.1310086721083,59,225.1310086721083,0.05197407079453148,0.25,19.32414557850104,225.1310086721083,44.72225781601764,225.1310086721083,25.3981122375166,0
G2451,input_image.png,F16,ellipse,horizontal,5,225.25006221654075,59,225.25006221654075,0.05197407079453148,0.25,19.354269118359298,225.25006221654075,44.69729450201282,225.25006221654075,25.34302538365352,0
G2452,input_image.png,F16,ellipse,horizontal,5,225.3691157609732,59,225.3691157609732,0.05197407079453148,0.25,19.384068894447005,225.3691157609732,44.67253511555598,225.3691157609732,25.288466221108976,0
G2453,input_image.png,F16,ellipse,horizontal,5,225.48816930540565,59,225.48816930540565,0.05197407079453148,0.25,19.413550098518474,225.48816930540565,44.64797716795867,225.48816930540565,25.234427069440194,0
G2454,input_image.png,F16,ellipse,horizontal,5,225.6072228498381,59,225.6072228498381,0.05197407079453148,0.25,19.442717811914164,225.6072228498381,44.623618210863626,225.6072228498381,25.18090039894946,0
G2455,input_image.png,F16,ellipse,horizontal,5,225.72627639427057,59,225.72627639427057,0.05197407079453148,0.25,19.471577008480388,225.72627639427057,44.599455835431016,225.72627639427057,25.127878826950628,0
G2456,input_image.png,F16,ellipse,horizontal,5,225.845329938703,59,225.845329938703,0.05197407079453148,0.25,19.50013255739689,225.845329938703,44.57548767154444,225.845329938703,25.07535511414755,0
G2457,input_image.png,F16,ellipse,horizontal,5,225.96438348313546,59,225.96438348313546,0.05197407079453148,0.25,19.528389225915596,225.96438348313546,44.55171138703583,225.96438348313546,25.023322161120234,0
G2458,input_image.png,F16,ellipse,horizontal,5,226.08343702756792,59,226.08343702756792,0.05197407079453148,0.25,19.56873587471485,226.08343702756792,44.51485271807207,226.08343702756792,24.946116843357224,0
G2459,input_image.png,F16,ellipse,horizontal,5,226.20249057200036,59,226.20249057200036,0.05197407079453148,0.25,19.613947843042816,226.20249057200036,44.472766862766036,226.20249057200036,24.858819019723217,0
G2460,input_image.png,F16,ellipse,horizontal,5,226.32154411643282,59,226.32154411643282,0.05197407079453148,0.25,19.65872186483768,226.32154411643282,44.43115574286455,226.32154411643282,24.772433878026867,0
G2461,input_image.png,F16,ellipse,horizontal,5,226.44059766086528,59,226.44059766086528,0.05197407079453148,0.25,19.703064272694316,226.44059766086528,44.39001137077751,226.44059766086528,24.686947098083188,0
G2462,input_image.png,F16,ellipse,horizontal,5,226.5596512052977,59,226.5596512052977,0.05197407079453148,0.25,19.746981277702986,226.5596512052977,44.34932593710748,226.5596512052977,24.602344659404494,0
G2463,input_image.png,F16,ellipse,horizontal,5,226.67870474973017,59,226.67870474973017,0.05197407079453148,0.25,19.790478972349597,226.67870474973017,44.309091805708135,226.67870474973017,24.51861283335854,0
G2464,input_image.png,F16,ellipse,horizontal,5,226.79775829416263,59,226.79775829416263,0.05197407079453148,0.25,19.833563333333224,226.79775829416263,44.26930150890633,226.79775829416263,24.435738175573107,0
G2465,input_image.png,F16,ellipse,horizontal,5,226.9168118385951,59,226.9168118385951,0.05197407079453148,0.25,19.876240224303782,226.9168118385951,44.229947742881386,226.9168118385951,24.353707518577604,0
G2466,input_image.png,F16,ellipse,horizontal,5,227.03586538302753,59,227.03586538302753,0.05197407079453148,0.25,19.92405216111204,227.03586538302753,44.18565720081635,227.03586538302753,24.26160503970431,0
G2467,input_image.png,F16,ellipse,horizontal,5,227.15491892746,59,227.15491892746,0.05197407079453148,0.25,19.984906063338833,227.15491892746,44.12899210478365,227.15491892746,24.144086041444815,0
G2468,input_image.png,F16,ellipse,horizontal,5,227.27397247189245,59,227.27397247189245,0.05197407079453148,0.25,20.056505391620966,227.27397247189245,44.07220899051148,227.27397247189245,24.01570359889051,0
G2469,input_image.png,F16,ellipse,horizontal,5,227.39302601632488,59,227.39302601632488,0.05197407079453148,0.25,20.1298313655733,227.39302601632488,44.01530748891485,227.39302601632488,23.885476123341547,0
G2470,input_image.png,F16,ellipse,horizontal,5,227.51207956075734,59,227.51207956075734,0.05197407079453148,0.25,20.201301607962563,227.51207956075734,43.94902184472901,227.51207956075734,23.747720236766447,0
G2471,input_image.png,F16,ellipse,horizontal,5,227.6311331051898,59,227.6311331051898,0.05197407079453148,0.25,20.270985685688835,227.6311331051898,43.880849633851426,227.6311331051898,23.60986394816259,0
G2472,input_image.png,F16,ellipse,horizontal,5,227.75018664962224,59,227.75018664962224,0.05197407079453148,0.25,20.338949731372793,227.75018664962224,43.81438775302039,227.75018664962224,23.475438021647598,0
G2473,input_image.png,F16,ellipse,horizontal,5,227.8692401940547,59,227.8692401940547,0.05197407079453148,0.25,20.40525665269537,227.8692401940547,43.74957263552419,227.8692401940547,23.344315982828814,0
G2474,input_image.png,F16,ellipse,horizontal,5,227.98829373848716,59,227.98829373848716,0.05197407079453148,0.25,20.469966326609214,227.98829373848716,43.68634382615956,227.98829373848716,23.21637749955034,0
G2475,input_image.png,F16,ellipse,horizontal,5,228.1073472829196,59,228.1073472829196,0.05197407079453148,0.25,20.55625936907434,228.1073472829196,43.60288073865774,228.1073472829196,23.0466213695834,0
G2476,input_image.png,F16,ellipse,horizontal,5,228.22640082735205,59,228.22640082735205,0.05197407079453148,0.25,20.643771216576145,228.22640082735205,43.51854636514269,228.22640082735205,22.874775148566545,0
G2477,input_image.png,F16,ellipse,horizontal,5,228.3454543717845,59,228.3454543717845,0.05197407079453148,0.25,20.730018532918372,228.3454543717845,43.43567583432382,228.3454543717845,22.705657301405445,0
G2478,input_image.png,F16,ellipse,horizontal,5,228.46450791621697,59,228.46450791621697,0.05197407079453148,0.25,20.815028529885186,228.46450791621697,43.3542313609283,228.46450791621697,22.53920283104312,0
G2479,input_image.png,F16,ellipse,horizontal,5,228.5835614606494,59,228.5835614606494,0.05197407079453148,0.25,20.89882764405116,228.5835614606494,43.27417644902707,228.5835614606494,22.375348804975907,0
G2480,input_image.png,F16,ellipse,horizontal,5,228.70261500508187,59,228.70261500508187,0.05197407079453148,0.25,20.98144156419138,228.70261500508187,43.19547583750468,228.70261500508187,22.214034273313302,0
G2481,input_image.png,F16,ellipse,vertical,25.841437686198145,197,25.841437686198145,251,0.05197407079453148,0.25,25.841437686198145,215.52677572848035,25.841437686198145,232.33856991845354,16.811794189973188,0
G2482,input_image.png,F16,ellipse,vertical,25.99735065616781,197,25.99735065616781,251,0.05197407079453148,0.25,25.99735065616781,215.4588808666293,25.99735065616781,232.40589540140604,16.94701453477673,0
G2483,input_image.png,F16,ellipse,vertical,26.153263626137477,197,26.153263626137477,251,0.05197407079453148,0.25,26.153263626137477,215.4023725618862,26.153263626137477,232.46314421167094,17.060771649784733,0
G2484,input_image.png,F16,ellipse,vertical,26.309176596107147,197,26.309176596107147,251,0.05197407079453148,0.25,26.309176596107147,215.3442404560086,26.309176596107147,232.5221420786063,17.177901622597695,0
G2485,input_image.png,F16,ellipse,vertical,26.465089566076813,197,26.465089566076813,251,0.05197407079453148,0.25,26.465089566076813,215.28416594243868,26.465089566076813,232.58319009763846,17.299024155199806,0
G2486,input_image.png,F16,ellipse,vertical,26.62100253604648,197,26.62100253604648,251,0.05197407079453148,0.25,26.62100253604648,215.22205001256626,26.62100253604648,232.64639702125868,17.424347008692408,0
G2487,input_image.png,F16,ellipse,vertical,26.776915506016145,197,26.776915506016145,251,0.05197407079453148,0.25,26.776915506016145,215.1577868125732,26.776915506016145,232.71187943226866,17.55409261969546,0
G2488,input_image.png,F16,ellipse,vertical,26.932828475985815,197,26.932828475985815,251,0.05197407079453148,0.25,26.932828475985815,215.09126304145275,26.932828475985815,232.77976246143868,17.688499419985938,0
G2489,input_image.png,F16,ellipse,vertical,27.08874144595548,197,27.08874144595548,251,0.05197407079453148,0.25,27.08874144595548,215.03256943419566,27.08874144595548,232.83980574739286,17.807236313197194,0
G2490,input_image.png,F16,ellipse,vertical,27.244654415925147,197,27.244654415925147,251,0.05197407079453148,0.25,27.244654415925147,214.98530477045668,27.244654415925147,232.8938891409217,17.90858437046501,0
G2491,input_image.png,F16,ellipse,vertical,27.400567385894817,197,27.400567385894817,251,0.05197407079453148,0.25,27.400567385894817,214.9464332509033,27.400567385894817,232.94974248867473,18.003309237771415,0
G2492,input_image.png,F16,ellipse,vertical,27.556480355864483,197,27.556480355864483,251,0.05197407079453148,0.25,27.556480355864483,214.90748272081115,27.556480355864483,233.00545136504752,18.097968644236396,0
G2493,input_image.png,F16,ellipse,vertical,27.71239332583415,197,27.71239332583415,251,0.05197407079453148,0.25,27.71239332583415,214.868452939039,27.71239332583415,233.04822943177345,18.17977649273446,0
G2494,input_image.png,F16,ellipse,vertical,27.86830629580382,197,27.86830629580382,251,0.05197407079453148,0.25,27.86830629580382,214.8293436634634,27.86830629580382,233.09093815050034,18.261594487036945,0
G2495,input_image.png,F16,ellipse,vertical,28.024219265773485,197,28.024219265773485,251,0.05197407079453148,0.25,28.024219265773485,214.79186508002724,28.024219265773485,233.1318089821292,18.339943902101975,0
G2496,input_image.png,F16,ellipse,vertical,28.18013223574315,197,28.18013223574315,251,0.05197407079453148,0.25,28.18013223574315,214.76350832280013,28.18013223574315,233.16318862797985,18.39968030517973,0
G2497,input_image.png,F16,ellipse,vertical,28.33604520571282,197,28.33604520571282,251,0.05197407079453148,0.25,28.33604520571282,214.7348981477087,28.33604520571282,233.1948398656374,18.45994171792869,0
G2498,input_image.png,F16,ellipse,vertical,28.491958175682488,197,28.491958175682488,251,0.05197407079453148,0.25,28.491958175682488,214.70603114239884,28.491958175682488,233.22676623638,18.52073509398116,0
G2499,input_image.png,F16,ellipse,vertical,28.647871145652154,197,28.647871145652154,251,0.05197407079453148,0.25,28.647871145652154,214.67690383297563,28.647871145652154,233.25897134332078,18.582067510345162,0
G2500,input_image.png,F16,ellipse,vertical,28.80378411562182,197,28.80378411562182,251,0.05197407079453148,0.25,28.80378411562182,214.64751268260966,28.80378411562182,233.29145885276336,18.6439461701537,0
G2501,input_image.png,F16,ellipse,vertical,28.95969708559149,197,28.95969708559149,251,0.05197407079453148,0.25,28.95969708559149,214.61785409010545,28.95969708559149,233.3242324955932,18.706378405487747,0
G2502,input_image.png,F16,ellipse,vertical,29.115610055561156,197,29.115610055561156,251,0.05197407079453148,0.25,29.115610055561156,214.595653259847,29.115610055561156,233.34923071747983,18.75357745763282,0
G2503,input_image.png,F16,ellipse,vertical,29.271523025530822,197,29.271523025530822,251,0.05197407079453148,0.25,29.271523025530822,214.57595034574766,29.271523025530822,233.3716532812182,18.795702935470533,0
G2504,input_image.png,F16,ellipse,vertical,29.427435995500492,197,29.427435995500492,251,0.05197407079453148,0.25,29.427435995500492,214.55605987621715,29.427435995500492,233.39430682937908,18.83824695316192,0
G2505,input_image.png,F16,ellipse,vertical,29.583348965470158,197,29.583348965470158,251,0.05197407079453148,0.25,29.583348965470158,214.53597916038942,29.583348965470158,233.41719494964565,18.88121578925621,0
G2506,input_image.png,F16,ellipse,vertical,29.739261935439824,197,29.739261935439824,251,0.05197407079453148,0.25,29.739261935439824,214.51570545567643,29.739261935439824,233.44032130438694,18.924615848710527,0
G2507,input_image.png,F16,ellipse,vertical,29.89517490540949,197,29.89517490540949,251,0.05197407079453148,0.25,29.89517490540949,214.4952359665194,29.89517490540949,233.4636896326116,18.96845366609217,0
G2508,input_image.png,F16,ellipse,vertical,30.05108787537916,197,30.05108787537916,251,0.05197407079453148,0.25,30.05108787537916,214.4776747377339,30.05108787537916,233.4841464265092,19.006471688775267,0
G2509,input_image.png,F16,ellipse,vertical,30.207000845348826,197,30.207000845348826,251,0.05197407079453148,0.25,30.207000845348826,214.46637075372,30.207000845348826,233.49828850224887,19.031917748528848,0
G2510,input_image.png,F16,ellipse,vertical,30.362913815318493,197,30.362913815318493,251,0.05197407079453148,0.25,30.362913815318493,214.4549903275836,30.362913815318493,233.51255278154616,19.057562453962582,0
G2511,input_image.png,F16,ellipse,vertical,30.518826785288162,197,30.518826785288162,251,0.05197407079453148,0.25,30.518826785288162,214.44353268129507,30.518826785288162,233.52694085524024,19.083408173945195,0
G2512,input_image.png,F16,ellipse,vertical,30.67473975525783,197,30.67473975525783,251,0.05197407079453148,0.25,30.67473975525783,214.43199702623045,30.67473975525783,233.54145434190315,19.109457315672714,0
G2513,input_image.png,F16,ellipse,vertical,30.830652725227495,197,30.830652725227495,251,0.05197407079453148,0.25,30.830652725227495,214.4203825629905,30.830652725227495,233.5560948884469,19.135712325456385,0
G2514,input_image.png,F16,ellipse,vertical,30.986565695197164,197,30.986565695197164,251,0.05197407079453148,0.25,30.986565695197164,214.40868848121607,30.986565695197164,233.57086417074638,19.16217568953032,0
G2515,input_image.png,F16,ellipse,vertical,31.14247866516683,197,31.14247866516683,251,0.05197407079453148,0.25,31.14247866516683,214.4051197766663,31.14247866516683,233.577524945756,19.17240516908968,0
G2516,input_image.png,F16,ellipse,vertical,31.298391635136497,197,31.298391635136497,251,0.05197407079453148,0.25,31.298391635136497,214.40231694316074,31.298391635136497,233.58343790321786,19.1811209600571,0
G2517,input_image.png,F16,ellipse,vertical,31.454304605106167,197,31.454304605106167,251,0.05197407079453148,0.25,31.454304605106167,214.39950952522224,31.454304605106167,233.589375447422,19.18986592219973,0
G2518,input_image.png,F16,ellipse,vertical,31.610217575075833,197,31.610217575075833,251,0.05197407079453148,0.25,31.610217575075833,214.3966975115939,31.610217575075833,233.59533773203958,19.198640220445675,0
G2519,input_image.png,F16,ellipse,vertical,31.7661305450455,197,31.7661305450455,251,0.05197407079453148,0.25,31.7661305450455,214.39388089098188,31.7661305450455,233.60132491202506,19.207444021043194,0
G2520,input_image.png,F16,ellipse,vertical,31.922043515015165,197,31.922043515015165,251,0.05197407079453148,0.25,31.922043515015165,214.39105965205528,31.922043515015165,233.60733714362962,19.21627749157435,0
G2521,input_image.png,F16,ellipse,vertical,32.07795648498483,197,32.07795648498483,251,0.05197407079453148,0.25,32.07795648498483,214.39266285650814,32.07795648498483,233.60894034808203,19.216277491573877,0
G2522,input_image.png,F16,ellipse,vertical,32.2338694549545,197,32.2338694549545,251,0.05197407079453148,0.25,32.2338694549545,214.39867508809093,32.2338694549545,233.60611910913295,19.20744402104202,0
G2523,input_image.png,F16,ellipse,vertical,32.38978242492417,197,32.38978242492417,251,0.05197407079453148,0.25,32.38978242492417,214.404662268054,32.38978242492417,233.60330248849812,19.19864022044412,0
G2524,input_image.png,F16,ellipse,vertical,32.54569539489383,197,32.54569539489383,251,0.05197407079453148,0.25,32.54569539489383,214.41062455264856,32.54569539489383,233.60049047484668,19.189865922198127,0
G2525,input_image.png,F16,ellipse,vertical,32.7016083648635,197,32.7016083648635,251,0.05197407079453148,0.25,32.7016083648635,214.41656209682907,32.7016083648635,233.59768305688482,19.181120960055758,0
G2526,input_image.png,F16,ellipse,vertical,32.857521334833166,197,32.857521334833166,251,0.05197407079453148,0.25,32.857521334833166,214.42247505426667,32.857521334833166,233.59488022335557,19.1724051690889,0
G2527,input_image.png,F16,ellipse,vertical,33.013434304802836,197,33.013434304802836,251,0.05197407079453148,0.25,33.013434304802836,214.42913582925362,33.013434304802836,233.59131151878248,19.162175689528855,0
G2528,input_image.png,F16,ellipse,vertical,33.169347274772505,197,33.169347274772505,251,0.05197407079453148,0.25,33.169347274772505,214.4439051115531,33.169347274772505,233.57961743699047,19.135712325437378,0
G2529,input_image.png,F16,ellipse,vertical,33.325260244742175,197,33.325260244742175,251,0.05197407079453148,0.25,33.325260244742175,214.45854565809685,33.325260244742175,233.56800297373218,19.109457315635325,0
G2530,input_image.png,F16,ellipse,vertical,33.48117321471184,197,33.48117321471184,251,0.05197407079453148,0.25,33.48117321471184,214.47305914475976,33.48117321471184,233.55646731864834,19.083408173888607,0
G2531,input_image.png,F16,ellipse,vertical,33.63708618468151,197,33.63708618468151,251,0.05197407079453148,0.25,33.63708618468151,214.48744721845384,33.63708618468151,233.5450096723398,19.05756245388598,0
G2532,input_image.png,F16,ellipse,vertical,33.79299915465117,197,33.79299915465117,251,0.05197407079453148,0.25,33.79299915465117,214.50171149775113,33.79299915465117,233.53362924618258,19.031917748431447,0
G2533,input_image.png,F16,ellipse,vertical,33.94891212462084,197,33.94891212462084,251,0.05197407079453148,0.25,33.94891212462084,214.5158535734908,33.94891212462084,233.5223252621471,19.00647168865629,0
G2534,input_image.png,F16,ellipse,vertical,34.10482509459051,197,34.10482509459051,251,0.05197407079453148,0.25,34.10482509459051,214.5363103673884,34.10482509459051,233.50476403336472,18.968453665976302,0
G2535,input_image.png,F16,ellipse,vertical,34.26073806456017,197,34.26073806456017,251,0.05197407079453148,0.25,34.26073806456017,214.55967869561306,34.26073806456017,233.4842945442244,18.924615848611356,0
G2536,input_image.png,F16,ellipse,vertical,34.41665103452984,197,34.41665103452984,251,0.05197407079453148,0.25,34.41665103452984,214.58280505035435,34.41665103452984,233.46402083952964,18.881215789175272,0
G2537,input_image.png,F16,ellipse,vertical,34.57256400449951,197,34.57256400449951,251,0.05197407079453148,0.25,34.57256400449951,214.60569317062092,34.57256400449951,233.4439401237216,18.838246953100672,0
G2538,input_image.png,F16,ellipse,vertical,34.728476974469174,197,34.728476974469174,251,0.05197407079453148,0.25,34.728476974469174,214.6283467187818,34.728476974469174,233.42404965421224,18.795702935430423,0
G2539,input_image.png,F16,ellipse,vertical,34.884389944438844,197,34.884389944438844,251,0.05197407079453148,0.25,34.884389944438844,214.65076928252017,34.884389944438844,233.4043467401354,18.753577457615226,0
G2540,input_image.png,F16,ellipse,vertical,35.040302914408514,197,35.040302914408514,251,0.05197407079453148,0.25,35.040302914408514,214.6757675044068,35.040302914408514,233.38214590989452,18.706378405487722,0
G2541,input_image.png,F16,ellipse,vertical,35.19621588437818,197,35.19621588437818,251,0.05197407079453148,0.25,35.19621588437818,214.70854114723664,35.19621588437818,233.3524873173903,18.643946170153676,0
G2542,input_image.png,F16,ellipse,vertical,35.352128854347846,197,35.352128854347846,251,0.05197407079453148,0.25,35.352128854347846,214.74102865667922,35.352128854347846,233.32309616702435,18.58206751034514,0
G2543,input_image.png,F16,ellipse,vertical,35.508041824317516,197,35.508041824317516,251,0.05197407079453148,0.25,35.508041824317516,214.77323376362,35.508041824317516,233.29396885760116,18.520735093981138,0
G2544,input_image.png,F16,ellipse,vertical,35.66395479428718,197,35.66395479428718,251,0.05197407079453148,0.25,35.66395479428718,214.8051601343626,35.66395479428718,233.2651018522913,18.459941717928686,0
G2545,input_image.png,F16,ellipse,vertical,35.81986776425685,197,35.81986776425685,251,0.05197407079453148,0.25,35.81986776425685,214.83681137202015,35.81986776425685,233.23649167719987,18.399680305179725,0
G2546,input_image.png,F16,ellipse,vertical,35.97578073422651,197,35.97578073422651,251,0.05197407079453148,0.25,35.97578073422651,214.8681910178708,35.97578073422651,233.20813491997276,18.339943902101975,0
G2547,input_image.png,F16,ellipse,vertical,36.13169370419618,197,36.13169370419618,251,0.05197407079453148,0.25,36.13169370419618,214.90906184949966,36.13169370419618,233.1706563365366,18.261594487036945,0
G2548,input_image.png,F16,ellipse,vertical,36.28760667416585,197,36.28760667416585,251,0.05197407079453148,0.25,36.28760667416585,214.95177056822655,36.28760667416585,233.131547060961,18.179776492734458,0
G2549,input_image.png,F16,ellipse,vertical,36.44351964413552,197,36.44351964413552,251,0.05197407079453148,0.25,36.44351964413552,214.99454863495248,36.44351964413552,233.09251727918885,18.097968644236392,0
G2550,input_image.png,F16,ellipse,vertical,36.59943261410518,197,36.59943261410518,251,0.05197407079453148,0.25,36.59943261410518,215.05025751135133,36.59943261410518,233.0535667490967,18.003309237745363,0
G2551,input_image.png,F16,ellipse,vertical,36.75534558407485,197,36.75534558407485,251,0.05197407079453148,0.25,36.75534558407485,215.10611085912467,36.75534558407485,233.01469522954332,17.90858437041864,0
G2552,input_image.png,F16,ellipse,vertical,36.911258554044515,197,36.911258554044515,251,0.05197407079453148,0.25,36.911258554044515,215.16019425266455,36.911258554044515,232.96743056581585,17.807236313151307,0
G2553,input_image.png,F16,ellipse,vertical,37.067171524014185,197,37.067171524014185,251,0.05197407079453148,0.25,37.067171524014185,215.22023753862544,37.067171524014185,232.90873695857505,17.68849941994961,0
G2554,input_image.png,F16,ellipse,vertical,37.223084493983855,197,37.223084493983855,251,0.05197407079453148,0.25,37.223084493983855,215.28812056779995,37.223084493983855,232.84221318746614,17.554092619666196,0
G2555,input_image.png,F16,ellipse,vertical,37.378997463953525,197,37.378997463953525,251,0.05197407079453148,0.25,37.378997463953525,215.35360297880746,37.378997463953525,232.77794998747726,17.424347008669802,0
G2556,input_image.png,F16,ellipse,vertical,37.53491043392319,197,37.53491043392319,251,0.05197407079453148,0.25,37.53491043392319,215.4168099024189,37.53491043392319,232.71583405760234,17.29902415518346,0
G2557,input_image.png,F16,ellipse,vertical,37.69082340389286,197,37.69082340389286,251,0.05197407079453148,0.25,37.69082340389286,215.47785792143668,37.69082340389286,232.65575954402388,17.177901622587203,0
G2558,input_image.png,F16,ellipse,vertical,37.84673637386252,197,37.84673637386252,251,0.05197407079453148,0.25,37.84673637386252,215.5368557883526,37.84673637386252,232.59762743813232,17.06077164977973,0
G2559,input_image.png,F16,ellipse,vertical,38.00264934383219,197,38.00264934383219,251,0.05197407079453148,0.25,38.00264934383219,215.59410459859396,38.00264934383219,232.5411191333707,16.947014534776738,0
G2560,input_image.png,F16,ellipse,vertical,38.15856231380186,197,38.15856231380186,251,0.05197407079453148,0.25,38.15856231380186,215.66143008154646,38.15856231380186,232.47322427151965,16.811794189973195,0
G2561,input_image.png,F17,rectangle,horizontal,69,219.74939548823522,123,219.74939548823522,0.05197407079453148,0.25,86.28707739831545,219.74939548823522,106.04800054686186,219.74939548823522,19.760923148546414,0
G2562,input_image.png,F17,rectangle,horizontal,69,219.85700572903937,123,219.85700572903937,0.05197407079453148,0.25,86.25553496718756,219.85700572903937,106.08216510052435,219.85700572903937,19.826630133336796,0
G2563,input_image.png,F17,rectangle,horizontal,69,219.96461596984355,123,219.96461596984355,0.05197407079453148,0.25,86.22422523628839,219.96461596984355,106.11579261512715,219.96461596984355,19.89156737883875,0
G2564,input_image.png,F17,rectangle,horizontal,69,220.07222621064773,123,220.07222621064773,0.05197407079453148,0.25,86.1969095698552,220.07222621064773,106.14076418073688,220.07222621064773,19.943854610881672,0
G2565,input_image.png,F17,rectangle,horizontal,69,220.1798364514519,123,220.1798364514519,0.05197407079453148,0.25,86.17154005323843,220.1798364514519,106.16145681419982,220.1798364514519,19.989916760961396,0
G2566,input_image.png,F17,rectangle,horizontal,69,220.28744669225608,123,220.28744669225608,0.05197407079453148,0.25,86.14624744877,220.28744669225608,106.18190220160845,220.28744669225608,20.035654752838447,0
G2567,input_image.png,F17,rectangle,horizontal,69,220.39505693306023,123,220.39505693306023,0.05197407079453148,0.25,86.12103140722024,220.39505693306023,106.2021047479775,220.39505693306023,20.08107334075725,0
G2568,input_image.png,F17,rectangle,horizontal,69,220.5026671738644,123,220.5026671738644,0.05197407079453148,0.25,86.0958915814706,220.5026671738644,106.222068754298,220.5026671738644,20.126177172827397,0
G2569,input_image.png,F17,rectangle,horizontal,69,220.6102774146686,123,220.6102774146686,0.05197407079453148,0.25,86.07082762649765,220.6102774146686,106.24179842058973,220.6102774146686,20.170970794092096,0
G2570,input_image.png,F17,rectangle,horizontal,69,220.71788765547277,123,220.71788765547277,0.05197407079453148,0.25,86.0458391993574,220.71788765547277,106.2612978488472,220.71788765547277,20.2154586494898,0
G2571,input_image.png,F17,rectangle,horizontal,69,220.82549789627694,123,220.82549789627694,0.05197407079453148,0.25,86.02092595916963,220.82549789627694,106.28057104588262,220.82549789627694,20.259645086712993,0
G2572,input_image.png,F17,rectangle,horizontal,69,220.9331081370811,123,220.9331081370811,0.05197407079453148,0.25,85.99636367944375,220.9331081370811,106.29962192607084,220.9331081370811,20.3032582466271,0
G2573,input_image.png,F17,rectangle,horizontal,69,221.04071837788527,123,221.04071837788527,0.05197407079453148,0.25,85.97515236426518,221.04071837788527,106.31493410928013,221.04071837788527,20.33978174501495,0
G2574,input_image.png,F17,rectangle,horizontal,69,221.14832861868945,123,221.14832861868945,0.05197407079453148,0.25,85.95692209165328,221.14832861868945,106.32434050644781,221.14832861868945,20.36741841479453,0
G2575,input_image.png,F17,rectangle,horizontal,69,221.25593885949363,123,221.25593885949363,0.05197407079453148,0.25,85.93877742505092,221.25593885949363,106.33366712552967,221.25593885949363,20.394889700478743,0
G2576,input_image.png,F17,rectangle,horizontal,69,221.3635491002978,123,221.3635491002978,0.05197407079453148,0.25,85.9207177628854,221.3635491002978,106.3429149771678,221.3635491002978,20.422197214282388,0
G2577,input_image.png,F17,rectangle,horizontal,69,221.47115934110195,123,221.47115934110195,0.05197407079453148,0.25,85.90274250920739,221.47115934110195,106.35208505500543,221.47115934110195,20.449342545798036,0
G2578,input_image.png,F17,rectangle,horizontal,69,221.57876958190613,123,221.57876958190613,0.05197407079453148,0.25,85.8848510736253,221.57876958190613,106.36117833604283,221.57876958190613,20.47632726241753,0
G2579,input_image.png,F17,rectangle,horizontal,69,221.6863798227103,123,221.6863798227103,0.05197407079453148,0.25,85.86704287124074,221.6863798227103,106.37019578098432,221.6863798227103,20.50315290974358,0
G2580,input_image.png,F17,rectangle,horizontal,69,221.79399006351449,123,221.79399006351449,0.05197407079453148,0.25,85.84931732258471,221.79399006351449,106.3791383345766,221.79399006351449,20.529821011991874,0
G2581,input_image.png,F17,rectangle,horizontal,69,221.90160030431866,123,221.90160030431866,0.05197407079453148,0.25,85.83167385355478,221.90160030431866,106.38800692593867,221.90160030431866,20.5563330723839,0
G2582,input_image.png,F17,rectangle,horizontal,69,222.0092105451228,123,222.0092105451228,0.05197407079453148,0.25,85.8144849383464,222.0092105451228,106.39621198836551,222.0092105451228,20.58172705001911,0
G2583,input_image.png,F17,rectangle,horizontal,69,222.116820785927,123,222.116820785927,0.05197407079453148,0.25,85.80133308381238,222.116820785927,106.39806963490982,222.116820785927,20.596736551097436,0
G2584,input_image.png,F17,rectangle,horizontal,69,222.22443102673117,123,222.22443102673117,0.05197407079453148,0.25,85.7882080711119,222.22443102673117,106.39991637361587,222.22443102673117,20.61170830250398,0
G2585,input_image.png,F17,rectangle,horizontal,69,222.33204126753535,123,222.33204126753535,0.05197407079453148,0.25,85.77510981815581,222.33204126753535,106.40175230027637,222.33204126753535,20.626642482120573,0
G2586,input_image.png,F17,rectangle,horizontal,69,222.4396515083395,123,222.4396515083395,0.05197407079453148,0.25,85.76203824318938,222.4396515083395,106.40357750956562,222.4396515083395,20.641539266376242,0
G2587,input_image.png,F17,rectangle,horizontal,69,222.54726174914367,123,222.54726174914367,0.05197407079453148,0.25,85.74899326479056,222.54726174914367,106.40539209505577,222.54726174914367,20.656398830265214,0
G2588,input_image.png,F17,rectangle,horizontal,69,222.65487198994785,123,222.65487198994785,0.05197407079453148,0.25,85.7359748018683,222.65487198994785,106.40719614923287,222.65487198994785,20.671221347364586,0
G2589,input_image.png,F17,rectangle,horizontal,69,222.76248223075203,123,222.76248223075203,0.05197407079453148,0.25,85.72298277366086,222.76248223075203,106.40898976351255,222.76248223075203,20.686006989851702,0
G2590,input_image.png,F17,rectangle,horizontal,69,222.8700924715562,123,222.8700924715562,0.05197407079453148,0.25,85.71001709973416,222.8700924715562,106.41077302825548,222.8700924715562,20.700755928521303,0
G2591,input_image.png,F17,rectangle,horizontal,69,222.97770271236035,123,222.97770271236035,0.05197407079453148,0.25,85.69707769998013,222.97770271236035,106.41254603278247,222.97770271236035,20.71546833280233,0
G2592,input_image.png,F17,rectangle,horizontal,69,223.08531295316453,123,223.08531295316453,0.05197407079453148,0.25,85.68804745859933,223.08531295316453,106.41009211297302,223.08531295316453,20.722044654373683,0
G2593,input_image.png,F17,rectangle,horizontal,69,223.1929231939687,123,223.1929231939687,0.05197407079453148,0.25,85.68002845277218,223.1929231939687,106.40654615562669,223.1929231939687,20.7265177028545,0
G2594,input_image.png,F17,rectangle,horizontal,69,223.3005334347729,123,223.3005334347729,0.05197407079453148,0.25,85.67200238607995,223.3005334347729,106.40301251867427,223.3005334347729,20.73101013259431,0
G2595,input_image.png,F17,rectangle,horizontal,69,223.40814367557707,123,223.40814367557707,0.05197407079453148,0.25,85.66396924919273,223.40814367557707,106.39949113801647,223.40814367557707,20.735521888823737,0
G2596,input_image.png,F17,rectangle,horizontal,69,223.51575391638121,123,223.51575391638121,0.05197407079453148,0.25,85.65592903276416,223.51575391638121,106.39598194999792,223.51575391638121,20.74005291723376,0
G2597,input_image.png,F17,rectangle,horizontal,69,223.6233641571854,123,223.6233641571854,0.05197407079453148,0.25,85.6478817274314,223.6233641571854,106.39248489140327,223.6233641571854,20.744603163971874,0
G2598,input_image.png,F17,rectangle,horizontal,69,223.73097439798957,123,223.73097439798957,0.05197407079453148,0.25,85.63982732381507,223.73097439798957,106.38899989945341,223.73097439798957,20.749172575638347,0
G2599,input_image.png,F17,rectangle,horizontal,69,223.83858463879375,123,223.83858463879375,0.05197407079453148,0.25,85.63176581251926,223.83858463879375,106.38552691180175,223.83858463879375,20.753761099282485,0
G2600,input_image.png,F17,rectangle,horizontal,69,223.94619487959793,123,223.94619487959793,0.05197407079453148,0.25,85.62369718413149,223.94619487959793,106.38206586653047,223.94619487959793,20.758368682398974,0
G2601,input_image.png,F17,rectangle,horizontal,69,224.05380512040207,123,224.05380512040207,0.05197407079453148,0.25,85.61793413462328,224.05380512040207,106.37630281698583,224.05380512040207,20.75836868236253,0
G2602,input_image.png,F17,rectangle,horizontal,69,224.16141536120625,123,224.16141536120625,0.05197407079453148,0.25,85.61447308938655,224.16141536120625,106.36823418856005,224.16141536120625,20.75376109917349,0
G2603,input_image.png,F17,rectangle,horizontal,69,224.26902560201043,123,224.26902560201043,0.05197407079453148,0.25,85.61100010176987,224.26902560201043,106.36017267722713,224.26902560201043,20.74917257545724,0
G2604,input_image.png,F17,rectangle,horizontal,69,224.3766358428146,123,224.3766358428146,0.05197407079453148,0.25,85.60751510985544,224.3766358428146,106.35211827357455,224.3766358428146,20.7446031637191,0
G2605,input_image.png,F17,rectangle,horizontal,69,224.48424608361879,123,224.48424608361879,0.05197407079453148,0.25,85.60401805129665,224.48424608361879,106.34407096820638,224.48424608361879,20.74005291690973,0
G2606,input_image.png,F17,rectangle,horizontal,69,224.59185632442293,123,224.59185632442293,0.05197407079453148,0.25,85.60050886331442,224.59185632442293,106.3360307517433,224.59185632442293,20.735521888428877,0
G2607,input_image.png,F17,rectangle,horizontal,69,224.6994665652271,123,224.6994665652271,0.05197407079453148,0.25,85.59698748269338,224.6994665652271,106.32799761482241,224.6994665652271,20.731010132129036,0
G2608,input_image.png,F17,rectangle,horizontal,69,224.8070768060313,123,224.8070768060313,0.05197407079453148,0.25,85.59345384577817,224.8070768060313,106.31997154809739,224.8070768060313,20.72651770231922,0
G2609,input_image.png,F17,rectangle,horizontal,69,224.91468704683547,123,224.91468704683547,0.05197407079453148,0.25,85.58990788846951,224.91468704683547,106.3119525422383,224.91468704683547,20.72204465376879,0
G2610,input_image.png,F17,rectangle,horizontal,69,225.02229728763965,123,225.02229728763965,0.05197407079453148,0.25,85.587453968692,225.02229728763965,106.30292230080812,225.02229728763965,20.715468332116107,0
G2611,input_image.png,F17,rectangle,horizontal,69,225.1299075284438,123,225.1299075284438,0.05197407079453148,0.25,85.58922697322721,225.1299075284438,106.2899829009342,225.1299075284438,20.700755927707,0
G2612,input_image.png,F17,rectangle,horizontal,69,225.23751776924797,123,225.23751776924797,0.05197407079453148,0.25,85.59101023797798,225.23751776924797,106.27701722688644,225.23751776924797,20.686006988908463,0
G2613,input_image.png,F17,rectangle,horizontal,69,225.34512801005215,123,225.34512801005215,0.05197407079453148,0.25,85.59280385226515,225.34512801005215,106.26402519855671,225.34512801005215,20.671221346291574,0
G2614,input_image.png,F17,rectangle,horizontal,69,225.45273825085633,123,225.45273825085633,0.05197407079453148,0.25,85.59460790644935,225.45273825085633,106.25100673551094,225.45273825085633,20.656398829061583,0
G2615,input_image.png,F17,rectangle,horizontal,69,225.56034849166048,123,225.56034849166048,0.05197407079453148,0.25,85.59642249194621,225.56034849166048,106.23796175698737,225.56034849166048,20.641539265041153,0
G2616,input_image.png,F17,rectangle,horizontal,69,225.66795873246465,123,225.66795873246465,0.05197407079453148,0.25,85.59824770124179,225.66795873246465,106.22489018189498,225.66795873246465,20.62664248065318,0
G2617,input_image.png,F17,rectangle,horizontal,69,225.77556897326883,123,225.77556897326883,0.05197407079453148,0.25,85.60008362790822,225.77556897326883,106.21179192881166,225.77556897326883,20.611708300903445,0
G2618,input_image.png,F17,rectangle,horizontal,69,225.883179214073,123,225.883179214073,0.05197407079453148,0.25,85.6019303666198,225.883179214073,106.1986669159827,225.883179214073,20.596736549362905,0
G2619,input_image.png,F17,rectangle,horizontal,69,225.9907894548772,123,225.9907894548772,0.05197407079453148,0.25,85.60378801316921,225.9907894548772,106.18551506131897,225.9907894548772,20.581727048149755,0
G2620,input_image.png,F17,rectangle,horizontal,69,226.09839969568134,123,226.09839969568134,0.05197407079453148,0.25,85.611993075456,226.09839969568134,106.16832614609251,226.09839969568134,20.556333070636516,0
G2621,input_image.png,F17,rectangle,horizontal,69,226.20600993648551,123,226.20600993648551,0.05197407079453148,0.25,85.62086166666516,226.20600993648551,106.15068267705908,226.20600993648551,20.52982101039392,0
G2622,input_image.png,F17,rectangle,horizontal,69,226.3136201772897,123,226.3136201772897,0.05197407079453148,0.25,85.62980422010526,226.3136201772897,106.13295712840386,226.3136201772897,20.503152908298603,0
G2623,input_image.png,F17,rectangle,horizontal,69,226.42123041809387,123,226.42123041809387,0.05197407079453148,0.25,85.63882166489537,226.42123041809387,106.11514892602449,226.42123041809387,20.47632726112911,0
G2624,input_image.png,F17,rectangle,horizontal,69,226.52884065889805,123,226.52884065889805,0.05197407079453148,0.25,85.64791494578222,226.52884065889805,106.097257490452,226.52884065889805,20.44934254466978,0
G2625,input_image.png,F17,rectangle,horizontal,69,226.6364508997022,123,226.6364508997022,0.05197407079453148,0.25,85.65708502347013,226.6364508997022,106.07928223678806,226.6364508997022,20.422197213317922,0
G2626,input_image.png,F17,rectangle,horizontal,69,226.74406114050637,123,226.74406114050637,0.05197407079453148,0.25,85.66633287495947,226.74406114050637,106.06122257464118,226.74406114050637,20.394889699681716,0
G2627,input_image.png,F17,rectangle,horizontal,69,226.85167138131055,123,226.85167138131055,0.05197407079453148,0.25,85.67565949389345,226.85167138131055,106.04307790806206,226.85167138131055,20.367418414168615,0
G2628,input_image.png,F17,rectangle,horizontal,69,226.95928162211473,123,226.95928162211473,0.05197407079453148,0.25,85.68506589091422,226.95928162211473,106.0248476354781,226.95928162211473,20.339781744563865,0
G2629,input_image.png,F17,rectangle,horizontal,69,227.0668918629189,123,227.0668918629189,0.05197407079453148,0.25,85.70037807403796,227.0668918629189,106.00363632033937,227.0668918629189,20.303258246301404,0
G2630,input_image.png,F17,rectangle,horizontal,69,227.17450210372306,123,227.17450210372306,0.05197407079453148,0.25,85.71942895417548,227.17450210372306,105.97907404068772,227.17450210372306,20.259645086512247,0
G2631,input_image.png,F17,rectangle,horizontal,69,227.28211234452723,123,227.28211234452723,0.05197407079453148,0.25,85.73870215115754,227.28211234452723,105.95416080059388,227.28211234452723,20.215458649436346,0
G2632,input_image.png,F17,rectangle,horizontal,69,227.3897225853314,123,227.3897225853314,0.05197407079453148,0.25,85.75820157935892,227.3897225853314,105.92917237354314,227.3897225853314,20.170970794184207,0
G2633,input_image.png,F17,rectangle,horizontal,69,227.4973328261356,123,227.4973328261356,0.05197407079453148,0.25,85.77793124559179,227.4973328261356,105.90410841865517,227.4973328261356,20.126177173063393,0
G2634,input_image.png,F17,rectangle,horizontal,69,227.60494306693977,123,227.60494306693977,0.05197407079453148,0.25,85.79789525185046,227.60494306693977,105.87896859298596,227.60494306693977,20.0810733411355,0
G2635,input_image.png,F17,rectangle,horizontal,69,227.71255330774392,123,227.71255330774392,0.05197407079453148,0.25,85.81809779815471,227.71255330774392,105.85375255151207,227.71255330774392,20.035654753357363,0
G2636,input_image.png,F17,rectangle,horizontal,69,227.8201635485481,123,227.8201635485481,0.05197407079453148,0.25,85.83854318549544,227.8201635485481,105.82845994711488,227.8201635485481,19.989916761619444,0
G2637,input_image.png,F17,rectangle,horizontal,69,227.92777378935227,123,227.92777378935227,0.05197407079453148,0.25,85.85923581888731,227.92777378935227,105.80309043056471,227.92777378935227,19.943854611677388,0
G2638,input_image.png,F17,rectangle,horizontal,69,228.03538403015645,123,228.03538403015645,0.05197407079453148,0.25,85.88420738441371,228.03538403015645,105.77577476418418,228.03538403015645,19.89156737977046,0
G2639,input_image.png,F17,rectangle,horizontal,69,228.14299427096063,123,228.14299427096063,0.05197407079453148,0.25,85.91783489891448,228.14299427096063,105.7444650333192,228.14299427096063,19.82663013440472,0
G2640,input_image.png,F17,rectangle,horizontal,69,228.25060451176478,123,228.25060451176478,0.05197407079453148,0.25,85.95199945247614,228.25060451176478,105.71292260222842,228.25060451176478,19.76092314975228,0
G2641,input_image.png,F17,rectangle,vertical,91.09515207655582,197,91.09515207655582,251,0.05197407079453148,0.25,91.09515207655582,215.02031833583007,91.09515207655582,232.29418864660911,17.27387031077905,0
G2642,input_image.png,F17,rectangle,vertical,91.2193254417063,197,91.2193254417063,251,0.05197407079453148,0.25,91.2193254417063,215.00277809217835,91.2193254417063,232.3209945689965,17.318216476818154,0
G2643,input_image.png,F17,rectangle,vertical,91.34349880685679,197,91.34349880685679,251,0.05197407079453148,0.25,91.34349880685679,214.98669033042728,91.34349880685679,232.34764476287137,17.360954432444085,0
G2644,input_image.png,F17,rectangle,vertical,91.46767217200727,197,91.46767217200727,251,0.05197407079453148,0.25,91.46767217200727,214.97101935195494,91.46767217200727,232.3741405813561,17.403121229401165,0
G2645,input_image.png,F17,rectangle,vertical,91.59184553715775,197,91.59184553715775,251,0.05197407079453148,0.25,91.59184553715775,214.95552023538696,91.59184553715775,232.4004833619421,17.444963126555148,0
G2646,input_image.png,F17,rectangle,vertical,91.71601890230824,197,91.71601890230824,251,0.05197407079453148,0.25,91.71601890230824,214.94019016895544,91.71601890230824,232.42667442671467,17.4864842577592,0
G2647,input_image.png,F17,rectangle,vertical,91.84019226745873,197,91.84019226745873,251,0.05197407079453148,0.25,91.84019226745873,214.9250264018963,91.84019226745873,232.4527150825743,17.527688680678004,0
G2648,input_image.png,F17,rectangle,vertical,91.96436563260922,197,91.96436563260922,251,0.05197407079453148,0.25,91.96436563260922,214.9100262428035,91.96436563260922,232.4786066214541,17.56858037865058,0
G2649,input_image.png,F17,rectangle,vertical,92.0885389977597,197,92.0885389977597,251,0.05197407079453148,0.25,92.0885389977597,214.90131225985,92.0885389977597,232.50168750312346,17.600375243273483,0
G2650,input_image.png,F17,rectangle,vertical,92.21271236291018,197,92.21271236291018,251,0.05197407079453148,0.25,92.21271236291018,214.89512600572436,92.21271236291018,232.5236486667646,17.62852266104021,0
G2651,input_image.png,F17,rectangle,vertical,92.33688572806066,197,92.33688572806066,251,0.05197407079453148,0.25,92.33688572806066,214.88898549408538,92.33688572806066,232.5455785119263,17.656593017840915,0
G2652,input_image.png,F17,rectangle,vertical,92.46105909321116,197,92.46105909321116,251,0.05197407079453148,0.25,92.46105909321116,214.88289021945718,92.46105909321116,232.56747710555504,17.68458688609786,0
G2653,input_image.png,F17,rectangle,vertical,92.58523245836165,197,92.58523245836165,251,0.05197407079453148,0.25,92.58523245836165,214.87683968378434,92.58523245836165,232.58934451440666,17.712504830622326,0
G2654,input_image.png,F17,rectangle,vertical,92.70940582351213,197,92.70940582351213,251,0.05197407079453148,0.25,92.70940582351213,214.87083339629604,92.70940582351213,232.61118080504696,17.740347408750925,0
G2655,input_image.png,F17,rectangle,vertical,92.83357918866261,197,92.83357918866261,251,0.05197407079453148,0.25,92.83357918866261,214.86487087337338,92.83357918866261,232.6329860438524,17.76811517047902,0
G2656,input_image.png,F17,rectangle,vertical,92.9577525538131,197,92.9577525538131,251,0.05197407079453148,0.25,92.9577525538131,214.85895163841974,92.9577525538131,232.65476029701085,17.79580865859114,0
G2657,input_image.png,F17,rectangle,vertical,93.08192591896359,197,93.08192591896359,251,0.05197407079453148,0.25,93.08192591896359,214.85715408646806,93.08192591896359,232.6744873505763,17.817333264108232,0
G2658,input_image.png,F17,rectangle,vertical,93.20609928411407,197,93.20609928411407,251,0.05197407079453148,0.25,93.20609928411407,214.857465982636,93.20609928411407,232.69317888589052,17.83571290325454,0
G2659,input_image.png,F17,rectangle,vertical,93.33027264926456,197,93.33027264926456,251,0.05197407079453148,0.25,93.33027264926456,214.8577764608325,93.33027264926456,232.7118818647742,17.85410540394169,0
G2660,input_image.png,F17,rectangle,vertical,93.45444601441504,197,93.45444601441504,251,0.05197407079453148,0.25,93.45444601441504,214.8580855307054,93.45444601441504,232.73059629773968,17.872510767034274,0
G2661,input_image.png,F17,rectangle,vertical,93.57861937956552,197,93.57861937956552,251,0.05197407079453148,0.25,93.57861937956552,214.85839320181526,93.57861937956552,232.74932219531232,17.89092899349706,0
G2662,input_image.png,F17,rectangle,vertical,93.702792744716,197,93.702792744716,251,0.05197407079453148,0.25,93.702792744716,214.85869948363617,93.702792744716,232.76805956803025,17.909360084394056,0
G2663,input_image.png,F17,rectangle,vertical,93.8269661098665,197,93.8269661098665,251,0.05197407079453148,0.25,93.8269661098665,214.859004385557,93.8269661098665,232.7868084264446,17.927804040887576,0
G2664,input_image.png,F17,rectangle,vertical,93.95113947501699,197,93.95113947501699,251,0.05197407079453148,0.25,93.95113947501699,214.85930791688213,93.95113947501699,232.8055687811194,17.94626086423727,0
G2665,input_image.png,F17,rectangle,vertical,94.07531284016747,197,94.07531284016747,251,0.05197407079453148,0.25,94.07531284016747,214.86236218278472,94.07531284016747,232.82232981777983,17.959967634995124,0
G2666,input_image.png,F17,rectangle,vertical,94.19948620531795,197,94.19948620531795,251,0.05197407079453148,0.25,94.19948620531795,214.86719286108195,94.19948620531795,232.83780696643387,17.97061410535195,0
G2667,input_image.png,F17,rectangle,vertical,94.32365957046844,197,94.32365957046844,251,0.05197407079453148,0.25,94.32365957046844,214.8720126272978,94.32365957046844,232.85330707235047,17.98129444505268,0
G2668,input_image.png,F17,rectangle,vertical,94.44783293561893,197,94.44783293561893,251,0.05197407079453148,0.25,94.44783293561893,214.87682151836478,94.44783293561893,232.86883018664633,17.99200866828157,0
G2669,input_image.png,F17,rectangle,vertical,94.57200630076942,197,94.57200630076942,251,0.05197407079453148,0.25,94.57200630076942,214.88161957104882,94.57200630076942,232.88437636059,18.0027567895412,0
G2670,input_image.png,F17,rectangle,vertical,94.6961796659199,197,94.6961796659199,251,0.05197407079453148,0.25,94.6961796659199,214.88640682195035,94.6961796659199,232.8999456456025,18.013538823652127,0
G2671,input_image.png,F17,rectangle,vertical,94.82035303107038,197,94.82035303107038,251,0.05197407079453148,0.25,94.82035303107038,214.89118330750523,94.82035303107038,232.91553809325774,18.024354785752536,0
G2672,input_image.png,F17,rectangle,vertical,94.94452639622087,197,94.94452639622087,251,0.05197407079453148,0.25,94.94452639622087,214.8959490639855,94.94452639622087,232.93115375528336,18.035204691297842,0
G2673,input_image.png,F17,rectangle,vertical,95.06869976137136,197,95.06869976137136,251,0.05197407079453148,0.25,95.06869976137136,214.90269959465274,95.06869976137136,232.94484305226712,18.042143457614365,0
G2674,input_image.png,F17,rectangle,vertical,95.19287312652185,197,95.19287312652185,251,0.05197407079453148,0.25,95.19287312652185,214.9110566203074,95.19287312652185,232.95698793695152,18.04593131664412,0
G2675,input_image.png,F17,rectangle,vertical,95.31704649167233,197,95.31704649167233,251,0.05197407079453148,0.25,95.31704649167233,214.9194105341219,95.31704649167233,232.96916469500076,18.049754160878862,0
G2676,input_image.png,F17,rectangle,vertical,95.44121985682281,197,95.44121985682281,251,0.05197407079453148,0.25,95.44121985682281,214.92776133783408,95.44121985682281,232.98137345205373,18.053612114219664,0
G2677,input_image.png,F17,rectangle,vertical,95.5653932219733,197,95.5653932219733,251,0.05197407079453148,0.25,95.5653932219733,214.93610903318037,95.5653932219733,232.99361433441047,18.057505301230094,0
G2678,input_image.png,F17,rectangle,vertical,95.68956658712379,197,95.68956658712379,251,0.05197407079453148,0.25,95.68956658712379,214.944453621896,95.68956658712379,233.0055935409855,18.061139919089513,0
G2679,input_image.png,F17,rectangle,vertical,95.81373995227428,197,95.81373995227428,251,0.05197407079453148,0.25,95.81373995227428,214.9527951057148,95.81373995227428,233.01724880617493,18.064453700460113,0
G2680,input_image.png,F17,rectangle,vertical,95.93791331742476,197,95.93791331742476,251,0.05197407079453148,0.25,95.93791331742476,214.96113348636948,95.93791331742476,233.02888634911722,18.067752862747746,0
G2681,input_image.png,F17,rectangle,vertical,96.06208668257524,197,96.06208668257524,251,0.05197407079453148,0.25,96.06208668257524,214.97111365175473,96.06208668257524,233.03886651449326,18.067752862738534,0
G2682,input_image.png,F17,rectangle,vertical,96.18626004772572,197,96.18626004772572,251,0.05197407079453148,0.25,96.18626004772572,214.98275119459123,96.18626004772572,233.04720489502733,18.06445370043612,0
G2683,input_image.png,F17,rectangle,vertical,96.31043341287621,197,96.31043341287621,251,0.05197407079453148,0.25,96.31043341287621,214.99440645967195,96.31043341287621,233.0555463787275,18.06113991905559,0
G2684,input_image.png,F17,rectangle,vertical,96.4346067780267,197,96.4346067780267,251,0.05197407079453148,0.25,96.4346067780267,215.00638566615572,96.4346067780267,233.06389096732644,18.057505301170732,0
G2685,input_image.png,F17,rectangle,vertical,96.55878014317719,197,96.55878014317719,251,0.05197407079453148,0.25,96.55878014317719,215.0186265483821,96.55878014317719,233.072238662558,18.0536121141759,0
G2686,input_image.png,F17,rectangle,vertical,96.68295350832767,197,96.68295350832767,251,0.05197407079453148,0.25,96.68295350832767,215.0308353053081,96.68295350832767,233.08058946615733,18.04975416084923,0
G2687,input_image.png,F17,rectangle,vertical,96.80712687347815,197,96.80712687347815,251,0.05197407079453148,0.25,96.80712687347815,215.0430120632338,96.80712687347815,233.08894337986098,18.045931316627186,0
G2688,input_image.png,F17,rectangle,vertical,96.93130023862864,197,96.93130023862864,251,0.05197407079453148,0.25,96.93130023862864,215.05515694779797,96.93130023862864,233.09730040540668,18.042143457608717,0
G2689,input_image.png,F17,rectangle,vertical,97.05547360377913,197,97.05547360377913,251,0.05197407079453148,0.25,97.05547360377913,215.06884624474583,97.05547360377913,233.1040509360145,18.03520469126866,0
G2690,input_image.png,F17,rectangle,vertical,97.17964696892962,197,97.17964696892962,251,0.05197407079453148,0.25,97.17964696892962,215.0844619068377,97.17964696892962,233.10881669249477,18.02435478565708,0
G2691,input_image.png,F17,rectangle,vertical,97.3038203340801,197,97.3038203340801,251,0.05197407079453148,0.25,97.3038203340801,215.10005435456054,97.3038203340801,233.11359317804965,18.013538823489085,0
G2692,input_image.png,F17,rectangle,vertical,97.42799369923058,197,97.42799369923058,251,0.05197407079453148,0.25,97.42799369923058,215.11562363964194,97.42799369923058,233.11838042895118,18.002756789309256,0
G2693,input_image.png,F17,rectangle,vertical,97.55216706438107,197,97.55216706438107,251,0.05197407079453148,0.25,97.55216706438107,215.13116981365582,97.55216706438107,233.12317848163522,17.992008667979416,0
G2694,input_image.png,F17,rectangle,vertical,97.67634042953156,197,97.67634042953156,251,0.05197407079453148,0.25,97.67634042953156,215.14669292802319,97.67634042953156,233.1279873727022,17.98129444467902,0
G2695,input_image.png,F17,rectangle,vertical,97.80051379468205,197,97.80051379468205,251,0.05197407079453148,0.25,97.80051379468205,215.16219303401257,97.80051379468205,233.13280713891805,17.970614104905486,0
G2696,input_image.png,F17,rectangle,vertical,97.92468715983253,197,97.92468715983253,251,0.05197407079453148,0.25,97.92468715983253,215.1776701827407,97.92468715983253,233.13763781721528,17.959967634474573,0
G2697,input_image.png,F17,rectangle,vertical,98.04886052498301,197,98.04886052498301,251,0.05197407079453148,0.25,98.04886052498301,215.19443121944587,98.04886052498301,233.14069208308914,17.94626086364326,0
G2698,input_image.png,F17,rectangle,vertical,98.1730338901335,197,98.1730338901335,251,0.05197407079453148,0.25,98.1730338901335,215.21319157411736,98.1730338901335,233.14099561434102,17.927804040223652,0
G2699,input_image.png,F17,rectangle,vertical,98.29720725528398,197,98.29720725528398,251,0.05197407079453148,0.25,98.29720725528398,215.2319404325267,98.29720725528398,233.14130051618835,17.909360083661642,0
G2700,input_image.png,F17,rectangle,vertical,98.42138062043448,197,98.42138062043448,251,0.05197407079453148,0.25,98.42138062043448,215.25067780523793,98.42138062043448,233.14160679793548,17.890928992697564,0
G2701,input_image.png,F17,rectangle,vertical,98.54555398558496,197,98.54555398558496,251,0.05197407079453148,0.25,98.54555398558496,215.26940370280215,98.54555398558496,233.14191446897127,17.87251076616911,0
G2702,input_image.png,F17,rectangle,vertical,98.66972735073544,197,98.66972735073544,251,0.05197407079453148,0.25,98.66972735073544,215.28811813575754,98.66972735073544,233.14222353876983,17.854105403012266,0
G2703,input_image.png,F17,rectangle,vertical,98.79390071588593,197,98.79390071588593,251,0.05197407079453148,0.25,98.79390071588593,215.30682111462943,98.79390071588593,233.1425340168917,17.835712902262248,0
G2704,input_image.png,F17,rectangle,vertical,98.91807408103642,197,98.91807408103642,251,0.05197407079453148,0.25,98.91807408103642,215.3255126499302,98.91807408103642,233.14284591298468,17.817333263054483,0
G2705,input_image.png,F17,rectangle,vertical,99.0422474461869,197,99.0422474461869,251,0.05197407079453148,0.25,99.0422474461869,215.3452397034932,99.0422474461869,233.1410483609992,17.795808657505994,0
G2706,input_image.png,F17,rectangle,vertical,99.16642081133739,197,99.16642081133739,251,0.05197407079453148,0.25,99.16642081133739,215.36701395667512,99.16642081133739,233.13512912609255,17.768115169417406,0
G2707,input_image.png,F17,rectangle,vertical,99.29059417648787,197,99.29059417648787,251,0.05197407079453148,0.25,99.29059417648787,215.38881919550678,99.29059417648787,233.12916660321795,17.74034740771117,0
G2708,input_image.png,F17,rectangle,vertical,99.41476754163835,197,99.41476754163835,251,0.05197407079453148,0.25,99.41476754163835,215.41065548617604,99.41476754163835,233.12316031577876,17.71250482960275,0
G2709,input_image.png,F17,rectangle,vertical,99.53894090678884,197,99.53894090678884,251,0.05197407079453148,0.25,99.53894090678884,215.43252289505935,99.53894090678884,233.11710978015617,17.684586885096813,0
G2710,input_image.png,F17,rectangle,vertical,99.66311427193934,197,99.66311427193934,251,0.05197407079453148,0.25,99.66311427193934,215.45442148872257,99.66311427193934,233.1110145055793,17.656593016856736,0
G2711,input_image.png,F17,rectangle,vertical,99.78728763708982,197,99.78728763708982,251,0.05197407079453148,0.25,99.78728763708982,215.47635133392149,99.78728763708982,233.10487399399275,17.62852266007126,0
G2712,input_image.png,F17,rectangle,vertical,99.9114610022403,197,99.9114610022403,251,0.05197407079453148,0.25,99.9114610022403,215.49831249760263,99.9114610022403,233.09868773992073,17.600375242318112,0
G2713,input_image.png,F17,rectangle,vertical,100.03563436739078,197,100.03563436739078,251,0.05197407079453148,0.25,100.03563436739078,215.52139337927946,100.03563436739078,233.0899737570118,17.568580377732324,0
G2714,input_image.png,F17,rectangle,vertical,100.15980773254127,197,100.15980773254127,251,0.05197407079453148,0.25,100.15980773254127,215.54728491807754,100.15980773254127,233.07497359793925,17.5276886798617,0
G2715,input_image.png,F17,rectangle,vertical,100.28398109769176,197,100.28398109769176,251,0.05197407079453148,0.25,100.28398109769176,215.57332557385183,100.28398109769176,233.05980983090132,17.48648425704949,0
G2716,input_image.png,F17,rectangle,vertical,100.40815446284225,197,100.40815446284225,251,0.05197407079453148,0.25,100.40815446284225,215.59951663853533,100.40815446284225,233.04447976449208,17.444963125956757,0
G2717,input_image.png,F17,rectangle,vertical,100.53232782799273,197,100.53232782799273,251,0.05197407079453148,0.25,100.53232782799273,215.62585941902847,100.53232782799273,233.02898064794738,17.403121228918913,0
G2718,input_image.png,F17,rectangle,vertical,100.65650119314321,197,100.65650119314321,251,0.05197407079453148,0.25,100.65650119314321,215.65235523741654,100.65650119314321,233.01330966949942,17.360954432082877,0
G2719,input_image.png,F17,rectangle,vertical,100.7806745582937,197,100.7806745582937,251,0.05197407079453148,0.25,100.7806745582937,215.67900543119083,100.7806745582937,232.99722190777115,17.318216476580304,0
G2720,input_image.png,F17,rectangle,vertical,100.90484792344418,197,100.90484792344418,251,0.05197407079453148,0.25,100.90484792344418,215.7058113534737,100.90484792344418,232.97968166415936,17.273870310685652,0
G2721,input_image.png,F18,rectangle,horizontal,133,218.92141011560136,187,218.92141011560136,0.05197407079453148,0.25,150.42465590143445,218.92141011560136,168.3336387493852,218.92141011560136,17.90898284795076,0
G2722,input_image.png,F18,rectangle,horizontal,133,219.04998201140893,187,219.04998201140893,0.05197407079453148,0.25,150.39695487857088,219.04998201140893,168.37103704120761,219.04998201140893,17.97408216263676,0
G2723,input_image.png,F18,rectangle,horizontal,133,219.17855390721647,187,219.17855390721647,0.05197407079453148,0.25,150.380305245766,219.17855390721647,168.40511490236818,219.17855390721647,18.024809656602162,0
G2724,input_image.png,F18,rectangle,horizontal,133,219.30712580302404,187,219.30712580302404,0.05197407079453148,0.25,150.36386224135273,219.30712580302404,168.43918090654074,219.30712580302404,18.075318665188004,0
G2725,input_image.png,F18,rectangle,horizontal,133,219.4356976988316,187,219.4356976988316,0.05197407079453148,0.25,150.34762204254463,219.4356976988316,168.47323505991247,219.4356976988316,18.125613017367844,0
G2726,input_image.png,F18,rectangle,horizontal,133,219.56426959463917,187,219.56426959463917,0.05197407079453148,0.25,150.33158092027665,219.56426959463917,168.50727736866622,219.56426959463917,18.175696448389584,0
G2727,input_image.png,F18,rectangle,horizontal,133,219.6928414904467,187,219.6928414904467,0.05197407079453148,0.25,150.31573523635055,219.6928414904467,168.5413078389806,219.6928414904467,18.225572602630056,0
G2728,input_image.png,F18,rectangle,horizontal,133,219.82141338625428,187,219.82141338625428,0.05197407079453148,0.25,150.3000814406838,219.82141338625428,168.57532647702982,219.82141338625428,18.275245036346018,0
G2729,input_image.png,F18,rectangle,horizontal,133,219.94998528206185,187,219.94998528206185,0.05197407079453148,0.25,150.28461606865818,219.94998528206185,168.60933328898392,219.94998528206185,18.32471722032574,0
G2730,input_image.png,F18,rectangle,horizontal,133,220.0785571778694,187,220.0785571778694,0.05197407079453148,0.25,150.2774359840848,220.0785571778694,168.64117725157357,220.0785571778694,18.363741267488752,0
G2731,input_image.png,F18,rectangle,horizontal,133,220.20712907367695,187,220.20712907367695,0.05197407079453148,0.25,150.2754657475249,220.20712907367695,168.67173886915586,220.20712907367695,18.39627312163095,0
G2732,input_image.png,F18,rectangle,horizontal,133,220.33570096948452,187,220.33570096948452,0.05197407079453148,0.25,150.27351632839114,220.33570096948452,168.70241205474443,220.33570096948452,18.428895726353275,0
G2733,input_image.png,F18,rectangle,horizontal,133,220.4642728652921,187,220.4642728652921,0.05197407079453148,0.25,150.27158739848352,220.4642728652921,168.7331974203904,220.4642728652921,18.461610021906896,0
G2734,input_image.png,F18,rectangle,horizontal,133,220.59284476109966,187,220.59284476109966,0.05197407079453148,0.25,150.26967863646496,220.59284476109966,168.76409558263,220.59284476109966,18.494416946165064,0
G2735,input_image.png,F18,rectangle,horizontal,133,220.7214166569072,187,220.7214166569072,0.05197407079453148,0.25,150.2677897276829,220.7214166569072,168.79510716252565,220.7214166569072,18.52731743484275,0
G2736,input_image.png,F18,rectangle,horizontal,133,220.84998855271476,187,220.84998855271476,0.05197407079453148,0.25,150.26592036399649,220.84998855271476,168.82623278570765,220.84998855271476,18.560312421711178,0
G2737,input_image.png,F18,rectangle,horizontal,133,220.97856044852233,187,220.97856044852233,0.05197407079453148,0.25,150.26407024360873,220.97856044852233,168.85747308241616,220.97856044852233,18.593402838807425,0
G2738,input_image.png,F18,rectangle,horizontal,133,221.1071323443299,187,221.1071323443299,0.05197407079453148,0.25,150.2701106118119,221.1071323443299,168.8867646604244,221.1071323443299,18.61665404861249,0
G2739,input_image.png,F18,rectangle,horizontal,133,221.23570424013744,187,221.23570424013744,0.05197407079453148,0.25,150.27766352181786,221.23570424013744,168.915844261007,221.23570424013744,18.638180739189146,0
G2740,input_image.png,F18,rectangle,horizontal,133,221.364276135945,187,221.364276135945,0.05197407079453148,0.25,150.28514719630206,221.364276135945,168.94513486775497,221.364276135945,18.659987671452917,0
G2741,input_image.png,F18,rectangle,horizontal,133,221.49284803175257,187,221.49284803175257,0.05197407079453148,0.25,150.29256258291656,221.49284803175257,168.97463878567206,221.49284803175257,18.682076202755496,0
G2742,input_image.png,F18,rectangle,horizontal,133,221.62141992756014,187,221.62141992756014,0.05197407079453148,0.25,150.29991061209745,221.62141992756014,169.00392583658726,221.62141992756014,18.704015224489805,0
G2743,input_image.png,F18,rectangle,horizontal,133,221.74999182336768,187,221.74999182336768,0.05197407079453148,0.25,150.3071921974541,221.74999182336768,169.03078367155064,221.74999182336768,18.723591474096555,0
G2744,input_image.png,F18,rectangle,horizontal,133,221.87856371917525,187,221.87856371917525,0.05197407079453148,0.25,150.31440823614778,221.87856371917525,169.05764867701797,221.87856371917525,18.74324044087017,0
G2745,input_image.png,F18,rectangle,horizontal,133,222.00713561498281,187,222.00713561498281,0.05197407079453148,0.25,150.32191325473886,222.00713561498281,169.08435606139622,222.00713561498281,18.762442806657365,0
G2746,input_image.png,F18,rectangle,horizontal,133,222.13570751079038,187,222.13570751079038,0.05197407079453148,0.25,150.33535731016605,222.13570751079038,169.10829608791602,222.13570751079038,18.77293877774996,0
G2747,input_image.png,F18,rectangle,horizontal,133,222.26427940659792,187,222.26427940659792,0.05197407079453148,0.25,150.34870889656142,222.26427940659792,169.13230030019062,222.26427940659792,18.783591403629217,0
G2748,input_image.png,F18,rectangle,horizontal,133,222.3928513024055,187,222.3928513024055,0.05197407079453148,0.25,150.3619689646668,222.3928513024055,169.15636895669988,222.3928513024055,18.794399992033085,0
G2749,input_image.png,F18,rectangle,horizontal,133,222.52142319821306,187,222.52142319821306,0.05197407079453148,0.25,150.37513845223484,222.52142319821306,169.18050231731326,222.52142319821306,18.805363865078416,0
G2750,input_image.png,F18,rectangle,horizontal,133,222.64999509402062,187,222.64999509402062,0.05197407079453148,0.25,150.38821828425003,222.64999509402062,169.2047006432993,222.64999509402062,18.81648235904928,0
G2751,input_image.png,F18,rectangle,horizontal,133,222.77856698982816,187,222.77856698982816,0.05197407079453148,0.25,150.4012093731454,222.77856698982816,169.22896419733524,222.77856698982816,18.827754824189835,0
G2752,input_image.png,F18,rectangle,horizontal,133,222.90713888563573,187,222.90713888563573,0.05197407079453148,0.25,150.41411261901456,222.90713888563573,169.25329324351617,222.90713888563573,18.839180624501612,0
G2753,input_image.png,F18,rectangle,horizontal,133,223.0357107814433,187,223.0357107814433,0.05197407079453148,0.25,150.42841760776324,223.0357107814433,169.2767715189619,223.0357107814433,18.84835391119868,0
G2754,input_image.png,F18,rectangle,horizontal,133,223.16428267725087,187,223.16428267725087,0.05197407079453148,0.25,150.44649777531635,223.16428267725087,169.29796000041142,223.16428267725087,18.851462225095084,0
G2755,input_image.png,F18,rectangle,horizontal,133,223.2928545730584,187,223.2928545730584,0.05197407079453148,0.25,150.4644772172362,223.2928545730584,169.319258245017,223.2928545730584,18.8547810277808,0
G2756,input_image.png,F18,rectangle,horizontal,133,223.42142646886597,187,223.42142646886597,0.05197407079453148,0.25,150.4823567729069,223.42142646886597,169.34066710790626,223.42142646886597,18.85831033499932,0
G2757,input_image.png,F18,rectangle,horizontal,133,223.54999836467354,187,223.54999836467354,0.05197407079453148,0.25,150.50013727241196,223.54999836467354,169.36218745311265,223.54999836467354,18.86205018070067,0
G2758,input_image.png,F18,rectangle,horizontal,133,223.6785702604811,187,223.6785702604811,0.05197407079453148,0.25,150.51781953666256,223.6785702604811,169.3838201536917,223.6785702604811,18.86600061702912,0
G2759,input_image.png,F18,rectangle,horizontal,133,223.80714215628865,187,223.80714215628865,0.05197407079453148,0.25,150.535404377524,223.80714215628865,169.40556609183898,223.80714215628865,18.870161714314982,0
G2760,input_image.png,F18,rectangle,horizontal,133,223.93571405209622,187,223.93571405209622,0.05197407079453148,0.25,150.55289259794,223.93571405209622,169.42742615901025,223.93571405209622,18.874533561070248,0
G2761,input_image.png,F18,rectangle,horizontal,133,224.06428594790378,187,224.06428594790378,0.05197407079453148,0.25,150.5725738370895,224.06428594790378,169.44710739821477,224.06428594790378,18.87453356112529,0
G2762,input_image.png,F18,rectangle,horizontal,133,224.19285784371135,187,224.19285784371135,0.05197407079453148,0.25,150.59443390423758,224.19285784371135,169.46459561871967,224.19285784371135,18.87016171448211,0
G2763,input_image.png,F18,rectangle,horizontal,133,224.3214297395189,187,224.3214297395189,0.05197407079453148,0.25,150.61617984236662,224.3214297395189,169.48218045967775,224.3214297395189,18.866000617311126,0
G2764,input_image.png,F18,rectangle,horizontal,133,224.45000163532646,187,224.45000163532646,0.05197407079453148,0.25,150.63781254293224,224.45000163532646,169.49986272403282,224.45000163532646,18.862050181100575,0
G2765,input_image.png,F18,rectangle,horizontal,133,224.57857353113403,187,224.57857353113403,0.05197407079453148,0.25,150.65933288812997,224.57857353113403,169.5176432236503,224.57857353113403,18.85831033552035,0
G2766,input_image.png,F18,rectangle,horizontal,133,224.7071454269416,187,224.7071454269416,0.05197407079453148,0.25,150.68074175101526,224.7071454269416,169.5355227794416,224.7071454269416,18.854781028426352,0
G2767,input_image.png,F18,rectangle,horizontal,133,224.83571732274913,187,224.83571732274913,0.05197407079453148,0.25,150.70203999562145,224.83571732274913,169.55350222149025,224.83571732274913,18.85146222586879,0
G2768,input_image.png,F18,rectangle,horizontal,133,224.9642892185567,187,224.9642892185567,0.05197407079453148,0.25,150.7232284770762,224.9642892185567,169.57158238918055,224.9642892185567,18.84835391210434,0
G2769,input_image.png,F18,rectangle,horizontal,133,225.09286111436427,187,225.09286111436427,0.05197407079453148,0.25,150.74670675257013,225.09286111436427,169.58588737796168,225.09286111436427,18.83918062539156,0
G2770,input_image.png,F18,rectangle,horizontal,133,225.22143301017184,187,225.22143301017184,0.05197407079453148,0.25,150.77103579882046,225.22143301017184,169.59879062382254,225.22143301017184,18.827754825002074,0
G2771,input_image.png,F18,rectangle,horizontal,133,225.35000490597938,187,225.35000490597938,0.05197407079453148,0.25,150.79529935293246,225.35000490597938,169.61178171271146,225.35000490597938,18.816482359779002,0
G2772,input_image.png,F18,rectangle,horizontal,133,225.47857680178694,187,225.47857680178694,0.05197407079453148,0.25,150.81949767900124,225.47857680178694,169.62486154472214,225.47857680178694,18.805363865720892,0
G2773,input_image.png,F18,rectangle,horizontal,133,225.6071486975945,187,225.6071486975945,0.05197407079453148,0.25,150.84363103970387,225.6071486975945,169.63803103228756,225.6071486975945,18.794399992583692,0
G2774,input_image.png,F18,rectangle,horizontal,133,225.73572059340208,187,225.73572059340208,0.05197407079453148,0.25,150.8676996963089,225.73572059340208,169.6512911003923,225.73572059340208,18.783591404083428,0
G2775,input_image.png,F18,rectangle,horizontal,133,225.86429248920962,187,225.86429248920962,0.05197407079453148,0.25,150.89170390868577,225.86429248920962,169.6646426867891,225.86429248920962,18.772938778103338,0
G2776,input_image.png,F18,rectangle,horizontal,133,225.99286438501719,187,225.99286438501719,0.05197407079453148,0.25,150.91564393531422,225.99286438501719,169.67808674221976,225.99286438501719,18.762442806905568,0
G2777,input_image.png,F18,rectangle,horizontal,133,226.12143628082475,187,226.12143628082475,0.05197407079453148,0.25,150.94235131965806,226.12143628082475,169.68559176096164,226.12143628082475,18.743240441303588,0
G2778,input_image.png,F18,rectangle,horizontal,133,226.25000817663232,187,226.25000817663232,0.05197407079453148,0.25,150.9692163250773,226.25000817663232,169.69280779981725,226.25000817663232,18.723591474739937,0
G2779,input_image.png,F18,rectangle,horizontal,133,226.37858007243986,187,226.37858007243986,0.05197407079453148,0.25,150.99607415998747,226.37858007243986,169.70008938533846,226.37858007243986,18.704015225350982,0
G2780,input_image.png,F18,rectangle,horizontal,133,226.50715196824743,187,226.50715196824743,0.05197407079453148,0.25,151.02536121046478,226.50715196824743,169.70743741468664,226.50715196824743,18.682076204221854,0
G2781,input_image.png,F18,rectangle,horizontal,133,226.635723864055,187,226.635723864055,0.05197407079453148,0.25,151.05486512832798,226.635723864055,169.71485280147115,226.635723864055,18.65998767314318,0
G2782,input_image.png,F18,rectangle,horizontal,133,226.76429575986256,187,226.76429575986256,0.05197407079453148,0.25,151.08415573503123,226.76429575986256,169.7223364761282,226.76429575986256,18.638180741096953,0
G2783,input_image.png,F18,rectangle,horizontal,133,226.8928676556701,187,226.8928676556701,0.05197407079453148,0.25,151.1132353355781,226.8928676556701,169.72988938630985,226.8928676556701,18.61665405073175,0
G2784,input_image.png,F18,rectangle,horizontal,133,227.02143955147767,187,227.02143955147767,0.05197407079453148,0.25,151.14252691359863,227.02143955147767,169.73592975467972,227.02143955147767,18.593402841081094,0
G2785,input_image.png,F18,rectangle,horizontal,133,227.15001144728524,187,227.15001144728524,0.05197407079453148,0.25,151.1737672105146,227.15001144728524,169.734079634401,227.15001144728524,18.560312423886415,0
G2786,input_image.png,F18,rectangle,horizontal,133,227.2785833430928,187,227.2785833430928,0.05197407079453148,0.25,151.20489283389628,227.2785833430928,169.73221027082494,227.2785833430928,18.527317436928648,0
G2787,input_image.png,F18,rectangle,horizontal,133,227.40715523890034,187,227.40715523890034,0.05197407079453148,0.25,151.235904413984,227.40715523890034,169.73032136215465,227.40715523890034,18.494416948170652,0
G2788,input_image.png,F18,rectangle,horizontal,133,227.5357271347079,187,227.5357271347079,0.05197407079453148,0.25,151.2668025764081,227.5357271347079,169.72841260024924,227.5357271347079,18.46161002384114,0
G2789,input_image.png,F18,rectangle,horizontal,133,227.66429903051548,187,227.66429903051548,0.05197407079453148,0.25,151.29758794223108,227.66429903051548,169.7264836704562,227.66429903051548,18.4288957282251,0
G2790,input_image.png,F18,rectangle,horizontal,133,227.79287092632305,187,227.79287092632305,0.05197407079453148,0.25,151.32826112798924,227.79287092632305,169.72453425143846,227.79287092632305,18.396273123449227,0
G2791,input_image.png,F18,rectangle,horizontal,133,227.9214428221306,187,227.9214428221306,0.05197407079453148,0.25,151.3588227457338,227.9214428221306,169.72256401499607,227.9214428221306,18.363741269262295,0
G2792,input_image.png,F18,rectangle,horizontal,133,228.05001471793815,187,228.05001471793815,0.05197407079453148,0.25,151.39066670842578,228.05001471793815,169.7153839305744,228.05001471793815,18.324717222148607,0
G2793,input_image.png,F18,rectangle,horizontal,133,228.17858661374572,187,228.17858661374572,0.05197407079453148,0.25,151.42467352039864,228.17858661374572,169.69991855875298,228.17858661374572,18.275245038354345,0
G2794,input_image.png,F18,rectangle,horizontal,133,228.3071585095533,187,228.3071585095533,0.05197407079453148,0.25,151.4586921584684,228.3071585095533,169.68426476329154,228.3071585095533,18.225572604823114,0
G2795,input_image.png,F18,rectangle,horizontal,133,228.43573040536083,187,228.43573040536083,0.05197407079453148,0.25,151.49272262880507,228.43573040536083,169.66841907957172,228.43573040536083,18.175696450766655,0
G2796,input_image.png,F18,rectangle,horizontal,133,228.5643023011684,187,228.5643023011684,0.05197407079453148,0.25,151.52676493758293,228.5643023011684,169.6523779575111,228.5643023011684,18.12561301992819,0
G2797,input_image.png,F18,rectangle,horizontal,133,228.69287419697596,187,228.69287419697596,0.05197407079453148,0.25,151.5608190909805,228.69287419697596,169.63613775891133,228.69287419697596,18.075318667930855,0
G2798,input_image.png,F18,rectangle,horizontal,133,228.82144609278353,187,228.82144609278353,0.05197407079453148,0.25,151.59488509518064,228.82144609278353,169.61969475470744,228.82144609278353,18.024809659526777,0
G2799,input_image.png,F18,rectangle,horizontal,133,228.95001798859107,187,228.95001798859107,0.05197407079453148,0.25,151.6289629563706,228.95001798859107,169.60304512211292,228.95001798859107,17.97408216574234,0
G2800,input_image.png,F18,rectangle,horizontal,133,229.07858988439864,187,229.07858988439864,0.05197407079453148,0.25,151.66636124839175,229.07858988439864,169.575344099292,229.07858988439864,17.908982850900234,0
G2801,input_image.png,F18,rectangle,vertical,155.34630591550845,197,155.34630591550845,251,0.05197407079453148,0.25,155.34630591550845,214.66352018915055,155.34630591550845,234.13639068946537,19.47287050031482,0
G2802,input_image.png,F18,rectangle,vertical,155.46412095562215,197,155.46412095562215,251,0.05197407079453148,0.25,155.46412095562215,214.62896737125703,155.46412095562215,234.17340993986278,19.544442568605742,0
G2803,input_image.png,F18,rectangle,vertical,155.58193599573588,197,155.58193599573588,251,0.05197407079453148,0.25,155.58193599573588,214.59447211145016,155.58193599573588,234.2097397808891,19.615267669438943,0
G2804,input_image.png,F18,rectangle,vertical,155.69975103584957,197,155.69975103584957,251,0.05197407079453148,0.25,155.69975103584957,214.56003426602922,155.69975103584957,234.2453992931775,19.685365027148286,0
G2805,input_image.png,F18,rectangle,vertical,155.8175660759633,197,155.8175660759633,251,0.05197407079453148,0.25,155.8175660759633,214.52565369177148,155.8175660759633,234.28040685967707,19.754753167905598,0
G2806,input_image.png,F18,rectangle,vertical,155.935381116077,197,155.935381116077,251,0.05197407079453148,0.25,155.935381116077,214.49133024593016,155.935381116077,234.31478019725233,19.823449951322186,0
G2807,input_image.png,F18,rectangle,vertical,156.05319615619072,197,156.05319615619072,251,0.05197407079453148,0.25,156.05319615619072,214.45936308804787,156.05319615619072,234.34088574516704,19.88152265711918,0
G2808,input_image.png,F18,rectangle,vertical,156.17101119630442,197,156.17101119630442,251,0.05197407079453148,0.25,156.17101119630442,214.43017339357772,156.17101119630442,234.35737085566223,19.927197462084507,0
G2809,input_image.png,F18,rectangle,vertical,156.28882623641812,197,156.28882623641812,251,0.05197407079453148,0.25,156.28882623641812,214.40094067128163,156.28882623641812,234.3736389274743,19.97269825619265,0
G2810,input_image.png,F18,rectangle,vertical,156.40664127653184,197,156.40664127653184,251,0.05197407079453148,0.25,156.40664127653184,214.37166482594998,156.40664127653184,234.38969421878454,20.018029392834563,0
G2811,input_image.png,F18,rectangle,vertical,156.52445631664554,197,156.52445631664554,251,0.05197407079453148,0.25,156.52445631664554,214.34234576209207,156.52445631664554,234.40554087710714,20.06319511501507,0
G2812,input_image.png,F18,rectangle,vertical,156.64227135675927,197,156.64227135675927,251,0.05197407079453148,0.25,156.64227135675927,214.31298338393506,156.64227135675927,234.42118294286104,20.108199558925964,0
G2813,input_image.png,F18,rectangle,vertical,156.76008639687296,197,156.76008639687296,251,0.05197407079453148,0.25,156.76008639687296,214.2835775954229,156.76008639687296,234.43662435280444,20.153046757381524,0
G2814,input_image.png,F18,rectangle,vertical,156.8779014369867,197,156.8779014369867,251,0.05197407079453148,0.25,156.8779014369867,214.25412830021537,156.8779014369867,234.45186894333818,20.197740643122835,0
G2815,input_image.png,F18,rectangle,vertical,156.9957164771004,197,156.9957164771004,251,0.05197407079453148,0.25,156.9957164771004,214.22463540168684,156.9957164771004,234.46692045368326,20.242285051996422,0
G2816,input_image.png,F18,rectangle,vertical,157.1135315172141,197,157.1135315172141,251,0.05197407079453148,0.25,157.1135315172141,214.19821638007332,157.1135315172141,234.47022598791767,20.272009607844353,0
G2817,input_image.png,F18,rectangle,vertical,157.2313465573278,197,157.2313465573278,251,0.05197407079453148,0.25,157.2313465573278,214.17176938079723,157.2313465573278,234.4730662054207,20.30129682462346,0
G2818,input_image.png,F18,rectangle,vertical,157.3491615974415,197,157.3491615974415,251,0.05197407079453148,0.25,157.3491615974415,214.14517366309946,157.3491615974415,234.47588043177421,20.33070676867477,0
G2819,input_image.png,F18,rectangle,vertical,157.46697663755523,197,157.46697663755523,251,0.05197407079453148,0.25,157.46697663755523,214.1184279690189,157.46697663755523,234.47866902212513,20.360241053106222,0
G2820,input_image.png,F18,rectangle,vertical,157.58479167766893,197,157.58479167766893,251,0.05197407079453148,0.25,157.58479167766893,214.0915310263669,157.58479167766893,234.4814323251793,20.38990129881239,0
G2821,input_image.png,F18,rectangle,vertical,157.70260671778266,197,157.70260671778266,251,0.05197407079453148,0.25,157.70260671778266,214.06448154852532,157.70260671778266,234.48417068334692,20.41968913482161,0
G2822,input_image.png,F18,rectangle,vertical,157.82042175789636,197,157.82042175789636,251,0.05197407079453148,0.25,157.82042175789636,214.0372782342414,157.82042175789636,234.48688443288395,20.449606198642545,0
G2823,input_image.png,F18,rectangle,vertical,157.93823679801008,197,157.93823679801008,251,0.05197407079453148,0.25,157.93823679801008,214.0099197674192,157.93823679801008,234.48957390402973,20.479654136610524,0
G2824,input_image.png,F18,rectangle,vertical,158.05605183812378,197,158.05605183812378,251,0.05197407079453148,0.25,158.05605183812378,213.98607163730827,158.05605183812378,234.4880091433549,20.50193750604662,0
G2825,input_image.png,F18,rectangle,vertical,158.1738668782375,197,158.1738668782375,251,0.05197407079453148,0.25,158.1738668782375,213.96522139277351,158.1738668782375,234.4818080902885,20.516586697514967,0
G2826,input_image.png,F18,rectangle,vertical,158.2916819183512,197,158.2916819183512,251,0.05197407079453148,0.25,158.2916819183512,213.94432855801688,158.2916819183512,234.47564905022006,20.531320492203186,0
G2827,input_image.png,F18,rectangle,vertical,158.4094969584649,197,158.4094969584649,251,0.05197407079453148,0.25,158.4094969584649,213.9233930024081,158.4094969584649,234.46953159762526,20.54613859521715,0
G2828,input_image.png,F18,rectangle,vertical,158.52731199857863,197,158.52731199857863,251,0.05197407079453148,0.25,158.52731199857863,213.9024145947822,158.52731199857863,234.46345531270686,20.561040717924666,0
G2829,input_image.png,F18,rectangle,vertical,158.64512703869232,197,158.64512703869232,251,0.05197407079453148,0.25,158.64512703869232,213.88139320343663,158.64512703869232,234.45741978129877,20.576026577862137,0
G2830,input_image.png,F18,rectangle,vertical,158.76294207880605,197,158.76294207880605,251,0.05197407079453148,0.25,158.76294207880605,213.8603286961287,158.76294207880605,234.45142459477205,20.591095898643317,0
G2831,input_image.png,F18,rectangle,vertical,158.88075711891975,197,158.88075711891975,251,0.05197407079453148,0.25,158.88075711891975,213.83922094007264,158.88075711891975,234.4454693499424,20.606248409869774,0
G2832,input_image.png,F18,rectangle,vertical,158.99857215903347,197,158.99857215903347,251,0.05197407079453148,0.25,158.99857215903347,213.8180698019368,158.99857215903347,234.4395536489801,20.621483847043326,0
G2833,input_image.png,F18,rectangle,vertical,159.11638719914717,197,159.11638719914717,251,0.05197407079453148,0.25,159.11638719914717,213.80097665612507,159.11638719914717,234.42636310574244,20.62538644961737,0
G2834,input_image.png,F18,rectangle,vertical,159.2342022392609,197,159.2342022392609,251,0.05197407079453148,0.25,159.2342022392609,213.78385109794263,159.2342022392609,234.41317135392194,20.62932025597931,0
G2835,input_image.png,F18,rectangle,vertical,159.3520172793746,197,159.3520172793746,251,0.05197407079453148,0.25,159.3520172793746,213.76664196630958,159.3520172793746,234.40006753900545,20.633425572695877,0
G2836,input_image.png,F18,rectangle,vertical,159.4698323194883,197,159.4698323194883,251,0.05197407079453148,0.25,159.4698323194883,213.74934864796654,159.4698323194883,234.38705078462596,20.637702136659414,0
G2837,input_image.png,F18,rectangle,vertical,159.58764735960202,197,159.58764735960202,251,0.05197407079453148,0.25,159.58764735960202,213.7319705236394,159.58764735960202,234.3741202260229,20.642149702383495,0
G2838,input_image.png,F18,rectangle,vertical,159.7054623997157,197,159.7054623997157,251,0.05197407079453148,0.25,159.7054623997157,213.71450696796526,159.7054623997157,234.36127500985066,20.64676804188541,0
G2839,input_image.png,F18,rectangle,vertical,159.82327743982944,197,159.82327743982944,251,0.05197407079453148,0.25,159.82327743982944,213.69695734941743,159.82327743982944,234.34851429399083,20.651556944573393,0
G2840,input_image.png,F18,rectangle,vertical,159.94109247994314,197,159.94109247994314,251,0.05197407079453148,0.25,159.94109247994314,213.6793210302294,159.94109247994314,234.33583724736812,20.656516217138723,0
G2841,input_image.png,F18,rectangle,vertical,160.05890752005686,197,160.05890752005686,251,0.05197407079453148,0.25,160.05890752005686,213.66416275279306,160.05890752005686,234.32067896988394,20.656516217090864,0
G2842,input_image.png,F18,rectangle,vertical,160.17672256017056,197,160.17672256017056,251,0.05197407079453148,0.25,160.17672256017056,213.65148570618567,160.17672256017056,234.3030426506166,20.651556944430915,0
G2843,input_image.png,F18,rectangle,vertical,160.2945376002843,197,160.2945376002843,251,0.05197407079453148,0.25,160.2945376002843,213.63872499033934,160.2945376002843,234.28549303198915,20.64676804164981,0
G2844,input_image.png,F18,rectangle,vertical,160.41235264039798,197,160.41235264039798,251,0.05197407079453148,0.25,160.41235264039798,213.6258797741788,160.41235264039798,234.2680294762351,20.64214970205631,0
G2845,input_image.png,F18,rectangle,vertical,160.5301676805117,197,160.5301676805117,251,0.05197407079453148,0.25,160.5301676805117,213.61294921558562,160.5301676805117,234.25065135182786,20.63770213624222,0
G2846,input_image.png,F18,rectangle,vertical,160.6479827206254,197,160.6479827206254,251,0.05197407079453148,0.25,160.6479827206254,213.5999324612141,160.6479827206254,234.23335803340441,20.6334255721903,0
G2847,input_image.png,F18,rectangle,vertical,160.7657977607391,197,160.7657977607391,251,0.05197407079453148,0.25,160.7657977607391,213.5868286463037,160.7657977607391,234.2161489016907,20.62932025538702,0
G2848,input_image.png,F18,rectangle,vertical,160.88361280085283,197,160.88361280085283,251,0.05197407079453148,0.25,160.88361280085283,213.5736368944873,160.88361280085283,234.19902334342737,20.625386448940088,0
G2849,input_image.png,F18,rectangle,vertical,161.00142784096653,197,161.00142784096653,251,0.05197407079453148,0.25,161.00142784096653,213.5604463512505,161.00142784096653,234.18193019753429,20.621483846283766,0
G2850,input_image.png,F18,rectangle,vertical,161.11924288108025,197,161.11924288108025,251,0.05197407079453148,0.25,161.11924288108025,213.55453065018793,161.11924288108025,234.16077905929257,20.60624840910464,0
G2851,input_image.png,F18,rectangle,vertical,161.23705792119395,197,161.23705792119395,251,0.05197407079453148,0.25,161.23705792119395,213.54857540525933,161.23705792119395,234.1396713031267,20.591095897867373,0
G2852,input_image.png,F18,rectangle,vertical,161.35487296130768,197,161.35487296130768,251,0.05197407079453148,0.25,161.35487296130768,213.542580218635,161.35487296130768,234.11860679570512,20.576026577070124,0
G2853,input_image.png,F18,rectangle,vertical,161.47268800142137,197,161.47268800142137,251,0.05197407079453148,0.25,161.47268800142137,213.53654468713074,161.47268800142137,234.09758540424207,20.56104071711132,0
G2854,input_image.png,F18,rectangle,vertical,161.5905030415351,197,161.5905030415351,251,0.05197407079453148,0.25,161.5905030415351,213.53046840211758,161.5905030415351,234.07660699649477,20.54613859437722,0
G2855,input_image.png,F18,rectangle,vertical,161.7083180816488,197,161.7083180816488,251,0.05197407079453148,0.25,161.7083180816488,213.52435094942945,161.7083180816488,234.05567144076082,20.53132049133137,0
G2856,input_image.png,F18,rectangle,vertical,161.8261331217625,197,161.8261331217625,251,0.05197407079453148,0.25,161.8261331217625,213.51819190926923,161.8261331217625,234.03477860587523,20.51658669660598,0
G2857,input_image.png,F18,rectangle,vertical,161.94394816187622,197,161.94394816187622,251,0.05197407079453148,0.25,161.94394816187622,213.5119908561126,161.94394816187622,234.01392836120775,20.50193750509516,0
G2858,input_image.png,F18,rectangle,vertical,162.06176320198992,197,162.06176320198992,251,0.05197407079453148,0.25,162.06176320198992,213.51042609542594,162.06176320198992,233.99008023092875,20.47965413550281,0
G2859,input_image.png,F18,rectangle,vertical,162.17957824210364,197,162.17957824210364,251,0.05197407079453148,0.25,162.17957824210364,213.51311556663097,162.17957824210364,233.96272176426757,20.449606197636605,0
G2860,input_image.png,F18,rectangle,vertical,162.29739328221734,197,162.29739328221734,251,0.05197407079453148,0.25,162.29739328221734,213.5158293162284,162.29739328221734,233.93551845014886,20.41968913392045,0
G2861,input_image.png,F18,rectangle,vertical,162.41520832233107,197,162.41520832233107,251,0.05197407079453148,0.25,162.41520832233107,213.5185676744577,162.41520832233107,233.9084689724766,20.389901298018895,0
G2862,input_image.png,F18,rectangle,vertical,162.53302336244477,197,162.53302336244477,251,0.05197407079453148,0.25,162.53302336244477,213.5213309775748,162.53302336244477,233.88157202999798,20.360241052423195,0
G2863,input_image.png,F18,rectangle,vertical,162.6508384025585,197,162.6508384025585,251,0.05197407079453148,0.25,162.6508384025585,213.5241195679899,162.6508384025585,233.85482633609482,20.3307067681049,0
G2864,input_image.png,F18,rectangle,vertical,162.7686534426722,197,162.7686534426722,251,0.05197407079453148,0.25,162.7686534426722,213.52693379440896,162.7686534426722,233.8282306185783,20.30129682416933,0
G2865,input_image.png,F18,rectangle,vertical,162.8864684827859,197,162.8864684827859,251,0.05197407079453148,0.25,162.8864684827859,213.52977401197884,162.8864684827859,233.80178361948728,20.272009607508448,0
G2866,input_image.png,F18,rectangle,vertical,163.0042835228996,197,163.0042835228996,251,0.05197407079453148,0.25,163.0042835228996,213.53307954627647,163.0042835228996,233.77536459805788,20.242285051781405,0
G2867,input_image.png,F18,rectangle,vertical,163.1220985630133,197,163.1220985630133,251,0.05197407079453148,0.25,163.1220985630133,213.54813105655234,163.1220985630133,233.74587169959102,20.19774064303868,0
G2868,input_image.png,F18,rectangle,vertical,163.23991360312704,197,163.23991360312704,251,0.05197407079453148,0.25,163.23991360312704,213.56337564701562,163.23991360312704,233.7164224044468,20.153046757431163,0
G2869,input_image.png,F18,rectangle,vertical,163.35772864324073,197,163.35772864324073,251,0.05197407079453148,0.25,163.35772864324073,213.5788170568873,163.35772864324073,233.6870166159996,20.108199559112315,0
G2870,input_image.png,F18,rectangle,vertical,163.47554368335446,197,163.47554368335446,251,0.05197407079453148,0.25,163.47554368335446,213.5944591225681,163.47554368335446,233.6576542379092,20.0631951153411,0
G2871,input_image.png,F18,rectangle,vertical,163.59335872346816,197,163.59335872346816,251,0.05197407079453148,0.25,163.59335872346816,213.61030578081628,163.59335872346816,233.62833517411954,20.018029393303262,0
G2872,input_image.png,F18,rectangle,vertical,163.71117376358188,197,163.71117376358188,251,0.05197407079453148,0.25,163.71117376358188,213.6263610720507,163.71117376358188,233.59905932885775,19.972698256807035,0
G2873,input_image.png,F18,rectangle,vertical,163.82898880369558,197,163.82898880369558,251,0.05197407079453148,0.25,163.82898880369558,213.6426291437855,163.82898880369558,233.56982660663314,19.927197462847616,0
G2874,input_image.png,F18,rectangle,vertical,163.94680384380928,197,163.94680384380928,251,0.05197407079453148,0.25,163.94680384380928,213.659114254202,163.94680384380928,233.5406369122361,19.881522658034093,0
G2875,input_image.png,F18,rectangle,vertical,164.064618883923,197,164.064618883923,251,0.05197407079453148,0.25,164.064618883923,213.68521980215408,164.064618883923,233.50866975442977,19.823449952275695,0
G2876,input_image.png,F18,rectangle,vertical,164.1824339240367,197,164.1824339240367,251,0.05197407079453148,0.25,164.1824339240367,213.71959313985792,164.1824339240367,233.474346308664,19.75475316880608,0
G2877,input_image.png,F18,rectangle,vertical,164.30024896415043,197,164.30024896415043,251,0.05197407079453148,0.25,164.30024896415043,213.75460070647893,164.30024896415043,233.43996573447944,19.685365028000533,0
G2878,input_image.png,F18,rectangle,vertical,164.41806400426412,197,164.41806400426412,251,0.05197407079453148,0.25,164.41806400426412,213.79026021888114,164.41806400426412,233.40552788912933,19.615267670248194,0
G2879,input_image.png,F18,rectangle,vertical,164.53587904437785,197,164.53587904437785,251,0.05197407079453148,0.25,164.53587904437785,213.8265900600131,164.53587904437785,233.37103262939084,19.544442569377726,0
G2880,input_image.png,F18,rectangle,vertical,164.65369408449155,197,164.65369408449155,251,0.05197407079453148,0.25,164.65369408449155,213.8636093105075,164.65369408449155,233.33647981156332,19.472870501055795,0
G2881,input_image.png,F19,ellipse,horizontal,197,219.26299761946527,251,219.26299761946527,0.05197407079453148,0.25,218.63426918221842,219.26299761946527,230.3234488738744,219.26299761946527,11.689179691655976,0
G2882,input_image.png,F19,ellipse,horizontal,197,219.38292173036487,251,219.38292173036487,0.05197407079453148,0.25,218.57070366650396,219.38292173036487,230.3639845558147,219.38292173036487,11.793280889310743,0
G2883,input_image.png,F19,ellipse,horizontal,197,219.50284584126447,251,219.50284584126447,0.05197407079453148,0.25,218.5062723792729,219.50284584126447,230.40458745007598,219.50284584126447,11.898315070803076,0
G2884,input_image.png,F19,ellipse,horizontal,197,219.6227699521641,251,219.6227699521641,0.05197407079453148,0.25,218.44095751134353,219.6227699521641,230.44525772396432,219.6227699521641,12.004300212620787,0
G2885,input_image.png,F19,ellipse,horizontal,197,219.7426940630637,251,219.7426940630637,0.05197407079453148,0.25,218.37474076170815,219.7426940630637,230.48599554534155,219.7426940630637,12.111254783633381,0
G2886,input_image.png,F19,ellipse,horizontal,197,219.8626181739633,251,219.8626181739633,0.05197407079453148,0.25,218.30760332043695,219.8626181739633,230.52680108262754,219.8626181739633,12.219197762190603,0
G2887,input_image.png,F19,ellipse,horizontal,197,219.98254228486294,251,219.98254228486294,0.05197407079453148,0.25,218.23952585086366,219.98254228486294,230.56767450480262,219.98254228486294,12.328148653938975,0
G2888,input_image.png,F19,ellipse,horizontal,197,220.10246639576255,251,220.10246639576255,0.05197407079453148,0.25,218.18256131420415,220.10246639576255,230.59754709023218,220.10246639576255,12.414985776028029,0
G2889,input_image.png,F19,ellipse,horizontal,197,220.22239050666218,251,220.22239050666218,0.05197407079453148,0.25,218.12664341453385,220.22239050666218,230.62558272789974,220.22239050666218,12.498939313365906,0
G2890,input_image.png,F19,ellipse,horizontal,197,220.34231461756178,251,220.34231461756178,0.05197407079453148,0.25,218.0696849722698,220.34231461756178,230.65366588759724,220.34231461756178,12.58398091532743,0
G2891,input_image.png,F19,ellipse,horizontal,197,220.4622387284614,251,220.4622387284614,0.05197407079453148,0.25,218.01165667039285,220.4622387284614,230.68179669025602,220.4622387284614,12.670140019863183,0
G2892,input_image.png,F19,ellipse,horizontal,197,220.58216283936102,251,220.58216283936102,0.05197407079453148,0.25,217.96275487408053,220.58216283936102,230.70997525721822,220.58216283936102,12.747220383137702,0
G2893,input_image.png,F19,ellipse,horizontal,197,220.70208695026062,251,220.70208695026062,0.05197407079453148,0.25,217.9161045023014,220.70208695026062,230.73820171023823,220.70208695026062,12.822097207936814,0
G2894,input_image.png,F19,ellipse,horizontal,197,220.82201106116023,251,220.82201106116023,0.05197407079453148,0.25,217.86926088665376,220.82201106116023,230.7664761714847,220.82201106116023,12.897215284830924,0
G2895,input_image.png,F19,ellipse,horizontal,197,220.94193517205986,251,220.94193517205986,0.05197407079453148,0.25,217.82222282390927,220.94193517205986,230.7947987635422,220.94193517205986,12.972575939632907,0
G2896,input_image.png,F19,ellipse,horizontal,197,221.06185928295946,251,221.06185928295946,0.05197407079453148,0.25,217.78050288050775,221.06185928295946,230.81664266830666,221.06185928295946,13.036139787798895,0
G2897,input_image.png,F19,ellipse,horizontal,197,221.18178339385906,251,221.18178339385906,0.05197407079453148,0.25,217.74359367004243,221.18178339385906,230.8323664653849,221.18178339385906,13.088772795342475,0
G2898,input_image.png,F19,ellipse,horizontal,197,221.3017075047587,251,221.3017075047587,0.05197407079453148,0.25,217.7062597248032,221.3017075047587,230.84808337050436,221.3017075047587,13.141823645701145,0
G2899,input_image.png,F19,ellipse,horizontal,197,221.4216316156583,251,221.4216316156583,0.05197407079453148,0.25,217.66849367087394,221.4216316156583,230.8637933881952,221.4216316156583,13.195299717321255,0
G2900,input_image.png,F19,ellipse,horizontal,197,221.54155572655793,251,221.54155572655793,0.05197407079453148,0.25,217.63028796265138,221.54155572655793,230.8794965229838,221.54155572655793,13.249208560332427,0
G2901,input_image.png,F19,ellipse,horizontal,197,221.66147983745753,251,221.66147983745753,0.05197407079453148,0.25,217.591634877819,221.66147983745753,230.89519277939246,221.66147983745753,13.303557901573466,0
G2902,input_image.png,F19,ellipse,horizontal,197,221.78140394835714,251,221.78140394835714,0.05197407079453148,0.25,217.5525265121435,221.78140394835714,230.91088216193955,221.78140394835714,13.35835564979606,0
G2903,input_image.png,F19,ellipse,horizontal,197,221.90132805925677,251,221.90132805925677,0.05197407079453148,0.25,217.5129547740862,221.90132805925677,230.9265646751395,221.90132805925677,13.413609901053292,0
G2904,input_image.png,F19,ellipse,horizontal,197,222.02125217015637,251,222.02125217015637,0.05197407079453148,0.25,217.47513871674192,222.02125217015637,230.94015184798545,222.02125217015637,13.465013131243527,0
G2905,input_image.png,F19,ellipse,horizontal,197,222.14117628105598,251,222.14117628105598,0.05197407079453148,0.25,217.44732205707174,222.14117628105598,230.94403371765415,222.14117628105598,13.49671166058241,0
G2906,input_image.png,F19,ellipse,horizontal,197,222.2611003919556,251,222.2611003919556,0.05197407079453148,0.25,217.41925528497865,222.2611003919556,230.94790563635178,222.2611003919556,13.528650351373138,0
G2907,input_image.png,F19,ellipse,horizontal,197,222.3810245028552,251,222.3810245028552,0.05197407079453148,0.25,217.39093501191434,222.3810245028552,230.95176764229257,222.3810245028552,13.560832630378219,0
G2908,input_image.png,F19,ellipse,horizontal,197,222.50094861375482,251,222.50094861375482,0.05197407079453148,0.25,217.3623577878416,222.50094861375482,230.95561977349524,222.50094861375482,13.593261985653644,0
G2909,input_image.png,F19,ellipse,horizontal,197,222.62087272465445,251,222.62087272465445,0.05197407079453148,0.25,217.33352009983332,222.62087272465445,230.9594620677845,222.62087272465445,13.6259419679512,0
G2910,input_image.png,F19,ellipse,horizontal,197,222.74079683555405,251,222.74079683555405,0.05197407079453148,0.25,217.30441837063276,222.74079683555405,230.96329456279202,222.74079683555405,13.65887619215924,0
G2911,input_image.png,F19,ellipse,horizontal,197,222.86072094645368,251,222.86072094645368,0.05197407079453148,0.25,217.27504895717448,222.86072094645368,230.96711729595773,222.86072094645368,13.69206833878328,0
G2912,input_image.png,F19,ellipse,horizontal,197,222.98064505735329,251,222.98064505735329,0.05197407079453148,0.25,217.24540814906376,222.98064505735329,230.9709303045312,222.98064505735329,13.725522155467434,0
G2913,input_image.png,F19,ellipse,horizontal,197,223.1005691682529,251,223.1005691682529,0.05197407079453148,0.25,217.2257056090811,223.1005691682529,230.96538192882335,223.1005691682529,13.739676319742262,0
G2914,input_image.png,F19,ellipse,horizontal,197,223.22049327915252,251,223.22049327915252,0.05197407079453148,0.25,217.207837131735,223.22049327915252,230.9580634812172,223.22049327915252,13.750226349482205,0
G2915,input_image.png,F19,ellipse,horizontal,197,223.34041739005212,251,223.34041739005212,0.05197407079453148,0.25,217.1898487033281,223.34041739005212,230.95077797787127,223.34041739005212,13.760929274543166,0
G2916,input_image.png,F19,ellipse,horizontal,197,223.46034150095173,251,223.46034150095173,0.05197407079453148,0.25,217.17173911194558,223.46034150095173,230.9435251968353,223.46034150095173,13.771786084889722,0
G2917,input_image.png,F19,ellipse,horizontal,197,223.58026561185136,251,223.58026561185136,0.05197407079453148,0.25,217.15350712929163,223.58026561185136,230.9363049181485,223.58026561185136,13.782797788856875,0
G2918,input_image.png,F19,ellipse,horizontal,197,223.70018972275096,251,223.70018972275096,0.05197407079453148,0.25,217.13515151041156,223.70018972275096,230.92911692381708,223.70018972275096,13.793965413405502,0
G2919,input_image.png,F19,ellipse,horizontal,197,223.82011383365057,251,223.82011383365057,0.05197407079453148,0.25,217.11667099340846,223.82011383365057,230.92196099779227,223.82011383365057,13.805290004383806,0
G2920,input_image.png,F19,ellipse,horizontal,197,223.9400379445502,251,223.9400379445502,0.05197407079453148,0.25,217.09806429915398,223.9400379445502,230.91483692594886,223.9400379445502,13.816772626794862,0
G2921,input_image.png,F19,ellipse,horizontal,197,224.0599620554498,251,224.0599620554498,0.05197407079453148,0.25,217.08516307401302,224.0599620554498,230.90193570084125,224.0599620554498,13.816772626828225,0
G2922,input_image.png,F19,ellipse,horizontal,197,224.17988616634943,251,224.17988616634943,0.05197407079453148,0.25,217.07803900209754,224.17988616634943,230.8833290065815,224.17988616634943,13.805290004483968,0
G2923,input_image.png,F19,ellipse,horizontal,197,224.29981027724904,251,224.29981027724904,0.05197407079453148,0.25,217.07088307599915,224.29981027724904,230.86484848957178,224.29981027724904,13.793965413572625,0
G2924,input_image.png,F19,ellipse,horizontal,197,224.41973438814864,251,224.41973438814864,0.05197407079453148,0.25,217.0636950815926,224.41973438814864,230.8464928706838,224.41973438814864,13.782797789091155,0
G2925,input_image.png,F19,ellipse,horizontal,197,224.53965849904827,251,224.53965849904827,0.05197407079453148,0.25,217.0564748028292,224.53965849904827,230.8282608880206,224.53965849904827,13.771786085191401,0
G2926,input_image.png,F19,ellipse,horizontal,197,224.65958260994788,251,224.65958260994788,0.05197407079453148,0.25,217.04922202171508,224.65958260994788,230.8101512966276,224.65958260994788,13.760929274912534,0
G2927,input_image.png,F19,ellipse,horizontal,197,224.77950672084748,251,224.77950672084748,0.05197407079453148,0.25,217.04193651828933,224.77950672084748,230.79216286820895,224.77950672084748,13.750226349919604,0
G2928,input_image.png,F19,ellipse,horizontal,197,224.8994308317471,251,224.8994308317471,0.05197407079453148,0.25,217.03461807060188,224.8994308317471,230.77429439084995,224.8994308317471,13.739676320248051,0
G2929,input_image.png,F19,ellipse,horizontal,197,225.01935494264671,251,225.01935494264671,0.05197407079453148,0.25,217.0290696948392,225.01935494264671,230.7545918508534,225.01935494264671,13.725522156014208,0
G2930,input_image.png,F19,ellipse,horizontal,197,225.13927905354632,251,225.13927905354632,0.05197407079453148,0.25,217.0328827035034,225.13927905354632,230.72495104272946,225.13927905354632,13.692068339226065,0
G2931,input_image.png,F19,ellipse,horizontal,197,225.25920316444595,251,225.25920316444595,0.05197407079453148,0.25,217.03670543676014,225.25920316444595,230.69558162925733,225.25920316444595,13.658876192497218,0
G2932,input_image.png,F19,ellipse,horizontal,197,225.37912727534555,251,225.37912727534555,0.05197407079453148,0.25,217.0405379318589,225.37912727534555,230.66647990004245,225.37912727534555,13.625941968183554,0
G2933,input_image.png,F19,ellipse,horizontal,197,225.49905138624518,251,225.49905138624518,0.05197407079453148,0.25,217.04438022623964,225.49905138624518,230.63764221201924,225.49905138624518,13.593261985779591,0
G2934,input_image.png,F19,ellipse,horizontal,197,225.6189754971448,251,225.6189754971448,0.05197407079453148,0.25,217.04823235753412,225.6189754971448,230.6090649879311,225.6189754971448,13.56083263039698,0
G2935,input_image.png,F19,ellipse,horizontal,197,225.7388996080444,251,225.7388996080444,0.05197407079453148,0.25,217.0520943635669,225.7388996080444,230.58074471485088,225.7388996080444,13.52865035128395,0
G2936,input_image.png,F19,ellipse,horizontal,197,225.85882371894402,251,225.85882371894402,0.05197407079453148,0.25,217.05596628235685,225.85882371894402,230.55267794274135,225.85882371894402,13.496711660384534,0
G2937,input_image.png,F19,ellipse,horizontal,197,225.97874782984363,251,225.97874782984363,0.05197407079453148,0.25,217.0598481521181,225.97874782984363,230.52486128305432,225.97874782984363,13.465013130936217,0
G2938,input_image.png,F19,ellipse,horizontal,197,226.09867194074323,251,226.09867194074323,0.05197407079453148,0.25,217.0734353249458,226.09867194074323,230.48704522571103,226.09867194074323,13.413609900765238,0
G2939,input_image.png,F19,ellipse,horizontal,197,226.21859605164286,251,226.21859605164286,0.05197407079453148,0.25,217.08911783810353,226.21859605164286,230.44747348766174,226.21859605164286,13.358355649558188,0
G2940,input_image.png,F19,ellipse,horizontal,197,226.33852016254247,251,226.33852016254247,0.05197407079453148,0.25,217.10480722060834,226.33852016254247,230.40836512199743,226.33852016254247,13.303557901389077,0
G2941,input_image.png,F19,ellipse,horizontal,197,226.45844427344207,251,226.45844427344207,0.05197407079453148,0.25,217.12050347697465,226.45844427344207,230.36971203717934,226.45844427344207,13.249208560204703,0
G2942,input_image.png,F19,ellipse,horizontal,197,226.5783683843417,251,226.5783683843417,0.05197407079453148,0.25,217.1362066117208,226.5783683843417,230.33150632897411,226.5783683843417,13.195299717253278,0
G2943,input_image.png,F19,ellipse,horizontal,197,226.6982924952413,251,226.6982924952413,0.05197407079453148,0.25,217.1519166293692,226.6982924952413,230.29374027506506,226.6982924952413,13.14182364569588,0
G2944,input_image.png,F19,ellipse,horizontal,197,226.81821660614094,251,226.81821660614094,0.05197407079453148,0.25,217.16763353444605,226.81821660614094,230.25640632984886,226.81821660614094,13.088772795402797,0
G2945,input_image.png,F19,ellipse,horizontal,197,226.93814071704054,251,226.93814071704054,0.05197407079453148,0.25,217.1833573314817,226.93814071704054,230.21949711940925,226.93814071704054,13.036139787927567,0
G2946,input_image.png,F19,ellipse,horizontal,197,227.05806482794014,251,227.05806482794014,0.05197407079453148,0.25,217.20520123624436,227.05806482794014,230.17777717602422,227.05806482794014,12.972575939779855,0
G2947,input_image.png,F19,ellipse,horizontal,197,227.17798893883977,251,227.17798893883977,0.05197407079453148,0.25,217.2335238283393,227.17798893883977,230.13073911328502,227.17798893883977,12.897215284945716,0
G2948,input_image.png,F19,ellipse,horizontal,197,227.29791304973938,251,227.29791304973938,0.05197407079453148,0.25,217.2617982896173,227.29791304973938,230.0838954976436,227.29791304973938,12.822097208026289,0
G2949,input_image.png,F19,ellipse,horizontal,197,227.41783716063898,251,227.41783716063898,0.05197407079453148,0.25,217.29002474266298,227.41783716063898,230.03724512587166,227.41783716063898,12.747220383208656,0
G2950,input_image.png,F19,ellipse,horizontal,197,227.5377612715386,251,227.5377612715386,0.05197407079453148,0.25,217.31820330964504,227.5377612715386,229.98834332956025,227.5377612715386,12.670140019915227,0
G2951,input_image.png,F19,ellipse,horizontal,197,227.65768538243822,251,227.65768538243822,0.05197407079453148,0.25,217.3463341123179,227.65768538243822,229.93031502770523,227.65768538243822,12.583980915387325,0
G2952,input_image.png,F19,ellipse,horizontal,197,227.77760949333782,251,227.77760949333782,0.05197407079453148,0.25,217.3744172720237,227.77760949333782,229.87335658545317,227.77760949333782,12.498939313429492,0
G2953,input_image.png,F19,ellipse,horizontal,197,227.89753360423745,251,227.89753360423745,0.05197407079453148,0.25,217.4024529096938,227.89753360423745,229.81743868578542,227.89753360423745,12.414985776091637,0
G2954,input_image.png,F19,ellipse,horizontal,197,228.01745771513706,251,228.01745771513706,0.05197407079453148,0.25,217.43232549511515,228.01745771513706,229.76047414912534,228.01745771513706,12.328148654010185,0
G2955,input_image.png,F19,ellipse,horizontal,197,228.1373818260367,251,228.1373818260367,0.05197407079453148,0.25,217.4731989172464,228.1373818260367,229.6923966795921,228.1373818260367,12.219197762345694,0
G2956,input_image.png,F19,ellipse,horizontal,197,228.2573059369363,251,228.2573059369363,0.05197407079453148,0.25,217.51400445448243,228.2573059369363,229.62525923837907,228.2573059369363,12.111254783896644,0
G2957,input_image.png,F19,ellipse,horizontal,197,228.3772300478359,251,228.3772300478359,0.05197407079453148,0.25,217.55474227580356,228.3772300478359,229.5590424888193,228.3772300478359,12.004300213015743,0
G2958,input_image.png,F19,ellipse,horizontal,197,228.49715415873553,251,228.49715415873553,0.05197407079453148,0.25,217.59541254962974,228.49715415873553,229.4937276209822,228.49715415873553,11.89831507135247,0
G2959,input_image.png,F19,ellipse,horizontal,197,228.61707826963513,251,228.61707826963513,0.05197407079453148,0.25,217.63601544382277,228.61707826963513,229.4292963338594,228.61707826963513,11.793280890036627,0
G2960,input_image.png,F19,ellipse,horizontal,197,228.73700238053473,251,228.73700238053473,0.05197407079453148,0.25,217.67655112568883,228.73700238053473,229.3657308182685,228.73700238053473,11.689179692579675,0
G2961,input_image.png,F19,ellipse,vertical,220.3938374508513,197,220.3938374508513,251,0.05197407079453148,0.25,220.3938374508513,216.98633383995792,220.3938374508513,232.23517436114844,15.24884052119053,0
G2962,input_image.png,F19,ellipse,vertical,220.48513270526013,197,220.48513270526013,251,0.05197407079453148,0.25,220.48513270526013,216.9068700733523,220.48513270526013,232.28762928244694,15.380759209094634,0
G2963,input_image.png,F19,ellipse,vertical,220.57642795966893,197,220.57642795966893,251,0.05197407079453148,0.25,220.57642795966893,216.82707223080445,220.57642795966893,232.33990269992597,15.512830469121546,0
G2964,input_image.png,F19,ellipse,vertical,220.66772321407777,197,220.66772321407777,251,0.05197407079453148,0.25,220.66772321407777,216.74693820112873,220.66772321407777,232.3919955540142,15.645057352885448,0
G2965,input_image.png,F19,ellipse,vertical,220.7590184684866,197,220.7590184684866,251,0.05197407079453148,0.25,220.7590184684866,216.66646585531342,220.7590184684866,232.44390877865447,15.777442923341063,0
G2966,input_image.png,F19,ellipse,vertical,220.85031372289544,197,220.85031372289544,251,0.05197407079453148,0.25,220.85031372289544,216.5856530463318,220.85031372289544,232.49564330135996,15.909990255028184,0
G2967,input_image.png,F19,ellipse,vertical,220.94160897730424,197,220.94160897730424,251,0.05197407079453148,0.25,220.94160897730424,216.50449760895128,220.94160897730424,232.54720004326907,16.042702434317782,0
G2968,input_image.png,F19,ellipse,vertical,221.03290423171308,197,221.03290423171308,251,0.05197407079453148,0.25,221.03290423171308,216.43023887477148,221.03290423171308,232.59154289416776,16.161304019396276,0
G2969,input_image.png,F19,ellipse,vertical,221.1241994861219,197,221.1241994861219,251,0.05197407079453148,0.25,221.1241994861219,216.36806349153227,221.1241994861219,232.62336399514942,16.255300503617157,0
G2970,input_image.png,F19,ellipse,vertical,221.21549474053074,197,221.21549474053074,251,0.05197407079453148,0.25,221.21549474053074,216.3049047854766,221.21549474053074,232.6552180366554,16.350313251178818,0
G2971,input_image.png,F19,ellipse,vertical,221.30678999493958,197,221.30678999493958,251,0.05197407079453148,0.25,221.30678999493958,216.24073924334039,221.30678999493958,232.68710506986122,16.446365826520857,0
G2972,input_image.png,F19,ellipse,vertical,221.39808524934838,197,221.39808524934838,251,0.05197407079453148,0.25,221.39808524934838,216.17554259616904,221.39808524934838,232.7190251460484,16.54348254987936,0
G2973,input_image.png,F19,ellipse,vertical,221.48938050375722,197,221.48938050375722,251,0.05197407079453148,0.25,221.48938050375722,216.10928978871277,221.48938050375722,232.75097831660483,16.64168852789208,0
G2974,input_image.png,F19,ellipse,vertical,221.58067575816605,197,221.58067575816605,251,0.05197407079453148,0.25,221.58067575816605,216.04195494732227,221.58067575816605,232.782964633025,16.741009685702718,0
G2975,input_image.png,F19,ellipse,vertical,221.6719710125749,197,221.6719710125749,251,0.05197407079453148,0.25,221.6719710125749,215.9775884629359,221.6719710125749,232.81498414691026,16.83739568397434,0
G2976,input_image.png,F19,ellipse,vertical,221.76326626698372,197,221.76326626698372,251,0.05197407079453148,0.25,221.76326626698372,215.91933767097228,221.76326626698372,232.84703690996918,16.92769923899688,0
G2977,input_image.png,F19,ellipse,vertical,221.85456152139253,197,221.85456152139253,251,0.05197407079453148,0.25,221.85456152139253,215.86101496337864,221.85456152139253,232.8791229740177,17.018108010639054,0
G2978,input_image.png,F19,ellipse,vertical,221.94585677580136,197,221.94585677580136,251,0.05197407079453148,0.25,221.94585677580136,215.8026202068936,221.94585677580136,232.9112423909796,17.108622184085974,0
G2979,input_image.png,F19,ellipse,vertical,222.0371520302102,197,222.0371520302102,251,0.05197407079453148,0.25,222.0371520302102,215.7516977413164,222.0371520302102,232.9351797562478,17.183482014931418,0
G2980,input_image.png,F19,ellipse,vertical,222.12844728461903,197,222.12844728461903,251,0.05197407079453148,0.25,222.12844728461903,215.71155436274864,222.12844728461903,232.94714484081422,17.23559047806559,0
G2981,input_image.png,F19,ellipse,vertical,222.21974253902786,197,222.21974253902786,251,0.05197407079453148,0.25,222.21974253902786,215.67113237853434,222.21974253902786,232.95909649290803,17.28796411437369,0
G2982,input_image.png,F19,ellipse,vertical,222.31103779343667,197,222.31103779343667,251,0.05197407079453148,0.25,222.31103779343667,215.6304288781786,222.31103779343667,232.9710347351363,17.340605856957684,0
G2983,input_image.png,F19,ellipse,vertical,222.4023330478455,197,222.4023330478455,251,0.05197407079453148,0.25,222.4023330478455,215.58944091050495,222.4023330478455,232.98295959005534,17.393518679550397,0
G2984,input_image.png,F19,ellipse,vertical,222.49362830225434,197,222.49362830225434,251,0.05197407079453148,0.25,222.49362830225434,215.54816548294207,222.49362830225434,232.99487108017095,17.44670559722889,0
G2985,input_image.png,F19,ellipse,vertical,222.58492355666317,197,222.58492355666317,251,0.05197407079453148,0.25,222.58492355666317,215.50659956079548,222.58492355666317,233.00572390469944,17.499124343903937,0
G2986,input_image.png,F19,ellipse,vertical,222.676218811072,197,222.676218811072,251,0.05197407079453148,0.25,222.676218811072,215.46474006650385,222.676218811072,233.01574681089375,17.551006744389902,0
G2987,input_image.png,F19,ellipse,vertical,222.7675140654808,197,222.7675140654808,251,0.05197407079453148,0.25,222.7675140654808,215.42258387887924,222.7675140654808,233.0257247695921,17.603140890712854,0
G2988,input_image.png,F19,ellipse,vertical,222.85880931988964,197,222.85880931988964,251,0.05197407079453148,0.25,222.85880931988964,215.38012783233145,222.85880931988964,233.0356580824671,17.65553025013565,0
G2989,input_image.png,F19,ellipse,vertical,222.95010457429848,197,222.95010457429848,251,0.05197407079453148,0.25,222.95010457429848,215.33736871607553,222.95010457429848,233.04554704849775,17.70817833242223,0
G2990,input_image.png,F19,ellipse,vertical,223.0413998287073,197,223.0413998287073,251,0.05197407079453148,0.25,223.0413998287073,215.30250606690453,223.0413998287073,233.04780212947972,17.745296062575193,0
G2991,input_image.png,F19,ellipse,vertical,223.13269508311612,197,223.13269508311612,251,0.05197407079453148,0.25,223.13269508311612,215.27730354079418,223.13269508311612,233.04091345915793,17.763609918363766,0
G2992,input_image.png,F19,ellipse,vertical,223.22399033752495,197,223.22399033752495,251,0.05197407079453148,0.25,223.22399033752495,215.2519040492429,223.22399033752495,233.03404614253853,17.78214209329561,0
G2993,input_image.png,F19,ellipse,vertical,223.3152855919338,197,223.3152855919338,251,0.05197407079453148,0.25,223.3152855919338,215.22630527417485,223.3152855919338,233.02720008048584,17.800894806311003,0
G2994,input_image.png,F19,ellipse,vertical,223.40658084634262,197,223.40658084634262,251,0.05197407079453148,0.25,223.40658084634262,215.20050486099578,223.40658084634262,233.02037517447707,17.819870313481275,0
G2995,input_image.png,F19,ellipse,vertical,223.49787610075145,197,223.49787610075145,251,0.05197407079453148,0.25,223.49787610075145,215.17450041787117,223.49787610075145,233.01357132659723,17.83907090872605,0
G2996,input_image.png,F19,ellipse,vertical,223.58917135516026,197,223.58917135516026,251,0.05197407079453148,0.25,223.58917135516026,215.148289514987,223.58917135516026,233.00678843953472,17.85849892454772,0
G2997,input_image.png,F19,ellipse,vertical,223.6804666095691,197,223.6804666095691,251,0.05197407079453148,0.25,223.6804666095691,215.12186968379297,223.6804666095691,233.00002641657665,17.87815673278368,0
G2998,input_image.png,F19,ellipse,vertical,223.77176186397793,197,223.77176186397793,251,0.05197407079453148,0.25,223.77176186397793,215.09523841622737,223.77176186397793,232.9920556653788,17.89681724915143,0
G2999,input_image.png,F19,ellipse,vertical,223.86305711838676,197,223.86305711838676,251,0.05197407079453148,0.25,223.86305711838676,215.06839316392356,223.86305711838676,232.9841178946839,17.915724730760346,0
G3000,input_image.png,F19,ellipse,vertical,223.9543523727956,197,223.9543523727956,251,0.05197407079453148,0.25,223.9543523727956,215.0413313373969,223.9543523727956,232.97621769908454,17.934886361687624,0
G3001,input_image.png,F19,ellipse,vertical,224.0456476272044,197,224.0456476272044,251,0.05197407079453148,0.25,224.0456476272044,215.0237822977074,224.0456476272044,232.95866865946877,17.93488636176134,0
G3002,input_image.png,F19,ellipse,vertical,224.13694288161324,197,224.13694288161324,251,0.05197407079453148,0.25,224.13694288161324,215.01588210208018,224.13694288161324,232.93160683305967,17.915724730979502,0
G3003,input_image.png,F19,ellipse,vertical,224.22823813602207,197,224.22823813602207,251,0.05197407079453148,0.25,224.22823813602207,215.00794433135852,224.22823813602207,232.9047615808719,17.896817249513408,0
G3004,input_image.png,F19,ellipse,vertical,224.3195333904309,197,224.3195333904309,251,0.05197407079453148,0.25,224.3195333904309,214.99997358064627,224.3195333904309,232.87813031342085,17.878156732774606,0
G3005,input_image.png,F19,ellipse,vertical,224.41082864483974,197,224.41082864483974,251,0.05197407079453148,0.25,224.41082864483974,214.99321155766387,224.41082864483974,232.85171048233988,17.85849892467601,0
G3006,input_image.png,F19,ellipse,vertical,224.50212389924855,197,224.50212389924855,251,0.05197407079453148,0.25,224.50212389924855,214.9864286705777,224.50212389924855,232.82549957956735,17.839070908989665,0
G3007,input_image.png,F19,ellipse,vertical,224.59341915365738,197,224.59341915365738,251,0.05197407079453148,0.25,224.59341915365738,214.97962482267477,224.59341915365738,232.79949513655296,17.819870313878187,0
G3008,input_image.png,F19,ellipse,vertical,224.6847144080662,197,224.6847144080662,251,0.05197407079453148,0.25,224.6847144080662,214.97279991664348,224.6847144080662,232.7736947234827,17.800894806839207,0
G3009,input_image.png,F19,ellipse,vertical,224.77600966247505,197,224.77600966247505,251,0.05197407079453148,0.25,224.77600966247505,214.96595385456897,224.77600966247505,232.74809594852206,17.782142093953112,0
G3010,input_image.png,F19,ellipse,vertical,224.86730491688388,197,224.86730491688388,251,0.05197407079453148,0.25,224.86730491688388,214.9590865379283,224.86730491688388,232.7226964570769,17.76360991914859,0
G3011,input_image.png,F19,ellipse,vertical,224.9586001712927,197,224.9586001712927,251,0.05197407079453148,0.25,224.9586001712927,214.95219786758588,224.9586001712927,232.69749393107128,17.745296063485384,0
G3012,input_image.png,F19,ellipse,vertical,225.04989542570152,197,225.04989542570152,251,0.05197407079453148,0.25,225.04989542570152,214.95445294854954,225.04989542570152,232.6626312820232,17.70817833347364,0
G3013,input_image.png,F19,ellipse,vertical,225.14119068011036,197,225.14119068011036,251,0.05197407079453148,0.25,225.14119068011036,214.9643419145606,225.14119068011036,232.61987216590614,17.655530251345535,0
G3014,input_image.png,F19,ellipse,vertical,225.2324859345192,197,225.2324859345192,251,0.05197407079453148,0.25,225.2324859345192,214.97427522741236,225.2324859345192,232.57741611949737,17.60314089208501,0
G3015,input_image.png,F19,ellipse,vertical,225.323781188928,197,225.323781188928,251,0.05197407079453148,0.25,225.323781188928,214.98425318608378,225.323781188928,232.53525993201197,17.551006745928163,0
G3016,input_image.png,F19,ellipse,vertical,225.41507644333683,197,225.41507644333683,251,0.05197407079453148,0.25,225.41507644333683,214.99427609224745,225.41507644333683,232.4934004378596,17.499124345612167,0
G3017,input_image.png,F19,ellipse,vertical,225.50637169774566,197,225.50637169774566,251,0.05197407079453148,0.25,225.50637169774566,215.00512891618766,225.50637169774566,232.45183451585245,17.446705599664792,0
G3018,input_image.png,F19,ellipse,vertical,225.5976669521545,197,225.5976669521545,251,0.05197407079453148,0.25,225.5976669521545,215.01704040627908,225.5976669521545,232.41055908842907,17.39351868215,0
G3019,input_image.png,F19,ellipse,vertical,225.68896220656333,197,225.68896220656333,251,0.05197407079453148,0.25,225.68896220656333,215.02896526117755,225.68896220656333,232.36957112089502,17.34060585971746,0
G3020,input_image.png,F19,ellipse,vertical,225.78025746097214,197,225.78025746097214,251,0.05197407079453148,0.25,225.78025746097214,215.04090350338888,225.78025746097214,232.32886762067895,17.287964117290084,0
G3021,input_image.png,F19,ellipse,vertical,225.87155271538097,197,225.87155271538097,251,0.05197407079453148,0.25,225.87155271538097,215.0528551554694,225.87155271538097,232.28844563660442,17.235590481135013,0
G3022,input_image.png,F19,ellipse,vertical,225.9628479697898,197,225.9628479697898,251,0.05197407079453148,0.25,225.9628479697898,215.06482024002617,225.9628479697898,232.24830225817644,17.183482018150265,0
G3023,input_image.png,F19,ellipse,vertical,226.05414322419864,197,226.05414322419864,251,0.05197407079453148,0.25,226.05414322419864,215.08875760548278,226.05414322419864,232.19737979278125,17.108622187298472,0
G3024,input_image.png,F19,ellipse,vertical,226.14543847860747,197,226.14543847860747,251,0.05197407079453148,0.25,226.14543847860747,215.12087702275858,226.14543847860747,232.13898503649824,17.018108013739642,0
G3025,input_image.png,F19,ellipse,vertical,226.23673373301628,197,226.23673373301628,251,0.05197407079453148,0.25,226.23673373301628,215.15296308711032,226.23673373301628,232.08066232909536,16.927699241985028,0
G3026,input_image.png,F19,ellipse,vertical,226.3280289874251,197,226.3280289874251,251,0.05197407079453148,0.25,226.3280289874251,215.18501585046175,226.3280289874251,232.02241153731129,16.837395686849536,0
G3027,input_image.png,F19,ellipse,vertical,226.41932424183395,197,226.41932424183395,251,0.05197407079453148,0.25,226.41932424183395,215.21703536462886,226.41932424183395,231.9580450529853,16.741009688356446,0
G3028,input_image.png,F19,ellipse,vertical,226.51061949624278,197,226.51061949624278,251,0.05197407079453148,0.25,226.51061949624278,215.24902168132024,226.51061949624278,231.8907102114963,16.641688530176058,0
G3029,input_image.png,F19,ellipse,vertical,226.60191475065162,197,226.60191475065162,251,0.05197407079453148,0.25,226.60191475065162,215.2809748521373,226.60191475065162,231.82445740394365,16.543482551806374,0
G3030,input_image.png,F19,ellipse,vertical,226.69321000506042,197,226.69321000506042,251,0.05197407079453148,0.25,226.69321000506042,215.31289492857454,226.69321000506042,231.75926075667812,16.44636582810358,0
G3031,input_image.png,F19,ellipse,vertical,226.78450525946926,197,226.78450525946926,251,0.05197407079453148,0.25,226.78450525946926,215.3447819620199,226.78450525946926,231.69509521444974,16.35031325242983,0
G3032,input_image.png,F19,ellipse,vertical,226.8758005138781,197,226.8758005138781,251,0.05197407079453148,0.25,226.8758005138781,215.37663600375495,226.8758005138781,231.6319365083039,16.25530050454893,0
G3033,input_image.png,F19,ellipse,vertical,226.96709576828692,197,226.96709576828692,251,0.05197407079453148,0.25,226.96709576828692,215.4084571049552,226.96709576828692,231.56976112497642,16.161304020021223,0
G3034,input_image.png,F19,ellipse,vertical,227.05839102269573,197,227.05839102269573,251,0.05197407079453148,0.25,227.05839102269573,215.45279995603892,227.05839102269573,231.49550239075378,16.042702434714855,0
G3035,input_image.png,F19,ellipse,vertical,227.14968627710456,197,227.14968627710456,251,0.05197407079453148,0.25,227.14968627710456,215.5043566981149,227.14968627710456,231.41434695336264,15.909990255247752,0
G3036,input_image.png,F19,ellipse,vertical,227.2409815315134,197,227.2409815315134,251,0.05197407079453148,0.25,227.2409815315134,215.5560912209831,227.2409815315134,231.33353414437926,15.777442923396137,0
G3037,input_image.png,F19,ellipse,vertical,227.33227678592223,197,227.33227678592223,251,0.05197407079453148,0.25,227.33227678592223,215.608004445782,227.33227678592223,231.25306179857094,15.645057352788935,0
G3038,input_image.png,F19,ellipse,vertical,227.42357204033107,197,227.42357204033107,251,0.05197407079453148,0.25,227.42357204033107,215.6600973000246,227.42357204033107,231.1729277689109,15.512830468886303,0
G3039,input_image.png,F19,ellipse,vertical,227.51486729473987,197,227.51486729473987,251,0.05197407079453148,0.25,227.51486729473987,215.7123707176538,227.51486729473987,231.09312992638726,15.380759208733451,0
G3040,input_image.png,F19,ellipse,vertical,227.6061625491487,197,227.6061625491487,251,0.05197407079453148,0.25,227.6061625491487,215.76482563909818,227.6061625491487,231.0136661598143,15.248840520716119,0
G3041,input_image.png,F20,rectangle,horizontal,261,216.58283467078485,315,216.58283467078485,0.05197407079453148,0.25,278.7048607566781,216.58283467078485,296.0078623788942,216.58283467078485,17.30300162221607,0
G3042,input_image.png,F20,rectangle,horizontal,261,216.77061100823335,315,216.77061100823335,0.05197407079453148,0.25,278.70721526623873,216.77061100823335,296.03308586476544,216.77061100823335,17.325870598526684,0
G3043,input_image.png,F20,rectangle,horizontal,261,216.95838734568184,315,216.95838734568184,0.05197407079453148,0.25,278.7095550636968,216.95838734568184,296.05816868633866,216.95838734568184,17.348613622641846,0
G3044,input_image.png,F20,rectangle,horizontal,261,217.1461636831303,315,217.1461636831303,0.05197407079453148,0.25,278.71571474863504,217.1461636831303,296.08110175768275,217.1461636831303,17.3653870090477,0
G3045,input_image.png,F20,rectangle,horizontal,261,217.3339400205788,315,217.3339400205788,0.05197407079453148,0.25,278.7229373279149,217.3339400205788,296.1033766823746,217.3339400205788,17.380439354459657,0
G3046,input_image.png,F20,rectangle,horizontal,261,217.52171635802728,315,217.52171635802728,0.05197407079453148,0.25,278.73012953624055,217.52171635802728,296.12557279635456,217.52171635802728,17.395443260113982,0
G3047,input_image.png,F20,rectangle,horizontal,261,217.70949269547577,315,217.70949269547577,0.05197407079453148,0.25,278.7372915647749,217.70949269547577,296.14769051714325,217.70949269547577,17.410398952368332,0
G3048,input_image.png,F20,rectangle,horizontal,261,217.89726903292424,315,217.89726903292424,0.05197407079453148,0.25,278.74442360307995,217.89726903292424,296.16973025931725,217.89726903292424,17.425306656237314,0
G3049,input_image.png,F20,rectangle,horizontal,261,218.08504537037274,315,218.08504537037274,0.05197407079453148,0.25,278.75305902688996,218.08504537037274,296.1908885029274,218.08504537037274,17.437829476037482,0
G3050,input_image.png,F20,rectangle,horizontal,261,218.2728217078212,315,218.2728217078212,0.05197407079453148,0.25,278.7635201330466,218.2728217078212,296.21103019802325,218.2728217078212,17.447510064976626,0
G3051,input_image.png,F20,rectangle,horizontal,261,218.4605980452697,315,218.4605980452697,0.05197407079453148,0.25,278.7739562411438,218.4605980452697,296.23113854507784,218.4605980452697,17.45718230393404,0
G3052,input_image.png,F20,rectangle,horizontal,261,218.6483743827182,315,218.6483743827182,0.05197407079453148,0.25,278.78436744067835,218.6483743827182,296.25121362684285,218.6483743827182,17.466846186164517,0
G3053,input_image.png,F20,rectangle,horizontal,261,218.83615072016667,315,218.83615072016667,0.05197407079453148,0.25,278.79475382072036,218.83615072016667,296.2712555257964,218.83615072016667,17.47650170507599,0
G3054,input_image.png,F20,rectangle,horizontal,261,219.02392705761517,315,219.02392705761517,0.05197407079453148,0.25,278.80541920785333,219.02392705761517,296.29112561370556,219.02392705761517,17.485706405852184,0
G3055,input_image.png,F20,rectangle,horizontal,261,219.21170339506364,315,219.21170339506364,0.05197407079453148,0.25,278.8181484579607,219.21170339506364,296.31002709438656,219.21170339506364,17.491878636425838,0
G3056,input_image.png,F20,rectangle,horizontal,261,219.39947973251213,315,219.39947973251213,0.05197407079453148,0.25,278.83086826399096,219.39947973251213,296.3289209189859,219.39947973251213,17.49805265499494,0
G3057,input_image.png,F20,rectangle,horizontal,261,219.5872560699606,315,219.5872560699606,0.05197407079453148,0.25,278.84357863645033,219.5872560699606,296.3478070921543,219.5872560699606,17.50422845570398,0
G3058,input_image.png,F20,rectangle,horizontal,261,219.7750324074091,315,219.7750324074091,0.05197407079453148,0.25,278.8562795858294,219.7750324074091,296.36668561853867,219.7750324074091,17.510406032709287,0
G3059,input_image.png,F20,rectangle,horizontal,261,219.96280874485757,315,219.96280874485757,0.05197407079453148,0.25,278.8689711226033,219.96280874485757,296.38555650278226,219.96280874485757,17.51658538017896,0
G3060,input_image.png,F20,rectangle,horizontal,261,220.15058508230607,315,220.15058508230607,0.05197407079453148,0.25,278.88310050277914,220.15058508230607,296.40389333996336,220.15058508230607,17.520792837184217,0
G3061,input_image.png,F20,rectangle,horizontal,261,220.33836141975456,315,220.33836141975456,0.05197407079453148,0.25,278.8975933272794,220.33836141975456,296.4221037112526,220.33836141975456,17.524510383973166,0
G3062,input_image.png,F20,rectangle,horizontal,261,220.52613775720303,315,220.52613775720303,0.05197407079453148,0.25,278.91209385666156,220.52613775720303,296.440318859195,220.52613775720303,17.528225002533464,0
G3063,input_image.png,F20,rectangle,horizontal,261,220.71391409465153,315,220.71391409465153,0.05197407079453148,0.25,278.92660209707134,220.71391409465153,296.4585387856702,220.71391409465153,17.531936688598876,0
G3064,input_image.png,F20,rectangle,horizontal,261,220.9016904321,315,220.9016904321,0.05197407079453148,0.25,278.9411180546613,220.9016904321,296.47676349255886,220.9016904321,17.535645437897585,0
G3065,input_image.png,F20,rectangle,horizontal,261,221.0894667695485,315,221.0894667695485,0.05197407079453148,0.25,278.95627593564075,221.0894667695485,296.49477100080173,221.0894667695485,17.538495065160998,0
G3066,input_image.png,F20,rectangle,horizontal,261,221.27724310699696,315,221.27724310699696,0.05197407079453148,0.25,278.97215032601844,221.27724310699696,296.5125529250561,221.27724310699696,17.540402599037694,0
G3067,input_image.png,F20,rectangle,horizontal,261,221.46501944444546,315,221.46501944444546,0.05197407079453148,0.25,278.98804860596573,221.46501944444546,296.5303580302032,221.46501944444546,17.542309424237484,0
G3068,input_image.png,F20,rectangle,horizontal,261,221.65279578189393,315,221.65279578189393,0.05197407079453148,0.25,279.00416763529876,221.65279578189393,296.54818636160127,221.65279578189393,17.544018726302525,0
G3069,input_image.png,F20,rectangle,horizontal,261,221.84057211934243,315,221.84057211934243,0.05197407079453148,0.25,279.0208420037547,221.84057211934243,296.56603796472695,221.84057211934243,17.545195960972247,0
G3070,input_image.png,F20,rectangle,horizontal,261,222.02834845679092,315,222.02834845679092,0.05197407079453148,0.25,279.03759514709174,222.02834845679092,296.5838950470543,222.02834845679092,17.54629989996254,0
G3071,input_image.png,F20,rectangle,horizontal,261,222.2161247942394,315,222.2161247942394,0.05197407079453148,0.25,279.0551348560503,222.2161247942394,296.6016971280557,222.2161247942394,17.54656227200542,0
G3072,input_image.png,F20,rectangle,horizontal,261,222.4039011316879,315,222.4039011316879,0.05197407079453148,0.25,279.0726030775055,222.4039011316879,296.6195609647255,222.4039011316879,17.546957887219985,0
G3073,input_image.png,F20,rectangle,horizontal,261,222.59167746913636,315,222.59167746913636,0.05197407079453148,0.25,279.0900002476165,222.59167746913636,296.63748687896884,222.59167746913636,17.54748663135234,0
G3074,input_image.png,F20,rectangle,horizontal,261,222.77945380658485,315,222.77945380658485,0.05197407079453148,0.25,279.1073267990015,222.77945380658485,296.65547519493214,222.77945380658485,17.54814839593066,0
G3075,input_image.png,F20,rectangle,horizontal,261,222.96723014403332,315,222.96723014403332,0.05197407079453148,0.25,279.1245831607737,222.96723014403332,296.6735262390226,222.96723014403332,17.54894307824891,0
G3076,input_image.png,F20,rectangle,horizontal,261,223.15500648148182,315,223.15500648148182,0.05197407079453148,0.25,279.14253964366833,223.15500648148182,296.6920157514653,223.15500648148182,17.549476107797,0
G3077,input_image.png,F20,rectangle,horizontal,261,223.34278281893032,315,223.34278281893032,0.05197407079453148,0.25,279.16058447875474,223.34278281893032,296.71068377889503,223.34278281893032,17.55009930014028,0
G3078,input_image.png,F20,rectangle,horizontal,261,223.53055915637879,315,223.53055915637879,0.05197407079453148,0.25,279.1785548813202,223.53055915637879,296.72945519646845,223.53055915637879,17.55090031514821,0
G3079,input_image.png,F20,rectangle,horizontal,261,223.71833549382728,315,223.71833549382728,0.05197407079453148,0.25,279.1964513109531,223.71833549382728,296.74833086548745,223.71833549382728,17.55187955453435,0
G3080,input_image.png,F20,rectangle,horizontal,261,223.90611183127575,315,223.90611183127575,0.05197407079453148,0.25,279.2142742234658,223.90611183127575,296.7673116568475,223.90611183127575,17.553037433381693,0
G3081,input_image.png,F20,rectangle,horizontal,261,224.09388816872425,315,224.09388816872425,0.05197407079453148,0.25,279.23268834361346,224.09388816872425,296.7857257770147,224.09388816872425,17.55303743340125,0
G3082,input_image.png,F20,rectangle,horizontal,261,224.28166450617272,315,224.28166450617272,0.05197407079453148,0.25,279.251669135023,224.28166450617272,296.8035486896136,224.28166450617272,17.551879554590574,0
G3083,input_image.png,F20,rectangle,horizontal,261,224.46944084362121,315,224.46944084362121,0.05197407079453148,0.25,279.27054480409356,224.46944084362121,296.82144511933143,224.46944084362121,17.55090031523786,0
G3084,input_image.png,F20,rectangle,horizontal,261,224.65721718106968,315,224.65721718106968,0.05197407079453148,0.25,279.2893162217204,224.65721718106968,296.8394155219805,224.65721718106968,17.550099300260126,0
G3085,input_image.png,F20,rectangle,horizontal,261,224.84499351851818,315,224.84499351851818,0.05197407079453148,0.25,279.3079842492055,224.84499351851818,296.8574603571493,224.84499351851818,17.54947610794383,0
G3086,input_image.png,F20,rectangle,horizontal,261,225.03276985596668,315,225.03276985596668,0.05197407079453148,0.25,279.32647376169166,225.03276985596668,296.87541684007476,225.03276985596668,17.548943078383065,0
G3087,input_image.png,F20,rectangle,horizontal,261,225.22054619341515,315,225.22054619341515,0.05197407079453148,0.25,279.3445248057589,225.22054619341515,296.892673201637,225.22054619341515,17.548148395878115,0
G3088,input_image.png,F20,rectangle,horizontal,261,225.40832253086364,315,225.40832253086364,0.05197407079453148,0.25,279.3625131216953,225.40832253086364,296.90999975280806,225.40832253086364,17.547486631112733,0
G3089,input_image.png,F20,rectangle,horizontal,261,225.5960988683121,315,225.5960988683121,0.05197407079453148,0.25,279.38043903590807,225.5960988683121,296.92739692270095,225.5960988683121,17.546957886792885,0
G3090,input_image.png,F20,rectangle,horizontal,261,225.7838752057606,315,225.7838752057606,0.05197407079453148,0.25,279.3983028725436,225.7838752057606,296.94486514393384,225.7838752057606,17.5465622713903,0
G3091,input_image.png,F20,rectangle,horizontal,261,225.97165154320908,315,225.97165154320908,0.05197407079453148,0.25,279.41610495350716,225.97165154320908,296.96240485266594,225.97165154320908,17.54629989915879,0
G3092,input_image.png,F20,rectangle,horizontal,261,226.15942788065757,315,226.15942788065757,0.05197407079453148,0.25,279.4339620358665,226.15942788065757,296.9791579961228,226.15942788065757,17.545195960256315,0
G3093,input_image.png,F20,rectangle,horizontal,261,226.34720421810607,315,226.34720421810607,0.05197407079453148,0.25,279.4518136390416,226.34720421810607,296.99583236476695,226.34720421810607,17.544018725725383,0
G3094,input_image.png,F20,rectangle,horizontal,261,226.53498055555454,315,226.53498055555454,0.05197407079453148,0.25,279.469641970494,226.53498055555454,297.01195139427506,226.53498055555454,17.54230942378104,0
G3095,input_image.png,F20,rectangle,horizontal,261,226.72275689300304,315,226.72275689300304,0.05197407079453148,0.25,279.48744707570046,226.72275689300304,297.0278496743937,226.72275689300304,17.540402598693213,0
G3096,input_image.png,F20,rectangle,horizontal,261,226.9105332304515,315,226.9105332304515,0.05197407079453148,0.25,279.505229000019,226.9105332304515,297.0437240649366,226.9105332304515,17.538495064917566,0
G3097,input_image.png,F20,rectangle,horizontal,261,227.0983095679,315,227.0983095679,0.05197407079453148,0.25,279.5232365082367,227.0983095679,297.05888194598685,227.0983095679,17.535645437750127,0
G3098,input_image.png,F20,rectangle,horizontal,261,227.28608590534847,315,227.28608590534847,0.05197407079453148,0.25,279.5414612150184,227.28608590534847,297.07339790356554,227.28608590534847,17.531936688547123,0
G3099,input_image.png,F20,rectangle,horizontal,261,227.47386224279697,315,227.47386224279697,0.05197407079453148,0.25,279.55968114139057,227.47386224279697,297.0879061439641,227.47386224279697,17.528225002573524,0
G3100,input_image.png,F20,rectangle,horizontal,261,227.66163858024544,315,227.66163858024544,0.05197407079453148,0.25,279.5778962892339,227.66163858024544,297.102406673335,227.66163858024544,17.524510384101127,0
G3101,input_image.png,F20,rectangle,horizontal,261,227.84941491769393,315,227.84941491769393,0.05197407079453148,0.25,279.59610666042795,227.84941491769393,297.11689949782414,227.84941491769393,17.520792837396197,0
G3102,input_image.png,F20,rectangle,horizontal,261,228.03719125514243,315,228.03719125514243,0.05197407079453148,0.25,279.6144434975066,228.03719125514243,297.13102887799596,228.03719125514243,17.51658538048938,0
G3103,input_image.png,F20,rectangle,horizontal,261,228.2249675925909,315,228.2249675925909,0.05197407079453148,0.25,279.633314381598,228.2249675925909,297.143720414794,228.2249675925909,17.510406033196002,0
G3104,input_image.png,F20,rectangle,horizontal,261,228.4127439300394,315,228.4127439300394,0.05197407079453148,0.25,279.65219290782056,228.4127439300394,297.15642136419626,228.4127439300394,17.504228456375692,0
G3105,input_image.png,F20,rectangle,horizontal,261,228.60052026748787,315,228.60052026748787,0.05197407079453148,0.25,279.67107908081744,228.60052026748787,297.16913173667774,228.60052026748787,17.498052655860356,0
G3106,input_image.png,F20,rectangle,horizontal,261,228.78829660493636,315,228.78829660493636,0.05197407079453148,0.25,279.68997290523555,228.78829660493636,297.18185154272925,228.78829660493636,17.49187863749369,0
G3107,input_image.png,F20,rectangle,horizontal,261,228.97607294238483,315,228.97607294238483,0.05197407079453148,0.25,279.70887438572566,228.97607294238483,297.19458079285687,228.97607294238483,17.485706407131197,0
G3108,input_image.png,F20,rectangle,horizontal,261,229.16384927983333,315,229.16384927983333,0.05197407079453148,0.25,279.7287444738326,229.16384927983333,297.20524617980766,229.16384927983333,17.476501705975096,0
G3109,input_image.png,F20,rectangle,horizontal,261,229.3516256172818,315,229.3516256172818,0.05197407079453148,0.25,279.7487863730558,229.3516256172818,297.21563255964253,229.3516256172818,17.466846186586764,0
G3110,input_image.png,F20,rectangle,horizontal,261,229.5394019547303,315,229.5394019547303,0.05197407079453148,0.25,279.76886145510593,229.5394019547303,297.22604375897475,229.5394019547303,17.457182303868787,0
G3111,input_image.png,F20,rectangle,horizontal,261,229.7271782921788,315,229.7271782921788,0.05197407079453148,0.25,279.7889698024613,229.7271782921788,297.23647986687445,229.7271782921788,17.447510064413184,0
G3112,input_image.png,F20,rectangle,horizontal,261,229.91495462962726,315,229.91495462962726,0.05197407079453148,0.25,279.80911149787346,229.91495462962726,297.24694097283856,229.91495462962726,17.437829474965138,0
G3113,input_image.png,F20,rectangle,horizontal,261,230.10273096707576,315,230.10273096707576,0.05197407079453148,0.25,279.83026974154785,230.10273096707576,297.2555763965637,230.10273096707576,17.42530665501586,0
G3114,input_image.png,F20,rectangle,horizontal,261,230.29050730452423,315,230.29050730452423,0.05197407079453148,0.25,279.85230948356025,230.29050730452423,297.26270843487015,230.29050730452423,17.410398951309922,0
G3115,input_image.png,F20,rectangle,horizontal,261,230.47828364197272,315,230.47828364197272,0.05197407079453148,0.25,279.8744272041771,230.47828364197272,297.26987046340594,230.47828364197272,17.395443259228827,0
G3116,input_image.png,F20,rectangle,horizontal,261,230.6660599794212,315,230.6660599794212,0.05197407079453148,0.25,279.896623317975,230.6660599794212,297.27706267173306,230.6660599794212,17.380439353758085,0
G3117,input_image.png,F20,rectangle,horizontal,261,230.8538363168697,315,230.8538363168697,0.05197407079453148,0.25,279.9188982424743,230.8538363168697,297.28428525101447,230.8538363168697,17.365387008540132,0
G3118,input_image.png,F20,rectangle,horizontal,261,231.04161265431816,315,231.04161265431816,0.05197407079453148,0.25,279.941831313639,231.04161265431816,297.2904449360023,231.04161265431816,17.34861362236329,0
G3119,input_image.png,F20,rectangle,horizontal,261,231.22938899176665,315,231.22938899176665,0.05197407079453148,0.25,279.96691413510797,231.22938899176665,297.2927847336795,231.22938899176665,17.325870598571562,0
G3120,input_image.png,F20,rectangle,horizontal,261,231.41716532921515,315,231.41716532921515,0.05197407079453148,0.25,279.9921376208689,231.41716532921515,297.2951392434604,231.41716532921515,17.30300162259154,0
G3121,input_image.png,F20,rectangle,vertical,283.85875855099675,197,283.85875855099675,251,0.05197407079453148,0.25,283.85875855099675,208.69273557664178,283.85875855099675,239.2268600480759,30.53412447143414,0
G3122,input_image.png,F20,rectangle,vertical,283.96360010666774,197,283.96360010666774,251,0.05197407079453148,0.25,283.96360010666774,208.6655195777694,283.96360010666774,239.27632476495506,30.610805187185644,0
G3123,input_image.png,F20,rectangle,vertical,284.06844166233867,197,284.06844166233867,251,0.05197407079453148,0.25,284.06844166233867,208.64215914491183,284.06844166233867,239.3149406339984,30.672781489086567,0
G3124,input_image.png,F20,rectangle,vertical,284.17328321800966,197,284.17328321800966,251,0.05197407079453148,0.25,284.17328321800966,208.6208380661159,284.17328321800966,239.34772463143437,30.726886565318452,0
G3125,input_image.png,F20,rectangle,vertical,284.27812477368064,197,284.27812477368064,251,0.05197407079453148,0.25,284.27812477368064,208.59959346044855,284.27812477368064,239.38002945445933,30.780435994010787,0
G3126,input_image.png,F20,rectangle,vertical,284.3829663293516,197,284.3829663293516,251,0.05197407079453148,0.25,284.3829663293516,208.57842491721263,284.3829663293516,239.41186553235215,30.83344061513953,0
G3127,input_image.png,F20,rectangle,vertical,284.48780788502256,197,284.48780788502256,251,0.05197407079453148,0.25,284.48780788502256,208.55733202864658,284.48780788502256,239.44324299391266,30.885910965266078,0
G3128,input_image.png,F20,rectangle,vertical,284.59264944069355,197,284.59264944069355,251,0.05197407079453148,0.25,284.59264944069355,208.5363143898984,284.59264944069355,239.47417167820566,30.93785728830727,0
G3129,input_image.png,F20,rectangle,vertical,284.6974909963645,197,284.6974909963645,251,0.05197407079453148,0.25,284.6974909963645,208.51537159899942,284.6974909963645,239.50466114484712,30.989289545847697,0
G3130,input_image.png,F20,rectangle,vertical,284.80233255203547,197,284.80233255203547,251,0.05197407079453148,0.25,284.80233255203547,208.49450325683898,284.80233255203547,239.53472068385557,31.040217427016586,0
G3131,input_image.png,F20,rectangle,vertical,284.90717410770645,197,284.90717410770645,251,0.05197407079453148,0.25,284.90717410770645,208.47370896713892,284.90717410770645,239.5643593250892,31.090650357950302,0
G3132,input_image.png,F20,rectangle,vertical,285.0120156633774,197,285.0120156633774,251,0.05197407079453148,0.25,285.0120156633774,208.45355000465696,285.0120156633774,239.59233971229125,31.1387897076343,0
G3133,input_image.png,F20,rectangle,vertical,285.11685721904837,197,285.11685721904837,251,0.05197407079453148,0.25,285.11685721904837,208.4377701783153,285.11685721904837,239.61042010148145,31.172649923166148,0
G3134,input_image.png,F20,rectangle,vertical,285.22169877471936,197,285.22169877471936,251,0.05197407079453148,0.25,285.22169877471936,208.42200383463268,285.22169877471936,239.62833514473812,31.206331310105433,0
G3135,input_image.png,F20,rectangle,vertical,285.3265403303903,197,285.3265403303903,251,0.05197407079453148,0.25,285.3265403303903,208.40625095633658,285.3265403303903,239.64608709988073,31.239836143544135,0
G3136,input_image.png,F20,rectangle,vertical,285.4313818860613,197,285.4313818860613,251,0.05197407079453148,0.25,285.4313818860613,208.390511526184,285.4313818860613,239.66367818380738,31.273166657623342,0
G3137,input_image.png,F20,rectangle,vertical,285.53622344173226,197,285.53622344173226,251,0.05197407079453148,0.25,285.53622344173226,208.37478552696146,285.53622344173226,239.68111057341753,31.306325046456077,0
G3138,input_image.png,F20,rectangle,vertical,285.6410649974032,197,285.6410649974032,251,0.05197407079453148,0.25,285.6410649974032,208.35907294148467,285.6410649974032,239.69838640651014,31.33931346502547,0
G3139,input_image.png,F20,rectangle,vertical,285.7459065530742,197,285.7459065530742,251,0.05197407079453148,0.25,285.7459065530742,208.34337375259878,285.7459065530742,239.71550778265762,31.37213403005884,0
G3140,input_image.png,F20,rectangle,vertical,285.85074810874517,197,285.85074810874517,251,0.05197407079453148,0.25,285.85074810874517,208.32768794317812,285.85074810874517,239.7324767640564,31.404788820878263,0
G3141,input_image.png,F20,rectangle,vertical,285.9555896644161,197,285.9555896644161,251,0.05197407079453148,0.25,285.9555896644161,208.31201549612626,285.9555896644161,239.74929537635495,31.4372798802287,0
G3142,input_image.png,F20,rectangle,vertical,286.0604312200871,197,286.0604312200871,251,0.05197407079453148,0.25,286.0604312200871,208.29941344515717,286.0604312200871,239.76107992082098,31.461666475663797,0
G3143,input_image.png,F20,rectangle,vertical,286.16527277575807,197,286.16527277575807,251,0.05197407079453148,0.25,286.16527277575807,208.2890531787277,286.16527277575807,239.7692006915889,31.480147512861212,0
G3144,input_image.png,F20,rectangle,vertical,286.270114331429,197,286.270114331429,251,0.05197407079453148,0.25,286.270114331429,208.27868321004155,286.270114331429,239.77726850023723,31.498585290195674,0
G3145,input_image.png,F20,rectangle,vertical,286.3749558871,197,286.3749558871,251,0.05197407079453148,0.25,286.3749558871,208.26830352546332,286.3749558871,239.78528386319522,31.516980337731898,0
G3146,input_image.png,F20,rectangle,vertical,286.479797442771,197,286.479797442771,251,0.05197407079453148,0.25,286.479797442771,208.25791411133198,286.479797442771,239.79324729019964,31.535333178867674,0
G3147,input_image.png,F20,rectangle,vertical,286.5846389984419,197,286.5846389984419,251,0.05197407079453148,0.25,286.5846389984419,208.24751495396092,286.5846389984419,239.80115928440293,31.553644330442012,0
G3148,input_image.png,F20,rectangle,vertical,286.6894805541129,197,286.6894805541129,251,0.05197407079453148,0.25,286.6894805541129,208.23710603963778,286.6894805541129,239.80902034247902,31.57191430284122,0
G3149,input_image.png,F20,rectangle,vertical,286.7943221097839,197,286.7943221097839,251,0.05197407079453148,0.25,286.7943221097839,208.22668735462457,286.7943221097839,239.81683095472738,31.590143600102806,0
G3150,input_image.png,F20,rectangle,vertical,286.8991636654548,197,286.8991636654548,251,0.05197407079453148,0.25,286.8991636654548,208.2162588851574,286.8991636654548,239.82459160517493,31.608332720017543,0
G3151,input_image.png,F20,rectangle,vertical,287.0040052211258,197,287.0040052211258,251,0.05197407079453148,0.25,287.0040052211258,208.20603747320067,287.0040052211258,239.83204146447642,31.626003991275752,0
G3152,input_image.png,F20,rectangle,vertical,287.1088467767968,197,287.1088467767968,251,0.05197407079453148,0.25,287.1088467767968,208.20126341481992,287.1088467767968,239.83288681389962,31.631623399079704,0
G3153,input_image.png,F20,rectangle,vertical,287.2136883324677,197,287.2136883324677,251,0.05197407079453148,0.25,287.2136883324677,208.19647478880228,287.2136883324677,239.83372807262845,31.637253283826162,0
G3154,input_image.png,F20,rectangle,vertical,287.3185298881387,197,287.3185298881387,251,0.05197407079453148,0.25,287.3185298881387,208.19167152836803,287.3185298881387,239.83456527028392,31.642893741915884,0
G3155,input_image.png,F20,rectangle,vertical,287.4233714438097,197,287.4233714438097,251,0.05197407079453148,0.25,287.4233714438097,208.1868535663286,287.4233714438097,239.83539843620173,31.648544869873113,0
G3156,input_image.png,F20,rectangle,vertical,287.5282129994806,197,287.5282129994806,251,0.05197407079453148,0.25,287.5282129994806,208.1820208350835,287.5282129994806,239.83622759943566,31.654206764352153,0
G3157,input_image.png,F20,rectangle,vertical,287.6330545551516,197,287.6330545551516,251,0.05197407079453148,0.25,287.6330545551516,208.1771732666172,287.6330545551516,239.8370527887611,31.65987952214391,0
G3158,input_image.png,F20,rectangle,vertical,287.7378961108226,197,287.7378961108226,251,0.05197407079453148,0.25,287.7378961108226,208.17231079249578,287.7378961108226,239.8378740326782,31.665563240182397,0
G3159,input_image.png,F20,rectangle,vertical,287.8427376664935,197,287.8427376664935,251,0.05197407079453148,0.25,287.8427376664935,208.16743334386396,287.8427376664935,239.83869135941524,31.67125801555125,0
G3160,input_image.png,F20,rectangle,vertical,287.9475792221645,197,287.9475792221645,251,0.05197407079453148,0.25,287.9475792221645,208.16254085144163,287.9475792221645,239.83950479693186,31.676963945490208,0
G3161,input_image.png,F20,rectangle,vertical,288.0524207778355,197,288.0524207778355,251,0.05197407079453148,0.25,288.0524207778355,208.1604942156338,288.0524207778355,239.83745815584024,31.676963940206434,0
G3162,input_image.png,F20,rectangle,vertical,288.1572623335064,197,288.1572623335064,251,0.05197407079453148,0.25,288.1572623335064,208.16130766243205,288.1572623335064,239.83256566211543,31.671257999683384,0
G3163,input_image.png,F20,rectangle,vertical,288.2621038891774,197,288.2621038891774,251,0.05197407079453148,0.25,288.2621038891774,208.16212499848942,288.2621038891774,239.82768821219747,31.665563213708054,0
G3164,input_image.png,F20,rectangle,vertical,288.3669454448484,197,288.3669454448484,251,0.05197407079453148,0.25,288.3669454448484,208.16294625176582,288.3669454448484,239.82282573680615,31.659879485040328,0
G3165,input_image.png,F20,rectangle,vertical,288.4717870005194,197,288.4717870005194,251,0.05197407079453148,0.25,288.4717870005194,208.16377145048978,288.4717870005194,239.81797816708598,31.654206716596214,0
G3166,input_image.png,F20,rectangle,vertical,288.5766285561903,197,288.5766285561903,251,0.05197407079453148,0.25,288.5766285561903,208.16460062316165,288.5766285561903,239.81314543460297,31.64854481144133,0
G3167,input_image.png,F20,rectangle,vertical,288.6814701118613,197,288.6814701118613,251,0.05197407079453148,0.25,288.6814701118613,208.1654337985571,288.6814701118613,239.80832747134147,31.642893672784382,0
G3168,input_image.png,F20,rectangle,vertical,288.7863116675323,197,288.7863116675323,251,0.05197407079453148,0.25,288.7863116675323,208.16627100573012,288.7863116675323,239.8035242097008,31.637253203970698,0
G3169,input_image.png,F20,rectangle,vertical,288.8911532232032,197,288.8911532232032,251,0.05197407079453148,0.25,288.8911532232032,208.16711227401672,288.8911532232032,239.79873558249238,31.631623308475675,0
G3170,input_image.png,F20,rectangle,vertical,288.9959947788742,197,288.9959947788742,251,0.05197407079453148,0.25,288.9959947788742,208.16795763303807,288.9959947788742,239.79396152293623,31.626003889898165,0
G3171,input_image.png,F20,rectangle,vertical,289.1008363345452,197,289.1008363345452,251,0.05197407079453148,0.25,289.1008363345452,208.17540750759477,289.1008363345452,239.78374011797362,31.608332610378863,0
G3172,input_image.png,F20,rectangle,vertical,289.2056778902161,197,289.2056778902161,251,0.05197407079453148,0.25,289.2056778902161,208.1831681735442,289.2056778902161,239.77331165579275,31.590143482248543,0
G3173,input_image.png,F20,rectangle,vertical,289.3105194458871,197,289.3105194458871,251,0.05197407079453148,0.25,289.3105194458871,208.19097880131724,289.3105194458871,239.76289297803334,31.571914176716085,0
G3174,input_image.png,F20,rectangle,vertical,289.4153610015581,197,289.4153610015581,251,0.05197407079453148,0.25,289.4153610015581,208.19883987494026,289.4153610015581,239.7524840709316,31.553644195991332,0
G3175,input_image.png,F20,rectangle,vertical,289.520202557229,197,289.520202557229,251,0.05197407079453148,0.25,289.520202557229,208.20675188471216,289.520202557229,239.74208492074956,31.535333036037386,0
G3176,input_image.png,F20,rectangle,vertical,289.6250441129,197,289.6250441129,251,0.05197407079453148,0.25,289.6250441129,208.21471532730638,289.6250441129,239.73169551377498,31.516980186468587,0
G3177,input_image.png,F20,rectangle,vertical,289.729885668571,197,289.729885668571,251,0.05197407079453148,0.25,289.729885668571,208.22273070587474,289.729885668571,239.72131583632134,31.498585130446592,0
G3178,input_image.png,F20,rectangle,vertical,289.83472722424193,197,289.83472722424193,251,0.05197407079453148,0.25,289.83472722424193,208.2307985301534,289.83472722424193,239.71094587472768,31.48014734457429,0
G3179,input_image.png,F20,rectangle,vertical,289.9395687799129,197,289.9395687799129,251,0.05197407079453148,0.25,289.9395687799129,208.23891931657104,289.9395687799129,239.7005856153587,31.461666298787662,0
G3180,input_image.png,F20,rectangle,vertical,290.0444103355839,197,290.0444103355839,251,0.05197407079453148,0.25,290.0444103355839,208.25070387793525,290.0444103355839,239.68798357461057,31.43727969667532,0
G3181,input_image.png,F20,rectangle,vertical,290.14925189125483,197,290.14925189125483,251,0.05197407079453148,0.25,290.14925189125483,208.26752250880895,290.14925189125483,239.6723111420487,31.404788633239754,0
G3182,input_image.png,F20,rectangle,vertical,290.2540934469258,197,290.2540934469258,251,0.05197407079453148,0.25,290.2540934469258,208.28449150877836,290.2540934469258,239.65662534702523,31.372133838246867,0
G3183,input_image.png,F20,rectangle,vertical,290.3589350025968,197,290.3589350025968,251,0.05197407079453148,0.25,290.3589350025968,208.30161290348963,290.3589350025968,239.64092617244344,31.33931326895381,0
G3184,input_image.png,F20,rectangle,vertical,290.46377655826774,197,290.46377655826774,251,0.05197407079453148,0.25,290.46377655826774,208.31888875513673,290.46377655826774,239.62521360117745,31.306324846040702,0
G3185,input_image.png,F20,rectangle,vertical,290.5686181139387,197,290.5686181139387,251,0.05197407079453148,0.25,290.5686181139387,208.33632116328954,290.5686181139387,239.60948761607204,31.273166452782505,0
G3186,input_image.png,F20,rectangle,vertical,290.6734596696097,197,290.6734596696097,251,0.05197407079453148,0.25,290.6734596696097,208.35391226574438,290.6734596696097,239.59374819994287,31.239835934198474,0
G3187,input_image.png,F20,rectangle,vertical,290.77830122528064,197,290.77830122528064,251,0.05197407079453148,0.25,290.77830122528064,208.37166423939797,290.77830122528064,239.57799533557602,31.20633109617804,0
G3188,input_image.png,F20,rectangle,vertical,290.88314278095163,197,290.88314278095163,251,0.05197407079453148,0.25,290.88314278095163,208.3895793011456,290.88314278095163,239.5622290057283,31.172649704582703,0
G3189,input_image.png,F20,rectangle,vertical,290.9879843366226,197,290.9879843366226,251,0.05197407079453148,0.25,290.9879843366226,208.40765970880386,290.9879843366226,239.546449193127,31.138789484323123,0
G3190,input_image.png,F20,rectangle,vertical,291.09282589229355,197,291.09282589229355,251,0.05197407079453148,0.25,291.09282589229355,208.43564011469965,291.09282589229355,239.52629024877996,31.090650134080292,0
G3191,input_image.png,F20,rectangle,vertical,291.19766744796453,197,291.19766744796453,251,0.05197407079453148,0.25,291.19766744796453,208.46527877467568,291.19766744796453,239.5054959776611,31.040217202985424,0
G3192,input_image.png,F20,rectangle,vertical,291.3025090036355,197,291.3025090036355,251,0.05197407079453148,0.25,291.3025090036355,208.49533833244047,291.3025090036355,239.48462765394288,30.9892893215024,0
G3193,input_image.png,F20,rectangle,vertical,291.40735055930645,197,291.40735055930645,251,0.05197407079453148,0.25,291.40735055930645,208.52582781784707,291.40735055930645,239.46368488134522,30.937857063498157,0
G3194,input_image.png,F20,rectangle,vertical,291.51219211497744,197,291.51219211497744,251,0.05197407079453148,0.25,291.51219211497744,208.55675652090855,291.51219211497744,239.44266726075563,30.88591073984707,0
G3195,input_image.png,F20,rectangle,vertical,291.6170336706484,197,291.6170336706484,251,0.05197407079453148,0.25,291.6170336706484,208.58813400123512,291.6170336706484,239.42157439020355,30.833440388968434,0
G3196,input_image.png,F20,rectangle,vertical,291.72187522631936,197,291.72187522631936,251,0.05197407079453148,0.25,291.72187522631936,208.61997009788544,291.72187522631936,239.40040586483505,30.780435766949616,0
G3197,input_image.png,F20,rectangle,vertical,291.82671678199034,197,291.82671678199034,251,0.05197407079453148,0.25,291.82671678199034,208.65227493965284,291.82671678199034,239.37916127688663,30.726886337233793,0
G3198,input_image.png,F20,rectangle,vertical,291.93155833766133,197,291.93155833766133,251,0.05197407079453148,0.25,291.93155833766133,208.68505895580938,291.93155833766133,239.35784021565928,30.6727812598499,0
G3199,input_image.png,F20,rectangle,vertical,292.03639989333226,197,292.03639989333226,251,0.05197407079453148,0.25,292.03639989333226,208.7236748436683,292.03639989333226,239.33447980112106,30.610804957452753,0
G3200,input_image.png,F20,rectangle,vertical,292.14124144900325,197,292.14124144900325,251,0.05197407079453148,0.25,292.14124144900325,208.77313957962843,292.14124144900325,239.30726382211952,30.53412424249108,0
G3201,input_image.png,F21,rectangle,horizontal,5,279.929041393768,59,279.929041393768,0.05197407079453148,0.25,21.64230720758022,279.929041393768,46.30345242788043,279.929041393768,24.66114522030021,0
G3202,input_image.png,F21,rectangle,horizontal,5,280.13336945974856,59,280.13336945974856,0.05197407079453148,0.25,21.59433918622597,280.13336945974856,46.263600735901086,280.13336945974856,24.669261549675117,0
G3203,input_image.png,F21,rectangle,horizontal,5,280.3376975257291,59,280.3376975257291,0.05197407079453148,0.25,21.545719147595406,280.3376975257291,46.22240672978367,280.3376975257291,24.676687582188265,0
G3204,input_image.png,F21,rectangle,horizontal,5,280.54202559170966,59,280.54202559170966,0.05197407079453148,0.25,21.495024965207097,280.54202559170966,46.18257100016283,280.54202559170966,24.687546034955734,0
G3205,input_image.png,F21,rectangle,horizontal,5,280.74635365769024,59,280.74635365769024,0.05197407079453148,0.25,21.442121021025184,280.74635365769024,46.14402745760098,280.74635365769024,24.701906436575793,0
G3206,input_image.png,F21,rectangle,horizontal,5,280.95068172367075,59,280.95068172367075,0.05197407079453148,0.25,21.386859610392506,280.95068172367075,46.10671423183393,280.95068172367075,24.71985462144142,0
G3207,input_image.png,F21,rectangle,horizontal,5,281.15500978965133,59,281.15500978965133,0.05197407079453148,0.25,21.33411506176148,281.15500978965133,46.065638123111384,281.15500978965133,24.731523061349904,0
G3208,input_image.png,F21,rectangle,horizontal,5,281.3593378556319,59,281.3593378556319,0.05197407079453148,0.25,21.280731971570777,281.3593378556319,46.024044316034626,281.3593378556319,24.74331234446385,0
G3209,input_image.png,F21,rectangle,horizontal,5,281.5636659216124,59,281.5636659216124,0.05197407079453148,0.25,21.225024289178872,281.5636659216124,45.9759926348382,281.5636659216124,24.750968345659327,0
G3210,input_image.png,F21,rectangle,horizontal,5,281.767993987593,59,281.767993987593,0.05197407079453148,0.25,21.166836796851225,281.767993987593,45.919302318960796,281.767993987593,24.75246552210957,0
G3211,input_image.png,F21,rectangle,horizontal,5,281.9723220535736,59,281.9723220535736,0.05197407079453148,0.25,21.106000143341802,281.9723220535736,45.865013805124406,281.9723220535736,24.759013661782603,0
G3212,input_image.png,F21,rectangle,horizontal,5,282.1766501195541,59,282.1766501195541,0.05197407079453148,0.25,21.04683917419882,282.1766501195541,45.80763880106949,282.1766501195541,24.760799626870668,0
G3213,input_image.png,F21,rectangle,horizontal,5,282.3809781855347,59,282.3809781855347,0.05197407079453148,0.25,20.990204091171144,282.3809781855347,45.7519000617639,282.3809781855347,24.761695970592754,0
G3214,input_image.png,F21,rectangle,horizontal,5,282.58530625151525,59,282.58530625151525,0.05197407079453148,0.25,20.946867524736582,282.58530625151525,45.69850397166815,282.58530625151525,24.75163644693157,0
G3215,input_image.png,F21,rectangle,horizontal,5,282.78963431749577,59,282.78963431749577,0.05197407079453148,0.25,20.902417543233085,282.78963431749577,45.647305881357966,282.78963431749577,24.74488833812488,0
G3216,input_image.png,F21,rectangle,horizontal,5,282.99396238347634,59,282.99396238347634,0.05197407079453148,0.25,20.856810679016704,282.99396238347634,45.59817280996133,282.99396238347634,24.74136213094463,0
G3217,input_image.png,F21,rectangle,horizontal,5,283.1982904494569,59,283.1982904494569,0.05197407079453148,0.25,20.813947690019283,283.1982904494569,45.54379320540229,283.1982904494569,24.729845515383005,0
G3218,input_image.png,F21,rectangle,horizontal,5,283.40261851543744,59,283.40261851543744,0.05197407079453148,0.25,20.76976608408916,283.40261851543744,45.4915415293218,283.40261851543744,24.72177544523264,0
G3219,input_image.png,F21,rectangle,horizontal,5,283.606946581418,59,283.606946581418,0.05197407079453148,0.25,20.724068926651636,283.606946581418,45.44149577543822,283.606946581418,24.71742684878658,0
G3220,input_image.png,F21,rectangle,horizontal,5,283.8112746473986,59,283.8112746473986,0.05197407079453148,0.25,20.676776875452873,283.8112746473986,45.39351913953932,283.8112746473986,24.71674226408645,0
G3221,input_image.png,F21,rectangle,horizontal,5,284.0156027133791,59,284.0156027133791,0.05197407079453148,0.25,20.628071212156776,284.0156027133791,45.347203813571305,284.0156027133791,24.71913260141453,0
G3222,input_image.png,F21,rectangle,horizontal,5,284.2199307793597,59,284.2199307793597,0.05197407079453148,0.25,20.580752912386174,284.2199307793597,45.29923587223747,284.2199307793597,24.718482959851293,0
G3223,input_image.png,F21,rectangle,horizontal,5,284.42425884534026,59,284.42425884534026,0.05197407079453148,0.25,20.531434904369995,284.42425884534026,45.252876521815175,284.42425884534026,24.72144161744518,0
G3224,input_image.png,F21,rectangle,horizontal,5,284.6285869113208,59,284.6285869113208,0.05197407079453148,0.25,20.479987687873127,284.6285869113208,45.208046181228475,284.6285869113208,24.72805849335535,0
G3225,input_image.png,F21,rectangle,horizontal,5,284.83291497730136,59,284.83291497730136,0.05197407079453148,0.25,20.426270334119568,284.83291497730136,45.164670433675276,284.83291497730136,24.738400099555705,0
G3226,input_image.png,F21,rectangle,horizontal,5,285.03724304328193,59,285.03724304328193,0.05197407079453148,0.25,20.371328346626647,285.03724304328193,45.121889396644015,285.03724304328193,24.750561050017367,0
G3227,input_image.png,F21,rectangle,horizontal,5,285.24157110926245,59,285.24157110926245,0.05197407079453148,0.25,20.3194779278052,285.24157110926245,45.07678883563859,285.24157110926245,24.757310907833393,0
G3228,input_image.png,F21,rectangle,horizontal,5,285.445899175243,59,285.445899175243,0.05197407079453148,0.25,20.26540193558752,285.445899175243,45.032800881200714,285.445899175243,24.767398945613195,0
G3229,input_image.png,F21,rectangle,horizontal,5,285.6502272412236,59,285.6502272412236,0.05197407079453148,0.25,20.208953934968648,285.6502272412236,44.98533458025924,285.6502272412236,24.776380645290594,0
G3230,input_image.png,F21,rectangle,horizontal,5,285.8545553072041,59,285.8545553072041,0.05197407079453148,0.25,20.149974356319266,285.8545553072041,44.925355738954195,285.8545553072041,24.775381382634926,0
G3231,input_image.png,F21,rectangle,horizontal,5,286.0588833731847,59,286.0588833731847,0.05197407079453148,0.25,20.08973056445192,286.0588833731847,44.86652529957158,286.0588833731847,24.77679473511966,0
G3232,input_image.png,F21,rectangle,horizontal,5,286.2632114391653,59,286.2632114391653,0.05197407079453148,0.25,20.030400383646427,286.2632114391653,44.806830382937264,286.2632114391653,24.776429999290837,0
G3233,input_image.png,F21,rectangle,horizontal,5,286.4675395051458,59,286.4675395051458,0.05197407079453148,0.25,19.97835458756058,286.4675395051458,44.74970803148428,286.4675395051458,24.771353443923697,0
G3234,input_image.png,F21,rectangle,horizontal,5,286.67186757112637,59,286.67186757112637,0.05197407079453148,0.25,19.93461193005649,286.67186757112637,44.69499545508148,286.67186757112637,24.76038352502499,0
G3235,input_image.png,F21,rectangle,horizontal,5,286.87619563710695,59,286.87619563710695,0.05197407079453148,0.25,19.889751953327526,286.87619563710695,44.6425433148635,286.87619563710695,24.752791361535976,0
G3236,input_image.png,F21,rectangle,horizontal,5,287.08052370308747,59,287.08052370308747,0.05197407079453148,0.25,19.845353977341418,287.08052370308747,44.58959337748115,287.08052370308747,24.744239400139733,0
G3237,input_image.png,F21,rectangle,horizontal,5,287.28485176906804,59,287.28485176906804,0.05197407079453148,0.25,19.802116680800193,287.28485176906804,44.53495270680129,287.28485176906804,24.7328360260011,0
G3238,input_image.png,F21,rectangle,horizontal,5,287.4891798350486,59,287.4891798350486,0.05197407079453148,0.25,19.75742384315903,287.4891798350486,44.48264897401788,287.4891798350486,24.725225130858846,0
G3239,input_image.png,F21,rectangle,horizontal,5,287.69350790102914,59,287.69350790102914,0.05197407079453148,0.25,19.711200707060247,287.69350790102914,44.43253539460509,287.69350790102914,24.721334687544843,0
G3240,input_image.png,F21,rectangle,horizontal,5,287.8978359670097,59,287.8978359670097,0.05197407079453148,0.25,19.663367306537438,287.8978359670097,44.384477224778315,287.8978359670097,24.721109918240877,0
G3241,input_image.png,F21,rectangle,horizontal,5,288.1021640329903,59,288.1021640329903,0.05197407079453148,0.25,19.61552281019563,288.1021640329903,44.336632725850315,288.1021640329903,24.721109915654687,0
G3242,input_image.png,F21,rectangle,horizontal,5,288.30649209897086,59,288.30649209897086,0.05197407079453148,0.25,19.567464643324755,288.30649209897086,44.28879932306261,288.30649209897086,24.721334679737858,0
G3243,input_image.png,F21,rectangle,horizontal,5,288.5108201649514,59,288.5108201649514,0.05197407079453148,0.25,19.5173510670938,288.5108201649514,44.24257618483532,288.5108201649514,24.725225117741523,0
G3244,input_image.png,F21,rectangle,horizontal,5,288.71514823093196,59,288.71514823093196,0.05197407079453148,0.25,19.46504733773962,288.71514823093196,44.197883345192324,288.71514823093196,24.732836007452704,0
G3245,input_image.png,F21,rectangle,horizontal,5,288.91947629691253,59,288.91947629691253,0.05197407079453148,0.25,19.410406670760402,288.91947629691253,44.15464604676704,288.91947629691253,24.74423937600664,0
G3246,input_image.png,F21,rectangle,horizontal,5,289.12380436289305,59,289.12380436289305,0.05197407079453148,0.25,19.35745673758997,289.12380436289305,44.110248069104266,289.12380436289305,24.752791331514295,0
G3247,input_image.png,F21,rectangle,horizontal,5,289.32813242887363,59,289.32813242887363,0.05197407079453148,0.25,19.305004602050307,289.32813242887363,44.06538809084811,289.32813242887363,24.760383488797803,0
G3248,input_image.png,F21,rectangle,horizontal,5,289.5324604948542,59,289.5324604948542,0.05197407079453148,0.25,19.250292030684662,289.5324604948542,44.021645431893866,289.5324604948542,24.771353401209204,0
G3249,input_image.png,F21,rectangle,horizontal,5,289.7367885608347,59,289.7367885608347,0.05197407079453148,0.25,19.19316968466201,289.7367885608347,43.96959964254086,289.7367885608347,24.776429957878847,0
G3250,input_image.png,F21,rectangle,horizontal,5,289.9411166268153,59,289.9411166268153,0.05197407079453148,0.25,19.13347477388959,289.9411166268153,43.91026945971052,289.9411166268153,24.77679468582093,0
G3251,input_image.png,F21,rectangle,horizontal,5,290.1454446927959,59,290.1454446927959,0.05197407079453148,0.25,19.07464434141103,290.1454446927959,43.85002566594743,290.1454446927959,24.775381324536397,0
G3252,input_image.png,F21,rectangle,horizontal,5,290.3497727587764,59,290.3497727587764,0.05197407079453148,0.25,19.01466550778749,290.3497727587764,43.79104608553693,290.3497727587764,24.776380577749435,0
G3253,input_image.png,F21,rectangle,horizontal,5,290.554100824757,59,290.554100824757,0.05197407079453148,0.25,18.96719918473684,290.554100824757,43.734598083288255,290.554100824757,24.767398898551413,0
G3254,input_image.png,F21,rectangle,horizontal,5,290.75842889073755,59,290.75842889073755,0.05197407079453148,0.25,18.923211235847262,290.75842889073755,43.68052208956038,290.75842889073755,24.757310853713115,0
G3255,input_image.png,F21,rectangle,horizontal,5,290.96275695671807,59,290.96275695671807,0.05197407079453148,0.25,18.878110680688224,290.96275695671807,43.62867166933785,290.96275695671807,24.750560988649625,0
G3256,input_image.png,F21,rectangle,horizontal,5,291.16708502269864,59,291.16708502269864,0.05197407079453148,0.25,18.83532965060594,291.16708502269864,43.5737296805319,291.16708502269864,24.73840002992596,0
G3257,input_image.png,F21,rectangle,horizontal,5,291.3714130886792,59,291.3714130886792,0.05197407079453148,0.25,18.791953910637005,291.3714130886792,43.52001232558319,291.3714130886792,24.728058414946183,0
G3258,input_image.png,F21,rectangle,horizontal,5,291.57574115465974,59,291.57574115465974,0.05197407079453148,0.25,18.74712357814201,291.57574115465974,43.468565108002885,291.57574115465974,24.721441529860876,0
G3259,input_image.png,F21,rectangle,horizontal,5,291.7800692206403,59,291.7800692206403,0.05197407079453148,0.25,18.700764236357983,291.7800692206403,43.41924709900433,291.7800692206403,24.718482862646347,0
G3260,input_image.png,F21,rectangle,horizontal,5,291.9843972866209,59,291.9843972866209,0.05197407079453148,0.25,18.652796304251737,291.9843972866209,43.37192879834292,291.9843972866209,24.719132494091184,0
G3261,input_image.png,F21,rectangle,horizontal,5,292.1887253526014,59,292.1887253526014,0.05197407079453148,0.25,18.60648098940109,292.1887253526014,43.323223134125264,292.1887253526014,24.71674214472418,0
G3262,input_image.png,F21,rectangle,horizontal,5,292.393053418582,59,292.393053418582,0.05197407079453148,0.25,18.558504365571803,292.393053418582,43.27593108206728,292.393053418582,24.71742671649548,0
G3263,input_image.png,F21,rectangle,horizontal,5,292.59738148456256,59,292.59738148456256,0.05197407079453148,0.25,18.50845862469273,292.59738148456256,43.23023392383652,292.59738148456256,24.721775299143793,0
G3264,input_image.png,F21,rectangle,horizontal,5,292.8017095505431,59,292.8017095505431,0.05197407079453148,0.25,18.456206962641467,292.8017095505431,43.186052317174045,292.8017095505431,24.72984535453258,0
G3265,input_image.png,F21,rectangle,horizontal,5,293.00603761652366,59,293.00603761652366,0.05197407079453148,0.25,18.401827373222034,293.00603761652366,43.1431893275006,293.00603761652366,24.741361954278567,0
G3266,input_image.png,F21,rectangle,horizontal,5,293.21036568250423,59,293.21036568250423,0.05197407079453148,0.25,18.3526943176289,293.21036568250423,43.09758246266207,293.21036568250423,24.74488814503317,0
G3267,input_image.png,F21,rectangle,horizontal,5,293.41469374848475,59,293.41469374848475,0.05197407079453148,0.25,18.301496244297383,293.41469374848475,43.05313248058332,293.41469374848475,24.75163623628594,0
G3268,input_image.png,F21,rectangle,horizontal,5,293.6190218144653,59,293.6190218144653,0.05197407079453148,0.25,18.248100172464753,293.6190218144653,43.0097959136175,293.6190218144653,24.76169574115275,0
G3269,input_image.png,F21,rectangle,horizontal,5,293.8233498804459,59,293.8233498804459,0.05197407079453148,0.25,18.192361452828635,293.8233498804459,42.953160832095236,293.8233498804459,24.7607993792666,0
G3270,input_image.png,F21,rectangle,horizontal,5,294.0276779464264,59,294.0276779464264,0.05197407079453148,0.25,18.13498646963017,294.0276779464264,42.893999862342596,294.0276779464264,24.759013392712426,0
G3271,input_image.png,F21,rectangle,horizontal,5,294.232006012407,59,294.232006012407,0.05197407079453148,0.25,18.080697975907455,294.232006012407,42.83316320826515,294.232006012407,24.752465232357693,0
G3272,input_image.png,F21,rectangle,horizontal,5,294.4363340783876,59,294.4363340783876,0.05197407079453148,0.25,18.024007681686328,294.4363340783876,42.77497571542875,294.4363340783876,24.750968033742424,0
G3273,input_image.png,F21,rectangle,horizontal,5,294.6406621443681,59,294.6406621443681,0.05197407079453148,0.25,17.975955915942293,294.6406621443681,42.71926803258142,294.6406621443681,24.743312116639125,0
G3274,input_image.png,F21,rectangle,horizontal,5,294.84499021034867,59,294.84499021034867,0.05197407079453148,0.25,17.93436212359063,294.84499021034867,42.66588494198333,294.84499021034867,24.731522818392698,0
G3275,input_image.png,F21,rectangle,horizontal,5,295.04931827632925,59,295.04931827632925,0.05197407079453148,0.25,17.893286029502484,295.04931827632925,42.61314039298193,295.04931827632925,24.71985436347945,0
G3276,input_image.png,F21,rectangle,horizontal,5,295.25364634230976,59,295.25364634230976,0.05197407079453148,0.25,17.85597281624402,295.25364634230976,42.55787898199866,295.25364634230976,24.701906165754643,0
G3277,input_image.png,F21,rectangle,horizontal,5,295.45797440829034,59,295.45797440829034,0.05197407079453148,0.25,17.817429286902353,295.45797440829034,42.50497503750231,295.45797440829034,24.68754575059996,0
G3278,input_image.png,F21,rectangle,horizontal,5,295.6623024742709,59,295.6623024742709,0.05197407079453148,0.25,17.777593571264376,295.6623024742709,42.454280854832156,295.6623024742709,24.67668728356778,0
G3279,input_image.png,F21,rectangle,horizontal,5,295.86663054025144,59,295.86663054025144,0.05197407079453148,0.25,17.736399579948134,295.86663054025144,42.40566081594916,295.86663054025144,24.669261236001027,0
G3280,input_image.png,F21,rectangle,horizontal,5,296.070958606232,59,296.070958606232,0.05197407079453148,0.25,17.69654790124629,296.070958606232,42.35769279436529,296.070958606232,24.661144893119,0
G3281,input_image.png,F21,rectangle,vertical,26.05691273160349,261,26.05691273160349,315,0.05197407079453148,0.25,26.05691273160349,269.8885580653231,26.05691273160349,303.76760336696407,33.87904530164096,0
G3282,input_image.png,F21,rectangle,vertical,26.207370637132517,261,26.207370637132517,315,0.05197407079453148,0.25,26.207370637132517,269.879425723977,26.207370637132517,303.8084905799714,33.92906485599435,0
G3283,input_image.png,F21,rectangle,vertical,26.357828542661544,261,26.357828542661544,315,0.05197407079453148,0.25,26.357828542661544,269.8705933047891,26.357828542661544,303.8506769899999,33.980083685210815,0
G3284,input_image.png,F21,rectangle,vertical,26.508286448190567,261,26.508286448190567,315,0.05197407079453148,0.25,26.508286448190567,269.86204627150033,26.508286448190567,303.89422551999826,34.03217924849791,0
G3285,input_image.png,F21,rectangle,vertical,26.658744353719594,261,26.658744353719594,315,0.05197407079453148,0.25,26.658744353719594,269.8537710122845,26.658744353719594,303.93920322291774,34.085432210633265,0
G3286,input_image.png,F21,rectangle,vertical,26.809202259248618,261,26.809202259248618,315,0.05197407079453148,0.25,26.809202259248618,269.8457547674114,26.809202259248618,303.98568162621086,34.13992685879943,0
G3287,input_image.png,F21,rectangle,vertical,26.959660164777645,261,26.959660164777645,315,0.05197407079453148,0.25,26.959660164777645,269.83798556359835,26.959660164777645,304.02304755880084,34.18506199520251,0
G3288,input_image.png,F21,rectangle,vertical,27.11011807030667,261,27.11011807030667,315,0.05197407079453148,0.25,27.11011807030667,269.8457301521889,27.11011807030667,304.0543871040008,34.208656951811925,0
G3289,input_image.png,F21,rectangle,vertical,27.260575975835696,261,27.260575975835696,315,0.05197407079453148,0.25,27.260575975835696,269.85875675561977,27.260575975835696,304.08559555211616,34.22683879649637,0
G3290,input_image.png,F21,rectangle,vertical,27.411033881364723,261,27.411033881364723,315,0.05197407079453148,0.25,27.411033881364723,269.8714000664335,27.411033881364723,304.11747127864646,34.24607121221293,0
G3291,input_image.png,F21,rectangle,vertical,27.561491786893747,261,27.561491786893747,315,0.05197407079453148,0.25,27.561491786893747,269.8836767562659,27.561491786893747,304.1500359158139,34.26635915954793,0
G3292,input_image.png,F21,rectangle,vertical,27.71194969242277,261,27.71194969242277,315,0.05197407079453148,0.25,27.71194969242277,269.89560254370815,27.71194969242277,304.18331204110325,34.28770949739512,0
G3293,input_image.png,F21,rectangle,vertical,27.862407597951798,261,27.862407597951798,315,0.05197407079453148,0.25,27.862407597951798,269.9071922614488,27.862407597951798,304.2173232294639,34.3101309680151,0
G3294,input_image.png,F21,rectangle,vertical,28.012865503480825,261,28.012865503480825,315,0.05197407079453148,0.25,28.012865503480825,269.9194703187538,28.012865503480825,304.2518700837851,34.332399765031305,0
G3295,input_image.png,F21,rectangle,vertical,28.16332340900985,261,28.16332340900985,315,0.05197407079453148,0.25,28.16332340900985,269.942127315481,28.16332340900985,304.284880284098,34.34275296861695,0
G3296,input_image.png,F21,rectangle,vertical,28.313781314538872,261,28.313781314538872,315,0.05197407079453148,0.25,28.313781314538872,269.96427400528717,28.313781314538872,304.31884799928923,34.354573994002074,0
G3297,input_image.png,F21,rectangle,vertical,28.4642392200679,261,28.4642392200679,315,0.05197407079453148,0.25,28.4642392200679,269.98592743675687,28.4642392200679,304.3538155039091,34.36788806715226,0
G3298,input_image.png,F21,rectangle,vertical,28.614697125596926,261,28.614697125596926,315,0.05197407079453148,0.25,28.614697125596926,270.0104355579032,28.614697125596926,304.3898275982562,34.37939204035298,0
G3299,input_image.png,F21,rectangle,vertical,28.76515503112595,261,28.76515503112595,315,0.05197407079453148,0.25,28.76515503112595,270.04065680863675,28.76515503112595,304.426931799868,34.38627499123127,0
G3300,input_image.png,F21,rectangle,vertical,28.915612936654977,261,28.915612936654977,315,0.05197407079453148,0.25,28.915612936654977,270.06992902959126,28.915612936654977,304.4651785527011,34.395249523109825,0
G3301,input_image.png,F21,rectangle,vertical,29.066070842184,261,29.066070842184,315,0.05197407079453148,0.25,29.066070842184,270.102790967616,29.066070842184,304.502553041263,34.39976207364701,0
G3302,input_image.png,F21,rectangle,vertical,29.216528747713028,261,29.216528747713028,315,0.05197407079453148,0.25,29.216528747713028,270.1402384915563,29.216528747713028,304.53838072613866,34.39814223458235,0
G3303,input_image.png,F21,rectangle,vertical,29.36698665324205,261,29.36698665324205,315,0.05197407079453148,0.25,29.36698665324205,270.1764745295188,29.36698665324205,304.57529120667857,34.398816677159736,0
G3304,input_image.png,F21,rectangle,vertical,29.51744455877108,261,29.51744455877108,315,0.05197407079453148,0.25,29.51744455877108,270.21155693586365,29.51744455877108,304.6133343229147,34.40177738705099,0
G3305,input_image.png,F21,rectangle,vertical,29.667902464300106,261,29.667902464300106,315,0.05197407079453148,0.25,29.667902464300106,270.2455399389014,29.667902464300106,304.6525630213256,34.407023082424175,0
G3306,input_image.png,F21,rectangle,vertical,29.81836036982913,261,29.81836036982913,315,0.05197407079453148,0.25,29.81836036982913,270.2784744205906,29.81836036982913,304.6930336006919,34.41455918010122,0
G3307,input_image.png,F21,rectangle,vertical,29.968818275358156,261,29.968818275358156,315,0.05197407079453148,0.25,29.968818275358156,270.31040817074,29.968818275358156,304.7348059816768,34.42439781093678,0
G3308,input_image.png,F21,rectangle,vertical,30.11927618088718,261,30.11927618088718,315,0.05197407079453148,0.25,30.11927618088718,270.34669755902877,30.11927618088718,304.774789935547,34.42809237651822,0
G3309,input_image.png,F21,rectangle,vertical,30.269734086416207,261,30.269734086416207,315,0.05197407079453148,0.25,30.269734086416207,270.3832268760573,30.269734086416207,304.8152018686997,34.43197499264245,0
G3310,input_image.png,F21,rectangle,vertical,30.42019199194523,261,30.42019199194523,315,0.05197407079453148,0.25,30.42019199194523,270.4186336041387,30.42019199194523,304.85690535751723,34.43827175337855,0
G3311,input_image.png,F21,rectangle,vertical,30.570649897474258,261,30.570649897474258,315,0.05197407079453148,0.25,30.570649897474258,270.4529687078929,30.570649897474258,304.89996332420145,34.44699461630851,0
G3312,input_image.png,F21,rectangle,vertical,30.72110780300328,261,30.72110780300328,315,0.05197407079453148,0.25,30.72110780300328,270.4862801129267,30.72110780300328,304.9444428456956,34.458162732768926,0
G3313,input_image.png,F21,rectangle,vertical,30.87156570853231,261,30.87156570853231,315,0.05197407079453148,0.25,30.87156570853231,270.5186129290262,30.87156570853231,304.99041550236126,34.471802573335054,0
G3314,input_image.png,F21,rectangle,vertical,31.022023614061332,261,31.022023614061332,315,0.05197407079453148,0.25,31.022023614061332,270.55087699983113,31.022023614061332,305.0254176380929,34.474540638261786,0
G3315,input_image.png,F21,rectangle,vertical,31.17248151959036,261,31.17248151959036,315,0.05197407079453148,0.25,31.17248151959036,270.58717472535614,31.17248151959036,305.0552637712708,34.468089045914695,0
G3316,input_image.png,F21,rectangle,vertical,31.322939425119387,261,31.322939425119387,315,0.05197407079453148,0.25,31.322939425119387,270.6223987301235,31.322939425119387,305.08573698959594,34.46333825947245,0
G3317,input_image.png,F21,rectangle,vertical,31.47339733064841,261,31.47339733064841,315,0.05197407079453148,0.25,31.47339733064841,270.6565959622489,31.47339733064841,305.11685726604264,34.46026130379373,0
G3318,input_image.png,F21,rectangle,vertical,31.623855236177437,261,31.623855236177437,315,0.05197407079453148,0.25,31.623855236177437,270.689810672111,31.623855236177437,305.14864543088584,34.45883475877488,0
G3319,input_image.png,F21,rectangle,vertical,31.77431314170646,261,31.77431314170646,315,0.05197407079453148,0.25,31.77431314170646,270.7220846033792,31.77431314170646,305.18112321819774,34.45903861481857,0
G3320,input_image.png,F21,rectangle,vertical,31.924771047235488,261,31.924771047235488,315,0.05197407079453148,0.25,31.924771047235488,270.7534571680362,31.924771047235488,305.2143133154033,34.46085614736703,0
G3321,input_image.png,F21,rectangle,vertical,32.07522895276451,261,32.07522895276451,315,0.05197407079453148,0.25,32.07522895276451,270.7856866845967,32.07522895276451,305.2465428319403,34.46085614734355,0
G3322,input_image.png,F21,rectangle,vertical,32.225686858293535,261,32.225686858293535,315,0.05197407079453148,0.25,32.225686858293535,270.8188767818022,32.225686858293535,305.2779153965523,34.4590386147501,0
G3323,input_image.png,F21,rectangle,vertical,32.376144763822566,261,32.376144763822566,315,0.05197407079453148,0.25,32.376144763822566,270.8513545691141,32.376144763822566,305.3101893277784,34.45883475866431,0
G3324,input_image.png,F21,rectangle,vertical,32.52660266935159,261,32.52660266935159,315,0.05197407079453148,0.25,32.52660266935159,270.88314273395736,32.52660266935159,305.3434040376016,34.46026130364424,0
G3325,input_image.png,F21,rectangle,vertical,32.67706057488061,261,32.67706057488061,315,0.05197407079453148,0.25,32.67706057488061,270.91426301040406,32.67706057488061,305.3776012696916,34.46333825928757,0
G3326,input_image.png,F21,rectangle,vertical,32.82751848040964,261,32.82751848040964,315,0.05197407079453148,0.25,32.82751848040964,270.9447362287292,32.82751848040964,305.4128252744275,34.46808904569832,0
G3327,input_image.png,F21,rectangle,vertical,32.97797638593867,261,32.97797638593867,315,0.05197407079453148,0.25,32.97797638593867,270.9745823619071,32.97797638593867,305.4491229999253,34.474540638018226,0
G3328,input_image.png,F21,rectangle,vertical,33.12843429146769,261,33.12843429146769,315,0.05197407079453148,0.25,33.12843429146769,271.00958449763874,33.12843429146769,305.4813870707664,34.471802573127675,0
G3329,input_image.png,F21,rectangle,vertical,33.278892196996715,261,33.278892196996715,315,0.05197407079453148,0.25,33.278892196996715,271.0555571543044,33.278892196996715,305.51371988691005,34.45816273260564,0
G3330,input_image.png,F21,rectangle,vertical,33.429350102525746,261,33.429350102525746,315,0.05197407079453148,0.25,33.429350102525746,271.10003667579855,33.429350102525746,305.54703129198487,34.44699461618632,0
G3331,input_image.png,F21,rectangle,vertical,33.57980800805477,261,33.57980800805477,315,0.05197407079453148,0.25,33.57980800805477,271.14309464248277,33.57980800805477,305.58136639577685,34.438271753294124,0
G3332,input_image.png,F21,rectangle,vertical,33.73026591358379,261,33.73026591358379,315,0.05197407079453148,0.25,33.73026591358379,271.1847981313003,33.73026591358379,305.61677312389236,34.431974992592075,0
G3333,input_image.png,F21,rectangle,vertical,33.880723819112816,261,33.880723819112816,315,0.05197407079453148,0.25,33.880723819112816,271.225210064453,33.880723819112816,305.6533024409507,34.428092376497744,0
G3334,input_image.png,F21,rectangle,vertical,34.03118172464185,261,34.03118172464185,315,0.05197407079453148,0.25,34.03118172464185,271.2651940183232,34.03118172464185,305.68959182926,34.42439781093678,0
G3335,input_image.png,F21,rectangle,vertical,34.18163963017087,261,34.18163963017087,315,0.05197407079453148,0.25,34.18163963017087,271.3069663993081,34.18163963017087,305.72152557940933,34.41455918010122,0
G3336,input_image.png,F21,rectangle,vertical,34.332097535699894,261,34.332097535699894,315,0.05197407079453148,0.25,34.332097535699894,271.34743697867447,34.332097535699894,305.7544600610986,34.407023082424175,0
G3337,input_image.png,F21,rectangle,vertical,34.48255544122892,261,34.48255544122892,315,0.05197407079453148,0.25,34.48255544122892,271.3866656770853,34.48255544122892,305.78844306413635,34.40177738705099,0
G3338,input_image.png,F21,rectangle,vertical,34.63301334675795,261,34.63301334675795,315,0.05197407079453148,0.25,34.63301334675795,271.42470879332143,34.63301334675795,305.8235254704812,34.398816677159736,0
G3339,input_image.png,F21,rectangle,vertical,34.78347125228697,261,34.78347125228697,315,0.05197407079453148,0.25,34.78347125228697,271.46161927386134,34.78347125228697,305.8597615084437,34.39814223458235,0
G3340,input_image.png,F21,rectangle,vertical,34.933929157815996,261,34.933929157815996,315,0.05197407079453148,0.25,34.933929157815996,271.497446958737,34.933929157815996,305.897209032384,34.39976207364701,0
G3341,input_image.png,F21,rectangle,vertical,35.08438706334502,261,35.08438706334502,315,0.05197407079453148,0.25,35.08438706334502,271.5348214472989,35.08438706334502,305.9300709704087,34.395249523109825,0
G3342,input_image.png,F21,rectangle,vertical,35.23484496887405,261,35.23484496887405,315,0.05197407079453148,0.25,35.23484496887405,271.573068200132,35.23484496887405,305.95934319136325,34.38627499123129,0
G3343,input_image.png,F21,rectangle,vertical,35.385302874403074,261,35.385302874403074,315,0.05197407079453148,0.25,35.385302874403074,271.6101724017438,35.385302874403074,305.9895644420968,34.37939204035301,0
G3344,input_image.png,F21,rectangle,vertical,35.5357607799321,261,35.5357607799321,315,0.05197407079453148,0.25,35.5357607799321,271.6461844960909,35.5357607799321,306.01407256324313,34.367888067152286,0
G3345,input_image.png,F21,rectangle,vertical,35.68621868546113,261,35.68621868546113,315,0.05197407079453148,0.25,35.68621868546113,271.6811520007107,35.68621868546113,306.03572599471283,34.35457399400211,0
G3346,input_image.png,F21,rectangle,vertical,35.83667659099015,261,35.83667659099015,315,0.05197407079453148,0.25,35.83667659099015,271.71511971590195,35.83667659099015,306.05787268451894,34.34275296861699,0
G3347,input_image.png,F21,rectangle,vertical,35.987134496519175,261,35.987134496519175,315,0.05197407079453148,0.25,35.987134496519175,271.74812991621485,35.987134496519175,306.08052968124616,34.332399765031354,0
G3348,input_image.png,F21,rectangle,vertical,36.1375924020482,261,36.1375924020482,315,0.05197407079453148,0.25,36.1375924020482,271.78267677053606,36.1375924020482,306.09280773854124,34.310130968005225,0
G3349,input_image.png,F21,rectangle,vertical,36.28805030757723,261,36.28805030757723,315,0.05197407079453148,0.25,36.28805030757723,271.8166879588967,36.28805030757723,306.10439745627104,34.287709497374365,0
G3350,input_image.png,F21,rectangle,vertical,36.43850821310625,261,36.43850821310625,315,0.05197407079453148,0.25,36.43850821310625,271.84996408418607,36.43850821310625,306.11632324370237,34.26635915951627,0
G3351,input_image.png,F21,rectangle,vertical,36.58896611863528,261,36.58896611863528,315,0.05197407079453148,0.25,36.58896611863528,271.88252872135354,36.58896611863528,306.12859993352384,34.24607121217036,0
G3352,input_image.png,F21,rectangle,vertical,36.73942402416431,261,36.73942402416431,315,0.05197407079453148,0.25,36.73942402416431,271.91440444788384,36.73942402416431,306.14124324432674,34.2268387964429,0
G3353,input_image.png,F21,rectangle,vertical,36.88988192969333,261,36.88988192969333,315,0.05197407079453148,0.25,36.88988192969333,271.94561289599915,36.88988192969333,306.1542698477467,34.20865695174757,0
G3354,input_image.png,F21,rectangle,vertical,37.040339835222355,261,37.040339835222355,315,0.05197407079453148,0.25,37.040339835222355,271.9769524411991,37.040339835222355,306.1620144363163,34.18506199511721,0
G3355,input_image.png,F21,rectangle,vertical,37.19079774075138,261,37.19079774075138,315,0.05197407079453148,0.25,37.19079774075138,272.01431837378914,37.19079774075138,306.15424523245315,34.139926858664005,0
G3356,input_image.png,F21,rectangle,vertical,37.34125564628041,261,37.34125564628041,315,0.05197407079453148,0.25,37.34125564628041,272.06079677708226,37.34125564628041,306.1462289875274,34.08543221044518,0
G3357,input_image.png,F21,rectangle,vertical,37.49171355180943,261,37.49171355180943,315,0.05197407079453148,0.25,37.49171355180943,272.10577448000174,37.49171355180943,306.1379537282562,34.03217924825445,0
G3358,input_image.png,F21,rectangle,vertical,37.642171457338456,261,37.642171457338456,315,0.05197407079453148,0.25,37.642171457338456,272.1493230100001,37.642171457338456,306.12940669490916,33.98008368490909,0
G3359,input_image.png,F21,rectangle,vertical,37.79262936286748,261,37.79262936286748,315,0.05197407079453148,0.25,37.79262936286748,272.1915094200286,37.79262936286748,306.12057427565986,33.929064855631246,0
G3360,input_image.png,F21,rectangle,vertical,37.94308726839651,261,37.94308726839651,315,0.05197407079453148,0.25,37.94308726839651,272.23239663303593,37.94308726839651,306.1114419342491,33.879045301213175,0
G3361,input_image.png,F22,ellipse,horizontal,69,282.97829285957494,123,282.97829285957494,0.05197407079453148,0.25,83.84829874596339,282.97829285957494,108.35058563094759,282.97829285957494,24.5022868849842,0
G3362,input_image.png,F22,ellipse,horizontal,69,283.1054246859148,123,283.1054246859148,0.05197407079453148,0.25,83.75079406775464,283.1054246859148,108.44565036485838,283.1054246859148,24.694856297103733,0
G3363,input_image.png,F22,ellipse,horizontal,69,283.23255651225463,123,283.23255651225463,0.05197407079453148,0.25,83.65608075377202,283.23255651225463,108.53824823976407,283.23255651225463,24.882167485992056,0
G3364,input_image.png,F22,ellipse,horizontal,69,283.35968833859454,123,283.35968833859454,0.05197407079453148,0.25,83.55919083385132,283.35968833859454,108.6331269427739,283.35968833859454,25.07393610892258,0
G3365,input_image.png,F22,ellipse,horizontal,69,283.4868201649344,123,283.4868201649344,0.05197407079453148,0.25,83.46004840498297,283.4868201649344,108.7303717951419,283.4868201649344,25.270323390158932,0
G3366,input_image.png,F22,ellipse,horizontal,69,283.6139519912743,123,283.6139519912743,0.05197407079453148,0.25,83.3585739934458,283.6139519912743,108.83007242745532,283.6139519912743,25.471498434009508,0
G3367,input_image.png,F22,ellipse,horizontal,69,283.74108381761414,123,283.74108381761414,0.05197407079453148,0.25,83.25468434233694,283.74108381761414,108.9323230551785,283.74108381761414,25.677638712841542,0
G3368,input_image.png,F22,ellipse,horizontal,69,283.86821564395404,123,283.86821564395404,0.05197407079453148,0.25,83.14829218374706,283.86821564395404,109.03119365985918,283.86821564395404,25.88290147611212,0
G3369,input_image.png,F22,ellipse,horizontal,69,283.9953474702939,123,283.9953474702939,0.05197407079453148,0.25,83.03930599427196,283.9953474702939,109.11988812495804,283.9953474702939,26.08058213068609,0
G3370,input_image.png,F22,ellipse,horizontal,69,284.1224792966338,123,284.1224792966338,0.05197407079453148,0.25,82.96347810574167,284.1224792966338,109.1854426561755,284.1224792966338,26.22196455043384,0
G3371,input_image.png,F22,ellipse,horizontal,69,284.24961112297365,123,284.24961112297365,0.05197407079453148,0.25,82.89418100345054,284.24961112297365,109.25074163313,284.24961112297365,26.356560629679464,0
G3372,input_image.png,F22,ellipse,horizontal,69,284.37674294931355,123,284.37674294931355,0.05197407079453148,0.25,82.82432028150272,284.37674294931355,109.31668652190478,284.37674294931355,26.49236624040207,0
G3373,input_image.png,F22,ellipse,horizontal,69,284.5038747756534,123,284.5038747756534,0.05197407079453148,0.25,82.75388903562157,284.5038747756534,109.38328695379315,284.5038747756534,26.629397918171588,0
G3374,input_image.png,F22,ellipse,horizontal,69,284.6310066019933,123,284.6310066019933,0.05197407079453148,0.25,82.68288024829914,284.6310066019933,109.45055275253,284.6310066019933,26.767672504230852,0
G3375,input_image.png,F22,ellipse,horizontal,69,284.75813842833315,123,284.75813842833315,0.05197407079453148,0.25,82.61128678646566,284.75813842833315,109.51849393912215,284.75813842833315,26.907207152656483,0
G3376,input_image.png,F22,ellipse,horizontal,69,284.88527025467306,123,284.88527025467306,0.05197407079453148,0.25,82.53910139910062,284.88527025467306,109.58712073682543,284.88527025467306,27.048019337724813,0
G3377,input_image.png,F22,ellipse,horizontal,69,285.0124020810129,123,285.0124020810129,0.05197407079453148,0.25,82.46843954335432,285.0124020810129,109.65431569333612,285.0124020810129,27.185876149981798,0
G3378,input_image.png,F22,ellipse,horizontal,69,285.1395339073528,123,285.1395339073528,0.05197407079453148,0.25,82.41675505619835,285.1395339073528,109.70249293144377,285.1395339073528,27.285737875245424,0
G3379,input_image.png,F22,ellipse,horizontal,69,285.26666573369266,123,285.26666573369266,0.05197407079453148,0.25,82.36435317403445,285.26666573369266,109.75131674540407,285.26666573369266,27.386963571369616,0
G3380,input_image.png,F22,ellipse,horizontal,69,285.39379756003257,123,285.39379756003257,0.05197407079453148,0.25,82.31121885601462,285.39379756003257,109.8008002394748,285.39379756003257,27.489581383460184,0
G3381,input_image.png,F22,ellipse,horizontal,69,285.5209293863724,123,285.5209293863724,0.05197407079453148,0.25,82.25733663787156,285.5209293863724,109.85095687443716,285.5209293863724,27.593620236565595,0
G3382,input_image.png,F22,ellipse,horizontal,69,285.6480612127123,123,285.6480612127123,0.05197407079453148,0.25,82.20269061691303,285.6480612127123,109.90180047980358,285.6480612127123,27.699109862890552,0
G3383,input_image.png,F22,ellipse,horizontal,69,285.77519303905217,123,285.77519303905217,0.05197407079453148,0.25,82.14726443637402,285.77519303905217,109.9533452665305,285.77519303905217,27.806080830156493,0
G3384,input_image.png,F22,ellipse,horizontal,69,285.9023248653921,123,285.9023248653921,0.05197407079453148,0.25,82.0910412690935,285.9023248653921,110.00470291994459,285.9023248653921,27.913661650851104,0
G3385,input_image.png,F22,ellipse,horizontal,69,286.0294566917319,123,286.0294566917319,0.05197407079453148,0.25,82.0392312417854,286.0294566917319,110.04433615958393,286.0294566917319,28.005104917798537,0
G3386,input_image.png,F22,ellipse,horizontal,69,286.1565885180718,123,286.1565885180718,0.05197407079453148,0.25,82.00420086763168,286.1565885180718,110.06916940139234,286.1565885180718,28.064968533760656,0
G3387,input_image.png,F22,ellipse,horizontal,69,286.2837203444117,123,286.2837203444117,0.05197407079453148,0.25,81.97388295928961,286.2837203444117,110.09408408788785,286.2837203444117,28.12020112859824,0
G3388,input_image.png,F22,ellipse,horizontal,69,286.4108521707515,123,286.4108521707515,0.05197407079453148,0.25,81.9441339404821,286.4108521707515,110.11908062039538,286.4108521707515,28.174946679913266,0
G3389,input_image.png,F22,ellipse,horizontal,69,286.53798399709143,123,286.53798399709143,0.05197407079453148,0.25,81.9142800518816,286.53798399709143,110.14415940288092,286.53798399709143,28.22987935099932,0
G3390,input_image.png,F22,ellipse,horizontal,69,286.6651158234313,123,286.6651158234313,0.05197407079453148,0.25,81.88432073798617,286.6651158234313,110.1693208419733,286.6651158234313,28.28500010398713,0
G3391,input_image.png,F22,ellipse,horizontal,69,286.7922476497712,123,286.7922476497712,0.05197407079453148,0.25,81.85425543936351,286.7922476497712,110.1945653469862,286.7922476497712,28.34030990762268,0
G3392,input_image.png,F22,ellipse,horizontal,69,286.91937947611103,123,286.91937947611103,0.05197407079453148,0.25,81.82408359261629,286.91937947611103,110.21989332994026,286.91937947611103,28.395809737323976,0
G3393,input_image.png,F22,ellipse,horizontal,69,287.04651130245094,123,287.04651130245094,0.05197407079453148,0.25,81.80063290144878,287.04651130245094,110.2383939165305,287.04651130245094,28.437761015081712,0
G3394,input_image.png,F22,ellipse,horizontal,69,287.1736431287908,123,287.1736431287908,0.05197407079453148,0.25,81.7889640944591,287.1736431287908,110.24494374512619,287.1736431287908,28.455979650667096,0
G3395,input_image.png,F22,ellipse,horizontal,69,287.3007749551307,123,287.3007749551307,0.05197407079453148,0.25,81.77726611976578,287.3007749551307,110.25149690867681,287.3007749551307,28.474230788911033,0
G3396,input_image.png,F22,ellipse,horizontal,69,287.42790678147054,123,287.42790678147054,0.05197407079453148,0.25,81.76553886786927,287.42790678147054,110.25805340973005,287.42790678147054,28.492514541860793,0
G3397,input_image.png,F22,ellipse,horizontal,69,287.55503860781045,123,287.55503860781045,0.05197407079453148,0.25,81.75378222872119,287.55503860781045,110.26461325083625,287.55503860781045,28.510831022115067,0
G3398,input_image.png,F22,ellipse,horizontal,69,287.6821704341503,123,287.6821704341503,0.05197407079453148,0.25,81.74199609172096,287.6821704341503,110.2711764345483,287.6821704341503,28.529180342827335,0
G3399,input_image.png,F22,ellipse,horizontal,69,287.8093022604902,123,287.8093022604902,0.05197407079453148,0.25,81.73018034571231,287.8093022604902,110.27774296342174,287.8093022604902,28.54756261770944,0
G3400,input_image.png,F22,ellipse,horizontal,69,287.93643408683005,123,287.93643408683005,0.05197407079453148,0.25,81.71833487897973,287.93643408683005,110.28431284001468,287.93643408683005,28.56597796103494,0
G3401,input_image.png,F22,ellipse,horizontal,69,288.06356591316995,123,288.06356591316995,0.05197407079453148,0.25,81.71568715979596,288.06356591316995,110.28166512080074,288.06356591316995,28.56597796100477,0
G3402,input_image.png,F22,ellipse,horizontal,69,288.1906977395098,123,288.1906977395098,0.05197407079453148,0.25,81.72225703644276,288.1906977395098,110.26981965406247,288.1906977395098,28.54756261761971,0
G3403,input_image.png,F22,ellipse,horizontal,69,288.3178295658497,123,288.3178295658497,0.05197407079453148,0.25,81.72882356536871,288.3178295658497,110.25800390804781,288.3178295658497,28.529180342679105,0
G3404,input_image.png,F22,ellipse,horizontal,69,288.44496139218955,123,288.44496139218955,0.05197407079453148,0.25,81.73538674913195,288.44496139218955,110.2462177710413,288.44496139218955,28.51083102190936,0
G3405,input_image.png,F22,ellipse,horizontal,69,288.57209321852946,123,288.57209321852946,0.05197407079453148,0.25,81.741946590288,288.57209321852946,110.23446113188666,288.57209321852946,28.492514541598666,0
G3406,input_image.png,F22,ellipse,horizontal,69,288.6992250448693,123,288.6992250448693,0.05197407079453148,0.25,81.74850309138975,288.6992250448693,110.22273387998327,288.6992250448693,28.474230788593523,0
G3407,input_image.png,F22,ellipse,horizontal,69,288.8263568712092,123,288.8263568712092,0.05197407079453148,0.25,81.75505625498754,288.8263568712092,110.21103590528278,288.8263568712092,28.455979650295248,0
G3408,input_image.png,F22,ellipse,horizontal,69,288.95348869754906,123,288.95348869754906,0.05197407079453148,0.25,81.7616060836291,288.95348869754906,110.19936709828566,288.95348869754906,28.437761014656562,0
G3409,input_image.png,F22,ellipse,horizontal,69,289.08062052388897,123,289.08062052388897,0.05197407079453148,0.25,81.78010667021492,289.08062052388897,110.17591640715915,289.08062052388897,28.395809736944233,0
G3410,input_image.png,F22,ellipse,horizontal,69,289.2077523502288,123,289.2077523502288,0.05197407079453148,0.25,81.80543465313848,289.2077523502288,110.1457445604745,289.2077523502288,28.340309907336014,0
G3411,input_image.png,F22,ellipse,horizontal,69,289.3348841765687,123,289.3348841765687,0.05197407079453148,0.25,81.83067915812374,289.3348841765687,110.11567926190654,289.3348841765687,28.285000103782792,0
G3412,input_image.png,F22,ellipse,horizontal,69,289.46201600290857,123,289.46201600290857,0.05197407079453148,0.25,81.85584059719133,289.46201600290857,110.08571994805797,289.46201600290857,28.229879350866653,0
G3413,input_image.png,F22,ellipse,horizontal,69,289.5891478292485,123,289.5891478292485,0.05197407079453148,0.25,81.8809193796549,289.5891478292485,110.05586605949665,289.5891478292485,28.174946679841746,0
G3414,input_image.png,F22,ellipse,horizontal,69,289.7162796555883,123,289.7162796555883,0.05197407079453148,0.25,81.90591591214323,289.7162796555883,110.02611704072068,289.7162796555883,28.120201128577442,0
G3415,input_image.png,F22,ellipse,horizontal,69,289.8434114819282,123,289.8434114819282,0.05197407079453148,0.25,81.93083059862232,289.8434114819282,109.99579913241183,289.8434114819282,28.064968533789504,0
G3416,input_image.png,F22,ellipse,horizontal,69,289.9705433082681,123,289.9705433082681,0.05197407079453148,0.25,81.95566384041705,289.9705433082681,109.96076875830329,289.9705433082681,28.00510491788625,0
G3417,input_image.png,F22,ellipse,horizontal,69,290.0976751346079,123,290.0976751346079,0.05197407079453148,0.25,81.99529708000438,290.0976751346079,109.90895873097895,290.0976751346079,27.913661650974568,0
G3418,input_image.png,F22,ellipse,horizontal,69,290.22480696094783,123,290.22480696094783,0.05197407079453148,0.25,82.04665473334138,290.22480696094783,109.85273556365345,290.22480696094783,27.806080830312055,0
G3419,input_image.png,F22,ellipse,horizontal,69,290.3519387872877,123,290.3519387872877,0.05197407079453148,0.25,82.09819952000704,290.3519387872877,109.79730938305771,290.3519387872877,27.699109863050666,0
G3420,input_image.png,F22,ellipse,horizontal,69,290.4790706136276,123,290.4790706136276,0.05197407079453148,0.25,82.14904312531658,290.4790706136276,109.74266336203121,290.4790706136276,27.59362023671462,0
G3421,input_image.png,F22,ellipse,horizontal,69,290.60620243996743,123,290.60620243996743,0.05197407079453148,0.25,82.19919976022628,290.60620243996743,109.68878114380941,290.60620243996743,27.489581383583126,0
G3422,input_image.png,F22,ellipse,horizontal,69,290.73333426630734,123,290.73333426630734,0.05197407079453148,0.25,82.24868325424845,290.73333426630734,109.63564682570055,290.73333426630734,27.386963571452096,0
G3423,input_image.png,F22,ellipse,horizontal,69,290.8604660926472,123,290.8604660926472,0.05197407079453148,0.25,82.2975070681641,290.8604660926472,109.58324494343775,290.8604660926472,27.285737875273657,0
G3424,input_image.png,F22,ellipse,horizontal,69,290.9875979189871,123,290.9875979189871,0.05197407079453148,0.25,82.34568430623091,290.9875979189871,109.53156045617348,290.9875979189871,27.18587614994258,0
G3425,input_image.png,F22,ellipse,horizontal,69,291.11472974532694,123,291.11472974532694,0.05197407079453148,0.25,82.4128792627248,291.11472974532694,109.46089860041249,291.11472974532694,27.04801933768769,0
G3426,input_image.png,F22,ellipse,horizontal,69,291.24186157166685,123,291.24186157166685,0.05197407079453148,0.25,82.48150606038581,291.24186157166685,109.38871321305788,291.24186157166685,26.907207152672065,0
G3427,input_image.png,F22,ellipse,horizontal,69,291.3689933980067,123,291.3689933980067,0.05197407079453148,0.25,82.54944724690728,291.3689933980067,109.31711975124969,291.3689933980067,26.76767250434243,0
G3428,input_image.png,F22,ellipse,horizontal,69,291.4961252243466,123,291.4961252243466,0.05197407079453148,0.25,82.61671304554584,291.4961252243466,109.24611096396706,291.4961252243466,26.629397918421223,0
G3429,input_image.png,F22,ellipse,horizontal,69,291.62325705068645,123,291.62325705068645,0.05197407079453148,0.25,82.68331347730916,291.62325705068645,109.17567971813982,291.62325705068645,26.492366240830655,0
G3430,input_image.png,F22,ellipse,horizontal,69,291.75038887702635,123,291.75038887702635,0.05197407079453148,0.25,82.74925836593297,291.75038887702635,109.1058189962597,291.75038887702635,26.35656063032674,0
G3431,input_image.png,F22,ellipse,horizontal,69,291.8775207033662,123,291.8775207033662,0.05197407079453148,0.25,82.81455734271131,291.8775207033662,109.03652189404974,291.8775207033662,26.221964551338417,0
G3432,input_image.png,F22,ellipse,horizontal,69,292.0046525297061,123,292.0046525297061,0.05197407079453148,0.25,82.88011187373758,292.0046525297061,108.96069400563522,292.0046525297061,26.080582131897643,0
G3433,input_image.png,F22,ellipse,horizontal,69,292.13178435604596,123,292.13178435604596,0.05197407079453148,0.25,82.96880633889216,292.13178435604596,108.8517078162844,292.13178435604596,25.882901477392227,0
G3434,input_image.png,F22,ellipse,horizontal,69,292.25891618238586,123,292.25891618238586,0.05197407079453148,0.25,83.06767694350351,292.25891618238586,108.74531565778136,292.25891618238586,25.677638714277847,0
G3435,input_image.png,F22,ellipse,horizontal,69,292.3860480087257,123,292.3860480087257,0.05197407079453148,0.25,83.16992757140187,292.3860480087257,108.64142600672443,292.3860480087257,25.471498435322555,0
G3436,input_image.png,F22,ellipse,horizontal,69,292.5131798350656,123,292.5131798350656,0.05197407079453148,0.25,83.26962820385155,292.5131798350656,108.53995159520659,292.5131798350656,25.270323391355042,0
G3437,input_image.png,F22,ellipse,horizontal,69,292.64031166140546,123,292.64031166140546,0.05197407079453148,0.25,83.36687305631966,292.64031166140546,108.44080916632721,292.64031166140546,25.07393611000755,0
G3438,input_image.png,F22,ellipse,horizontal,69,292.76744348774537,123,292.76744348774537,0.05197407079453148,0.25,83.4617517593959,292.76744348774537,108.34391924636714,292.76744348774537,24.882167486971234,0
G3439,input_image.png,F22,ellipse,horizontal,69,292.8945753140852,123,292.8945753140852,0.05197407079453148,0.25,83.55434963433666,292.8945753140852,108.24920593231869,292.8945753140852,24.694856297982042,0
G3440,input_image.png,F22,ellipse,horizontal,69,293.02170714042506,123,293.02170714042506,0.05197407079453148,0.25,83.64941436825036,293.02170714042506,108.1517012540366,293.02170714042506,24.502286885786233,0
G3441,input_image.png,F22,ellipse,vertical,88.90046052261742,261,88.90046052261742,315,0.05197407079453148,0.25,88.90046052261742,279.56878829158126,88.90046052261742,296.56956655030785,17.00077825872658,0
G3442,input_image.png,F22,ellipse,vertical,89.08019569926002,261,89.08019569926002,315,0.05197407079453148,0.25,89.08019569926002,279.49691364456305,89.08019569926002,296.6403609425647,17.143447298001632,0
G3443,input_image.png,F22,ellipse,vertical,89.25993087590263,261,89.25993087590263,315,0.05197407079453148,0.25,89.25993087590263,279.43191028032373,89.25993087590263,296.70430389299423,17.272393612670484,0
G3444,input_image.png,F22,ellipse,vertical,89.43966605254522,261,89.43966605254522,315,0.05197407079453148,0.25,89.43966605254522,279.3651816157404,89.43966605254522,296.76989654313974,17.40471492739932,0
G3445,input_image.png,F22,ellipse,vertical,89.61940122918782,261,89.61940122918782,315,0.05197407079453148,0.25,89.61940122918782,279.29665803836826,89.61940122918782,296.83720356959464,17.540545531226353,0
G3446,input_image.png,F22,ellipse,vertical,89.79913640583041,261,89.79913640583041,315,0.05197407079453148,0.25,89.79913640583041,279.22626613974336,89.79913640583041,296.90629307458704,17.680026934843678,0
G3447,input_image.png,F22,ellipse,vertical,89.978871582473,261,89.978871582473,315,0.05197407079453148,0.25,89.978871582473,279.1539284530563,89.978871582473,296.97723681582397,17.82330836276769,0
G3448,input_image.png,F22,ellipse,vertical,90.1586067591156,261,90.1586067591156,315,0.05197407079453148,0.25,90.1586067591156,279.09268360413137,90.1586067591156,297.0281154989809,17.935431894849536,0
G3449,input_image.png,F22,ellipse,vertical,90.3383419357582,261,90.3383419357582,315,0.05197407079453148,0.25,90.3383419357582,279.0315204674394,90.3383419357582,297.0727913372137,18.041270869774234,0
G3450,input_image.png,F22,ellipse,vertical,90.5180771124008,261,90.5180771124008,315,0.05197407079453148,0.25,90.5180771124008,278.9765355091659,90.5180771124008,297.1181440141755,18.141608505009646,0
G3451,input_image.png,F22,ellipse,vertical,90.6978122890434,261,90.6978122890434,315,0.05197407079453148,0.25,90.6978122890434,278.92870888198956,90.6978122890434,297.16418902842327,18.235480146433705,0
G3452,input_image.png,F22,ellipse,vertical,90.87754746568599,261,90.87754746568599,315,0.05197407079453148,0.25,90.87754746568599,278.8802832258295,90.87754746568599,297.2109423553435,18.330659129513975,0
G3453,input_image.png,F22,ellipse,vertical,91.05728264232859,261,91.05728264232859,315,0.05197407079453148,0.25,91.05728264232859,278.83430825001057,91.05728264232859,297.25528092466,18.420972674649413,0
G3454,input_image.png,F22,ellipse,vertical,91.23701781897118,261,91.23701781897118,315,0.05197407079453148,0.25,91.23701781897118,278.7941665695368,91.23701781897118,297.29361692259585,18.49945035305901,0
G3455,input_image.png,F22,ellipse,vertical,91.41675299561378,261,91.41675299561378,315,0.05197407079453148,0.25,91.41675299561378,278.7532493776254,91.41675299561378,297.3326635362723,18.579414158646944,0
G3456,input_image.png,F22,ellipse,vertical,91.59648817225637,261,91.59648817225637,315,0.05197407079453148,0.25,91.59648817225637,278.71153398149846,91.59648817225637,297.37244070903694,18.660906727538517,0
G3457,input_image.png,F22,ellipse,vertical,91.77622334889898,261,91.77622334889898,315,0.05197407079453148,0.25,91.77622334889898,278.668996794285,91.77622334889898,297.41296913756133,18.74397234327632,0
G3458,input_image.png,F22,ellipse,vertical,91.95595852554158,261,91.95595852554158,315,0.05197407079453148,0.25,91.95595852554158,278.6256132905491,91.95595852554158,297.45427030774977,18.82865701720066,0
G3459,input_image.png,F22,ellipse,vertical,92.13569370218417,261,92.13569370218417,315,0.05197407079453148,0.25,92.13569370218417,278.59031077626076,92.13569370218417,297.48668794763046,18.896377171369693,0
G3460,input_image.png,F22,ellipse,vertical,92.31542887882676,261,92.31542887882676,315,0.05197407079453148,0.25,92.31542887882676,278.55738994629877,92.31542887882676,297.5163586035651,18.958968657266293,0
G3461,input_image.png,F22,ellipse,vertical,92.49516405546936,261,92.49516405546936,315,0.05197407079453148,0.25,92.49516405546936,278.523985498091,92.49516405546936,297.5463716990511,19.0223862009601,0
G3462,input_image.png,F22,ellipse,vertical,92.67489923211195,261,92.67489923211195,315,0.05197407079453148,0.25,92.67489923211195,278.49008669600636,92.67489923211195,297.5767331968218,19.086646500815448,0
G3463,input_image.png,F22,ellipse,vertical,92.85463440875455,261,92.85463440875455,315,0.05197407079453148,0.25,92.85463440875455,278.4556824842909,92.85463440875455,297.60744919885354,19.15176671456268,0
G3464,input_image.png,F22,ellipse,vertical,93.03436958539716,261,93.03436958539716,315,0.05197407079453148,0.25,93.03436958539716,278.42290050750483,93.03436958539716,297.63649766031267,19.213597152807807,0
G3465,input_image.png,F22,ellipse,vertical,93.21410476203975,261,93.21410476203975,315,0.05197407079453148,0.25,93.21410476203975,278.39881534911393,93.21410476203975,297.6572088078942,19.25839345878031,0
G3466,input_image.png,F22,ellipse,vertical,93.39383993868235,261,93.39383993868235,315,0.05197407079453148,0.25,93.39383993868235,278.3744954073644,93.39383993868235,297.6780788915825,19.303583484218105,0
G3467,input_image.png,F22,ellipse,vertical,93.57357511532494,261,93.57357511532494,315,0.05197407079453148,0.25,93.57357511532494,278.34993723242144,93.57357511532494,297.69910974792356,19.34917251550211,0
G3468,input_image.png,F22,ellipse,vertical,93.75331029196754,261,93.75331029196754,315,0.05197407079453148,0.25,93.75331029196754,278.32513730652965,93.75331029196754,297.72030324186846,19.395165935338756,0
G3469,input_image.png,F22,ellipse,vertical,93.93304546861013,261,93.93304546861013,315,0.05197407079453148,0.25,93.93304546861013,278.3000920423336,93.93304546861013,297.7416612673246,19.441569224991046,0
G3470,input_image.png,F22,ellipse,vertical,94.11278064525273,261,94.11278064525273,315,0.05197407079453148,0.25,94.11278064525273,278.28115647765765,94.11278064525273,297.7569808087851,19.475824331127424,0
G3471,input_image.png,F22,ellipse,vertical,94.29251582189534,261,94.29251582189534,315,0.05197407079453148,0.25,94.29251582189534,278.2658745125006,94.29251582189534,297.76868698434873,19.502812471848106,0
G3472,input_image.png,F22,ellipse,vertical,94.47225099853793,261,94.47225099853793,315,0.05197407079453148,0.25,94.47225099853793,278.25050004752154,94.47225099853793,297.78044153668026,19.52994148915872,0
G3473,input_image.png,F22,ellipse,vertical,94.65198617518053,261,94.65198617518053,315,0.05197407079453148,0.25,94.65198617518053,278.23503224033624,94.65198617518053,297.7922447662823,19.55721252594606,0
G3474,input_image.png,F22,ellipse,vertical,94.83172135182312,261,94.83172135182312,315,0.05197407079453148,0.25,94.83172135182312,278.21947023830074,94.83172135182312,297.80409697615147,19.58462673785072,0
G3475,input_image.png,F22,ellipse,vertical,95.01145652846571,261,95.01145652846571,315,0.05197407079453148,0.25,95.01145652846571,278.20441582621584,95.01145652846571,297.81540934869093,19.610993522475095,0
G3476,input_image.png,F22,ellipse,vertical,95.19119170510831,261,95.19119170510831,315,0.05197407079453148,0.25,95.19119170510831,278.1981600312223,95.19119170510831,297.81809264185057,19.619932610628318,0
G3477,input_image.png,F22,ellipse,vertical,95.37092688175092,261,95.37092688175092,315,0.05197407079453148,0.25,95.37092688175092,278.19188805479877,95.37092688175092,297.82077793167616,19.628889876877423,0
G3478,input_image.png,F22,ellipse,vertical,95.55066205839351,261,95.55066205839351,315,0.05197407079453148,0.25,95.55066205839351,278.1855998340809,95.55066205839351,297.8234652203971,19.637865386316204,0
G3479,input_image.png,F22,ellipse,vertical,95.73039723503611,261,95.73039723503611,315,0.05197407079453148,0.25,95.73039723503611,278.17929530587827,95.73039723503611,297.82615451024617,19.646859204367864,0
G3480,input_image.png,F22,ellipse,vertical,95.9101324116787,261,95.9101324116787,315,0.05197407079453148,0.25,95.9101324116787,278.1729744066723,95.9101324116787,297.8288458034594,19.655871396787088,0
G3481,input_image.png,F22,ellipse,vertical,96.0898675883213,261,96.0898675883213,315,0.05197407079453148,0.25,96.0898675883213,278.17115419658,96.0898675883213,297.8270255933757,19.655871396795668,0
G3482,input_image.png,F22,ellipse,vertical,96.26960276496389,261,96.26960276496389,315,0.05197407079453148,0.25,96.26960276496389,278.1738454898119,96.26960276496389,297.82070469420637,19.64685920439447,0
G3483,input_image.png,F22,ellipse,vertical,96.44933794160649,261,96.44933794160649,315,0.05197407079453148,0.25,96.44933794160649,278.1765347796807,96.44933794160649,297.8144001660427,19.637865386361995,0
G3484,input_image.png,F22,ellipse,vertical,96.62907311824908,261,96.62907311824908,315,0.05197407079453148,0.25,96.62907311824908,278.1792220684225,96.62907311824908,297.808111945366,19.62888987694353,0
G3485,input_image.png,F22,ellipse,vertical,96.80880829489169,261,96.80880829489169,315,0.05197407079453148,0.25,96.80880829489169,278.18190735827005,96.80880829489169,297.8018399689859,19.619932610715857,0
G3486,input_image.png,F22,ellipse,vertical,96.98854347153429,261,96.98854347153429,315,0.05197407079453148,0.25,96.98854347153429,278.18459065145277,96.98854347153429,297.79558417403797,19.610993522585172,0
G3487,input_image.png,F22,ellipse,vertical,97.16827864817688,261,97.16827864817688,315,0.05197407079453148,0.25,97.16827864817688,278.19590302397455,97.16827864817688,297.78052976196375,19.584626737989186,0
G3488,input_image.png,F22,ellipse,vertical,97.34801382481947,261,97.34801382481947,315,0.05197407079453148,0.25,97.34801382481947,278.2077552338209,97.34801382481947,297.7649677599351,19.557212526114235,0
G3489,input_image.png,F22,ellipse,vertical,97.52774900146207,261,97.52774900146207,315,0.05197407079453148,0.25,97.52774900146207,278.2195584633976,97.52774900146207,297.74949995275523,19.529941489357594,0
G3490,input_image.png,F22,ellipse,vertical,97.70748417810466,261,97.70748417810466,315,0.05197407079453148,0.25,97.70748417810466,278.23131301570146,97.70748417810466,297.7341254877801,19.50281247207866,0
G3491,input_image.png,F22,ellipse,vertical,97.88721935474727,261,97.88721935474727,315,0.05197407079453148,0.25,97.88721935474727,278.24301919123496,97.88721935474727,297.7188435226256,19.475824331390637,0
G3492,input_image.png,F22,ellipse,vertical,98.06695453138987,261,98.06695453138987,315,0.05197407079453148,0.25,98.06695453138987,278.2583387326729,98.06695453138987,297.69990795793495,19.44156922526208,0
G3493,input_image.png,F22,ellipse,vertical,98.24668970803246,261,98.24668970803246,315,0.05197407079453148,0.25,98.24668970803246,278.27969675812164,98.24668970803246,297.6748626936955,19.395165935573836,0
G3494,input_image.png,F22,ellipse,vertical,98.42642488467506,261,98.42642488467506,315,0.05197407079453148,0.25,98.42642488467506,278.3008902520581,98.42642488467506,297.65006276775847,19.349172515700392,0
G3495,input_image.png,F22,ellipse,vertical,98.60616006131765,261,98.60616006131765,315,0.05197407079453148,0.25,98.60616006131765,278.3219211083897,98.60616006131765,297.62550459276844,19.303583484378777,0
G3496,input_image.png,F22,ellipse,vertical,98.78589523796025,261,98.78589523796025,315,0.05197407079453148,0.25,98.78589523796025,278.3427911920675,98.78589523796025,297.60118465097014,19.25839345890261,0
G3497,input_image.png,F22,ellipse,vertical,98.96563041460284,261,98.96563041460284,315,0.05197407079453148,0.25,98.96563041460284,278.36350233963765,98.96563041460284,297.57709949252865,19.21359715289098,0
G3498,input_image.png,F22,ellipse,vertical,99.14536559124545,261,99.14536559124545,315,0.05197407079453148,0.25,99.14536559124545,278.3925508011237,99.14536559124545,297.5443175156827,19.151766714558992,0
G3499,input_image.png,F22,ellipse,vertical,99.32510076788805,261,99.32510076788805,315,0.05197407079453148,0.25,99.32510076788805,278.4232668031969,99.32510076788805,297.5099133038958,19.086646500698897,0
G3500,input_image.png,F22,ellipse,vertical,99.50483594453064,261,99.50483594453064,315,0.05197407079453148,0.25,99.50483594453064,278.4536283010147,99.50483594453064,297.47601450172965,19.02238620071495,0
G3501,input_image.png,F22,ellipse,vertical,99.68457112117324,261,99.68457112117324,315,0.05197407079453148,0.25,99.68457112117324,278.48364139655337,99.68457112117324,297.4426100534308,18.958968656877484,0
G3502,input_image.png,F22,ellipse,vertical,99.86430629781583,261,99.86430629781583,315,0.05197407079453148,0.25,99.86430629781583,278.5133120525458,99.86430629781583,297.4096892233686,18.896377170822785,0
G3503,input_image.png,F22,ellipse,vertical,100.04404147445842,261,100.04404147445842,315,0.05197407079453148,0.25,100.04404147445842,278.5457296924671,100.04404147445842,297.374386708999,18.828657016531896,0
G3504,input_image.png,F22,ellipse,vertical,100.22377665110102,261,100.22377665110102,315,0.05197407079453148,0.25,100.22377665110102,278.58703086262506,100.22377665110102,297.33100320526927,18.743972342644227,0
G3505,input_image.png,F22,ellipse,vertical,100.40351182774361,261,100.40351182774361,315,0.05197407079453148,0.25,100.40351182774361,278.627559291113,100.40351182774361,297.2884660180706,18.660906726957563,0
G3506,input_image.png,F22,ellipse,vertical,100.58324700438622,261,100.58324700438622,315,0.05197407079453148,0.25,100.58324700438622,278.66733646383574,100.58324700438622,297.2467506219665,18.579414158130724,0
G3507,input_image.png,F22,ellipse,vertical,100.76298218102882,261,100.76298218102882,315,0.05197407079453148,0.25,100.76298218102882,278.7063830774652,100.76298218102882,297.2058334300856,18.499450352620347,0
G3508,input_image.png,F22,ellipse,vertical,100.94271735767141,261,100.94271735767141,315,0.05197407079453148,0.25,100.94271735767141,278.7447190753491,100.94271735767141,297.1656917496495,18.420972674300383,0
G3509,input_image.png,F22,ellipse,vertical,101.12245253431401,261,101.12245253431401,315,0.05197407079453148,0.25,101.12245253431401,278.78905764461365,101.12245253431401,297.11971677387396,18.330659129260304,0
G3510,input_image.png,F22,ellipse,vertical,101.3021877109566,261,101.3021877109566,315,0.05197407079453148,0.25,101.3021877109566,278.8358109714822,101.3021877109566,297.0712911177632,18.235480146281038,0
G3511,input_image.png,F22,ellipse,vertical,101.4819228875992,261,101.4819228875992,315,0.05197407079453148,0.25,101.4819228875992,278.88185598567685,101.4819228875992,297.02346449064225,18.14160850496543,0
G3512,input_image.png,F22,ellipse,vertical,101.6616580642418,261,101.6616580642418,315,0.05197407079453148,0.25,101.6616580642418,278.92720866258446,101.6616580642418,296.96847953239035,18.041270869805906,0
G3513,input_image.png,F22,ellipse,vertical,101.8413932408844,261,101.8413932408844,315,0.05197407079453148,0.25,101.8413932408844,278.97188450076163,101.8413932408844,296.9073163957888,17.93543189502715,0
G3514,input_image.png,F22,ellipse,vertical,102.021128417527,261,102.021128417527,315,0.05197407079453148,0.25,102.021128417527,279.0227631837814,102.021128417527,296.84607154694265,17.82330836316123,0
G3515,input_image.png,F22,ellipse,vertical,102.20086359416959,261,102.20086359416959,315,0.05197407079453148,0.25,102.20086359416959,279.0937069250605,102.20086359416959,296.77373386025,17.68002693518948,0
G3516,input_image.png,F22,ellipse,vertical,102.38059877081218,261,102.38059877081218,315,0.05197407079453148,0.25,102.38059877081218,279.1627964300783,102.38059877081218,296.7033419616243,17.54054553154599,0
G3517,input_image.png,F22,ellipse,vertical,102.56033394745478,261,102.56033394745478,315,0.05197407079453148,0.25,102.56033394745478,279.2301034565432,102.56033394745478,296.63481838425594,17.404714927712746,0
G3518,input_image.png,F22,ellipse,vertical,102.74006912409737,261,102.74006912409737,315,0.05197407079453148,0.25,102.74006912409737,279.29569610668443,102.74006912409737,296.5680897196806,17.272393612996158,0
G3519,input_image.png,F22,ellipse,vertical,102.91980430073997,261,102.91980430073997,315,0.05197407079453148,0.25,102.91980430073997,279.35963905709644,102.91980430073997,296.5030863554531,17.14344729835663,0
G3520,input_image.png,F22,ellipse,vertical,103.09953947738258,261,103.09953947738258,315,0.05197407079453148,0.25,103.09953947738258,279.430433449351,103.09953947738258,296.4312117084171,17.00077825906608,0
G3521,input_image.png,F23,rectangle,horizontal,133,282.5272605571576,187,282.5272605571576,0.05197407079453148,0.25,143.8412431918302,282.5272605571576,177.1746338326122,282.5272605571576,33.333390640781985,0
G3522,input_image.png,F23,rectangle,horizontal,133,282.66581092279915,187,282.66581092279915,0.05197407079453148,0.25,143.82811603676527,282.66581092279915,177.17305236948093,282.66581092279915,33.344936332715676,0
G3523,input_image.png,F23,rectangle,horizontal,133,282.80436128844076,187,282.80436128844076,0.05197407079453148,0.25,143.8148700616266,282.80436128844076,177.1714918003666,282.80436128844076,33.356621738739996,0
G3524,input_image.png,F23,rectangle,horizontal,133,282.9429116540823,187,282.9429116540823,0.05197407079453148,0.25,143.80150364583514,282.9429116540823,177.16995171391437,282.9429116540823,33.36844806807924,0
G3525,input_image.png,F23,rectangle,horizontal,133,283.0814620197239,187,283.0814620197239,0.05197407079453148,0.25,143.78867400736237,283.0814620197239,177.16539594529831,283.0814620197239,33.37672193793595,0
G3526,input_image.png,F23,rectangle,horizontal,133,283.2200123853655,187,283.2200123853655,0.05197407079453148,0.25,143.7761852190004,283.2200123853655,177.15877607943673,283.2200123853655,33.38259086043632,0
G3527,input_image.png,F23,rectangle,horizontal,133,283.35856275100707,187,283.35856275100707,0.05197407079453148,0.25,143.76357454502173,283.35856275100707,177.15222977502853,283.35856275100707,33.388655230006805,0
G3528,input_image.png,F23,rectangle,horizontal,133,283.4971131166487,187,283.4971131166487,0.05197407079453148,0.25,143.7508401923436,283.4971131166487,177.14575581270134,283.4971131166487,33.39491562035776,0
G3529,input_image.png,F23,rectangle,horizontal,133,283.6356634822902,187,283.6356634822902,0.05197407079453148,0.25,143.73798033253877,283.6356634822902,177.1393529998848,283.6356634822902,33.40137266734606,0
G3530,input_image.png,F23,rectangle,horizontal,133,283.77421384793183,187,283.77421384793183,0.05197407079453148,0.25,143.72499310096032,283.77421384793183,177.13302017007828,283.77421384793183,33.40802706911796,0
G3531,input_image.png,F23,rectangle,horizontal,133,283.9127642135734,187,283.9127642135734,0.05197407079453148,0.25,143.71187659584032,283.9127642135734,177.12675618214226,283.9127642135734,33.41487958630194,0
G3532,input_image.png,F23,rectangle,horizontal,133,284.051314579215,187,284.051314579215,0.05197407079453148,0.25,143.698890559259,284.051314579215,177.1194377487568,284.051314579215,33.420547189497796,0
G3533,input_image.png,F23,rectangle,horizontal,133,284.18986494485654,187,284.18986494485654,0.05197407079453148,0.25,143.68621402860163,284.18986494485654,177.11029440153456,284.18986494485654,33.424080372932956,0
G3534,input_image.png,F23,rectangle,horizontal,133,284.32841531049814,187,284.32841531049814,0.05197407079453148,0.25,143.67339895392,284.32841531049814,177.10124001524528,284.32841531049814,33.42784106132527,0
G3535,input_image.png,F23,rectangle,horizontal,133,284.4669656761397,187,284.4669656761397,0.05197407079453148,0.25,143.6604430514767,284.4669656761397,177.09227329784568,284.4669656761397,33.43183024636895,0
G3536,input_image.png,F23,rectangle,horizontal,133,284.6055160417813,187,284.6055160417813,0.05197407079453148,0.25,143.64734398706378,284.6055160417813,177.08339298219218,284.6055160417813,33.4360489951284,0
G3537,input_image.png,F23,rectangle,horizontal,133,284.74406640742285,187,284.74406640742285,0.05197407079453148,0.25,143.63409937460105,284.74406640742285,177.07459782544422,284.74406640742285,33.440498450843165,0
G3538,input_image.png,F23,rectangle,horizontal,133,284.88261677306446,187,284.88261677306446,0.05197407079453148,0.25,143.620706774687,284.88261677306446,177.0658866084841,284.88261677306446,33.4451798337971,0
G3539,input_image.png,F23,rectangle,horizontal,133,285.021167138706,187,285.021167138706,0.05197407079453148,0.25,143.60717541228766,285.021167138706,177.05697470437613,285.021167138706,33.44979929208847,0
G3540,input_image.png,F23,rectangle,horizontal,133,285.1597175043476,187,285.1597175043476,0.05197407079453148,0.25,143.59354474770836,285.1597175043476,177.04657468665238,285.1597175043476,33.45302993894402,0
G3541,input_image.png,F23,rectangle,horizontal,133,285.2982678699892,187,285.2982678699892,0.05197407079453148,0.25,143.57973838474135,285.2982678699892,177.03625880465893,285.2982678699892,33.45652041991759,0
G3542,input_image.png,F23,rectangle,horizontal,133,285.43681823563077,187,285.43681823563077,0.05197407079453148,0.25,143.56575290423902,285.43681823563077,177.02602604152696,285.43681823563077,33.460273137287956,0
G3543,input_image.png,F23,rectangle,horizontal,133,285.5753686012724,187,285.5753686012724,0.05197407079453148,0.25,143.5515847977575,285.5753686012724,177.0158753967084,285.5753686012724,33.46429059895091,0
G3544,input_image.png,F23,rectangle,horizontal,133,285.7139189669139,187,285.7139189669139,0.05197407079453148,0.25,143.53723046462247,285.7139189669139,177.00580588564992,285.7139189669139,33.46857542102746,0
G3545,input_image.png,F23,rectangle,horizontal,133,285.85246933255553,187,285.85246933255553,0.05197407079453148,0.25,143.5226862088783,285.85246933255553,176.99358846801508,285.85246933255553,33.47090225913678,0
G3546,input_image.png,F23,rectangle,horizontal,133,285.9910196981971,187,285.9910196981971,0.05197407079453148,0.25,143.50794823611554,285.9910196981971,176.9784696370037,285.9910196981971,33.47052140088818,0
G3547,input_image.png,F23,rectangle,horizontal,133,286.1295700638387,187,286.1295700638387,0.05197407079453148,0.25,143.49275210625206,286.1295700638387,176.96165217929413,286.1295700638387,33.468900073042064,0
G3548,input_image.png,F23,rectangle,horizontal,133,286.26812042948023,187,286.26812042948023,0.05197407079453148,0.25,143.47730727627822,286.26812042948023,176.9449399419635,286.26812042948023,33.46763266568529,0
G3549,input_image.png,F23,rectangle,horizontal,133,286.40667079512184,187,286.40667079512184,0.05197407079453148,0.25,143.46162552865772,286.40667079512184,176.92846147769922,286.40667079512184,33.46683594904148,0
G3550,input_image.png,F23,rectangle,horizontal,133,286.5452211607634,187,286.5452211607634,0.05197407079453148,0.25,143.44570136992084,286.5452211607634,176.91221191549488,286.5452211607634,33.46651054557403,0
G3551,input_image.png,F23,rectangle,horizontal,133,286.683771526405,187,286.683771526405,0.05197407079453148,0.25,143.42952913543684,286.683771526405,176.8961865187368,286.683771526405,33.46665738329997,0
G3552,input_image.png,F23,rectangle,horizontal,133,286.82232189204655,187,286.82232189204655,0.05197407079453148,0.25,143.41310298269573,286.82232189204655,176.88038068060087,286.82232189204655,33.467277697905146,0
G3553,input_image.png,F23,rectangle,horizontal,133,286.96087225768815,187,286.96087225768815,0.05197407079453148,0.25,143.39641688427074,286.96087225768815,176.8647899196372,286.96087225768815,33.46837303536644,0
G3554,input_image.png,F23,rectangle,horizontal,133,287.09942262332976,187,287.09942262332976,0.05197407079453148,0.25,143.3794328283736,287.09942262332976,176.84771452412986,287.09942262332976,33.46828169575624,0
G3555,input_image.png,F23,rectangle,horizontal,133,287.2379729889713,187,287.2379729889713,0.05197407079453148,0.25,143.36214661456373,287.2379729889713,176.83022730117187,287.2379729889713,33.46808068660815,0
G3556,input_image.png,F23,rectangle,horizontal,133,287.3765233546129,187,287.3765233546129,0.05197407079453148,0.25,143.34456042867743,287.3765233546129,176.81299783280673,287.3765233546129,33.468437404129304,0
G3557,input_image.png,F23,rectangle,horizontal,133,287.51507372025446,187,287.51507372025446,0.05197407079453148,0.25,143.32666639413466,287.51507372025446,176.79602046192852,287.51507372025446,33.46935406779387,0
G3558,input_image.png,F23,rectangle,horizontal,133,287.65362408589607,187,287.65362408589607,0.05197407079453148,0.25,143.3084563561591,287.65362408589607,176.77928969577582,287.65362408589607,33.47083333961671,0
G3559,input_image.png,F23,rectangle,horizontal,133,287.7921744515376,187,287.7921744515376,0.05197407079453148,0.25,143.28992186938675,287.7921744515376,176.76280020000684,287.7921744515376,33.47287833062009,0
G3560,input_image.png,F23,rectangle,horizontal,133,287.9307248171792,187,287.9307248171792,0.05197407079453148,0.25,143.27105418480585,287.9307248171792,176.74654679302895,287.9307248171792,33.475492608223114,0
G3561,input_image.png,F23,rectangle,horizontal,133,288.0692751828208,187,288.0692751828208,0.05197407079453148,0.25,143.25345282107543,288.0692751828208,176.7289454361587,288.0692751828208,33.47549261508328,0
G3562,input_image.png,F23,rectangle,horizontal,133,288.2078255484624,187,288.2078255484624,0.05197407079453148,0.25,143.23719940844472,288.2078255484624,176.71007775956534,288.2078255484624,33.4728783511206,0
G3563,input_image.png,F23,rectangle,horizontal,133,288.34637591410393,187,288.34637591410393,0.05197407079453148,0.25,143.22070990689627,288.34637591410393,176.69154328055714,288.34637591410393,33.470833373660874,0
G3564,input_image.png,F23,rectangle,horizontal,133,288.48492627974554,187,288.48492627974554,0.05197407079453148,0.25,143.2039791348336,288.48492627974554,176.67333325013038,288.48492627974554,33.46935411529679,0
G3565,input_image.png,F23,rectangle,horizontal,133,288.6234766453871,187,288.6234766453871,0.05197407079453148,0.25,143.18700175791105,288.6234766453871,176.6554392229287,288.6234766453871,33.46843746501764,0
G3566,input_image.png,F23,rectangle,horizontal,133,288.7620270110287,187,288.7620270110287,0.05197407079453148,0.25,143.16977228336316,288.7620270110287,176.6378530441831,288.7620270110287,33.468080760819916,0
G3567,input_image.png,F23,rectangle,horizontal,133,288.90057737667024,187,288.90057737667024,0.05197407079453148,0.25,143.1522850540798,288.90057737667024,176.6205668373205,288.90057737667024,33.468281783240705,0
G3568,input_image.png,F23,rectangle,horizontal,133,289.03912774231185,187,289.03912774231185,0.05197407079453148,0.25,143.13520965288356,289.03912774231185,176.60358278834633,289.03912774231185,33.46837313546276,0
G3569,input_image.png,F23,rectangle,horizontal,133,289.17767810795345,187,289.17767810795345,0.05197407079453148,0.25,143.1196188881291,289.17767810795345,176.58689669706825,289.17767810795345,33.46727780893914,0
G3570,input_image.png,F23,rectangle,horizontal,133,289.316228473595,187,289.316228473595,0.05197407079453148,0.25,143.1038130461405,289.316228473595,176.57047055128726,289.316228473595,33.46665750514677,0
G3571,input_image.png,F23,rectangle,horizontal,133,289.4547788392366,187,289.4547788392366,0.05197407079453148,0.25,143.08778764546628,289.4547788392366,176.5542983235826,289.4547788392366,33.466510678116336,0
G3572,input_image.png,F23,rectangle,horizontal,133,289.59332920487816,187,289.59332920487816,0.05197407079453148,0.25,143.07153807928083,289.59332920487816,176.53837417145016,289.59332920487816,33.46683609216934,0
G3573,input_image.png,F23,rectangle,horizontal,133,289.73187957051977,187,289.73187957051977,0.05197407079453148,0.25,143.05505961096884,289.73187957051977,176.52269243026478,289.73187957051977,33.467632819295964,0
G3574,input_image.png,F23,rectangle,horizontal,133,289.8704299361613,187,289.8704299361613,0.05197407079453148,0.25,143.0383473695223,289.8704299361613,176.50724760656215,289.8704299361613,33.468900237039826,0
G3575,input_image.png,F23,rectangle,horizontal,133,290.0089803018029,187,290.0089803018029,0.05197407079453148,0.25,143.02152990781374,290.0089803018029,176.49205148282482,290.0089803018029,33.470521575011105,0
G3576,input_image.png,F23,rectangle,horizontal,133,290.14753066744447,187,290.14753066744447,0.05197407079453148,0.25,143.00641107546502,290.14753066744447,176.4773135162358,290.14753066744447,33.47090244077079,0
G3577,input_image.png,F23,rectangle,horizontal,133,290.2860810330861,187,290.2860810330861,0.05197407079453148,0.25,142.99419381643645,290.2860810330861,176.46276926652183,290.2860810330861,33.4685754500854,0
G3578,input_image.png,F23,rectangle,horizontal,133,290.4246313987276,187,290.4246313987276,0.05197407079453148,0.25,142.98412430527043,290.4246313987276,176.4484149392775,290.4246313987276,33.46429063400709,0
G3579,input_image.png,F23,rectangle,horizontal,133,290.56318176436923,187,290.56318176436923,0.05197407079453148,0.25,142.97397366037916,290.56318176436923,176.43424683855105,290.56318176436923,33.46027317817189,0
G3580,input_image.png,F23,rectangle,horizontal,133,290.7017321300108,187,290.7017321300108,0.05197407079453148,0.25,142.96374089721016,290.7017321300108,176.4202613636719,290.7017321300108,33.45652046646174,0
G3581,input_image.png,F23,rectangle,horizontal,133,290.8402824956524,187,290.8402824956524,0.05197407079453148,0.25,142.9534250152163,290.8402824956524,176.40645500619985,290.8402824956524,33.45302999098356,0
G3582,input_image.png,F23,rectangle,horizontal,133,290.978832861294,187,290.978832861294,0.05197407079453148,0.25,142.9430249975296,290.978832861294,176.39282434699084,290.978832861294,33.44979934946122,0
G3583,input_image.png,F23,rectangle,horizontal,133,291.11738322693554,187,291.11738322693554,0.05197407079453148,0.25,142.93411309501025,291.11738322693554,176.37929299001522,291.11738322693554,33.44517989500496,0
G3584,input_image.png,F23,rectangle,horizontal,133,291.25593359257715,187,291.25593359257715,0.05197407079453148,0.25,142.92540187997517,291.25593359257715,176.36590039544126,291.25593359257715,33.4404985154661,0
G3585,input_image.png,F23,rectangle,horizontal,133,291.3944839582187,187,291.3944839582187,0.05197407079453148,0.25,142.91660672521937,291.3944839582187,176.3526557882065,291.3944839582187,33.436049062987145,0
G3586,input_image.png,F23,rectangle,horizontal,133,291.5330343238603,187,291.5330343238603,0.05197407079453148,0.25,142.9077264116269,291.5330343238603,176.33955672891219,291.5330343238603,33.431830317285275,0
G3587,input_image.png,F23,rectangle,horizontal,133,291.67158468950186,187,291.67158468950186,0.05197407079453148,0.25,142.89875969635887,291.67158468950186,176.3266008314807,291.67158468950186,33.427841135121845,0
G3588,input_image.png,F23,rectangle,horizontal,133,291.81013505514346,187,291.81013505514346,0.05197407079453148,0.25,142.88970531227352,291.81013505514346,176.31378576170678,291.81013505514346,33.42408044943326,0
G3589,input_image.png,F23,rectangle,horizontal,133,291.948685420785,187,291.948685420785,0.05197407079453148,0.25,142.88056196732938,291.948685420785,176.30110923585534,291.948685420785,33.42054726852595,0
G3590,input_image.png,F23,rectangle,horizontal,133,292.0872357864266,187,292.0872357864266,0.05197407079453148,0.25,142.87324353727072,292.0872357864266,176.2881232042171,292.0872357864266,33.41487966694636,0
G3591,input_image.png,F23,rectangle,horizontal,133,292.22578615206817,187,292.22578615206817,0.05197407079453148,0.25,142.86697955331778,292.22578615206817,176.2750067040771,292.22578615206817,33.408027150759324,0
G3592,input_image.png,F23,rectangle,horizontal,133,292.3643365177098,187,292.3643365177098,0.05197407079453148,0.25,142.86064672758195,292.3643365177098,176.2620194773777,292.3643365177098,33.401372749795726,0
G3593,input_image.png,F23,rectangle,horizontal,133,292.5028868833513,187,292.5028868833513,0.05197407079453148,0.25,142.85424391892596,292.5028868833513,176.24915962235315,292.5028868833513,33.39491570342719,0
G3594,input_image.png,F23,rectangle,horizontal,133,292.64143724899293,187,292.64143724899293,0.05197407079453148,0.25,142.8477699608514,292.64143724899293,176.23642527435877,292.64143724899293,33.388655313507364,0
G3595,input_image.png,F23,rectangle,horizontal,133,292.7799876146345,187,292.7799876146345,0.05197407079453148,0.25,142.84122366079023,292.7799876146345,176.22381460496945,292.7799876146345,33.3825909441792,0
G3596,input_image.png,F23,rectangle,horizontal,133,292.9185379802761,187,292.9185379802761,0.05197407079453148,0.25,142.83460379937247,292.9185379802761,176.21132582110448,292.9185379802761,33.37672202173202,0
G3597,input_image.png,F23,rectangle,horizontal,133,293.0570883459177,187,293.0570883459177,0.05197407079453148,0.25,142.83004803571978,293.0570883459177,176.19849618722952,293.0570883459177,33.36844815150975,0
G3598,input_image.png,F23,rectangle,horizontal,133,293.19563871155924,187,293.19563871155924,0.05197407079453148,0.25,142.8285079549201,293.19563871155924,176.18512977621174,293.19563871155924,33.35662182129165,0
G3599,input_image.png,F23,rectangle,horizontal,133,293.33418907720085,187,293.33418907720085,0.05197407079453148,0.25,142.8269473915447,293.33418907720085,176.17188380574865,293.33418907720085,33.344936414203936,0
G3600,input_image.png,F23,rectangle,horizontal,133,293.4727394428424,187,293.4727394428424,0.05197407079453148,0.25,142.82536593424075,293.4727394428424,176.15875665526315,293.4727394428424,33.3333907210224,0
G3601,input_image.png,F23,rectangle,vertical,152.05490114505562,261,152.05490114505562,315,0.05197407079453148,0.25,152.05490114505562,275.9340915811579,152.05490114505562,298.35388661465083,22.419795033492974,0
G3602,input_image.png,F23,rectangle,vertical,152.25604288821876,261,152.25604288821876,315,0.05197407079453148,0.25,152.25604288821876,275.95030719739,152.25604288821876,298.3728377155571,22.422530518167118,0
G3603,input_image.png,F23,rectangle,vertical,152.45718463138192,261,152.45718463138192,315,0.05197407079453148,0.25,152.45718463138192,275.96633670345005,152.45718463138192,298.3921156477212,22.42577894427116,0
G3604,input_image.png,F23,rectangle,vertical,152.65832637454506,261,152.65832637454506,315,0.05197407079453148,0.25,152.65832637454506,275.9821832850969,152.65832637454506,298.41172893949584,22.429545654398957,0
G3605,input_image.png,F23,rectangle,vertical,152.85946811770822,261,152.85946811770822,315,0.05197407079453148,0.25,152.85946811770822,275.99785005579184,152.85946811770822,298.4316864185563,22.433836362764453,0
G3606,input_image.png,F23,rectangle,vertical,153.06060986087135,261,153.06060986087135,315,0.05197407079453148,0.25,153.06060986087135,276.0210125225592,153.06060986087135,298.4520837473649,22.431071224805727,0
G3607,input_image.png,F23,rectangle,vertical,153.26175160403452,261,153.26175160403452,315,0.05197407079453148,0.25,153.26175160403452,276.0463294310121,153.26175160403452,298.47308056225836,22.42675113124624,0
G3608,input_image.png,F23,rectangle,vertical,153.46289334719765,261,153.46289334719765,315,0.05197407079453148,0.25,153.46289334719765,276.07113315654846,153.46289334719765,298.4945077760094,22.42337461946093,0
G3609,input_image.png,F23,rectangle,vertical,153.6640350903608,261,153.6640350903608,315,0.05197407079453148,0.25,153.6640350903608,276.0954391462153,153.6640350903608,298.51637875931885,22.42093961310352,0
G3610,input_image.png,F23,rectangle,vertical,153.86517683352395,261,153.86517683352395,315,0.05197407079453148,0.25,153.86517683352395,276.1192622332672,153.86517683352395,298.53870744251213,22.419445209244927,0
G3611,input_image.png,F23,rectangle,vertical,154.0663185766871,261,154.0663185766871,315,0.05197407079453148,0.25,154.0663185766871,276.1436136987483,154.0663185766871,298.56175150414674,22.418137805398434,0
G3612,input_image.png,F23,rectangle,vertical,154.26746031985024,261,154.26746031985024,315,0.05197407079453148,0.25,154.26746031985024,276.16946219890866,154.26746031985024,298.5858292460661,22.416367047157433,0
G3613,input_image.png,F23,rectangle,vertical,154.4686020630134,261,154.4686020630134,315,0.05197407079453148,0.25,154.4686020630134,276.1947600543181,154.4686020630134,298.6104920900122,22.41573203569407,0
G3614,input_image.png,F23,rectangle,vertical,154.66974380617654,261,154.66974380617654,315,0.05197407079453148,0.25,154.66974380617654,276.21952467492747,154.66974380617654,298.63576162574554,22.41623695081806,0
G3615,input_image.png,F23,rectangle,vertical,154.8708855493397,261,154.8708855493397,315,0.05197407079453148,0.25,154.8708855493397,276.2437727443988,154.8708855493397,298.66166051844516,22.417887774046335,0
G3616,input_image.png,F23,rectangle,vertical,155.07202729250284,261,155.07202729250284,315,0.05197407079453148,0.25,155.07202729250284,276.26909087341005,155.07202729250284,298.687596820735,22.41850594732497,0
G3617,input_image.png,F23,rectangle,vertical,155.273169035666,261,155.273169035666,315,0.05197407079453148,0.25,155.273169035666,276.2965767583534,155.273169035666,298.7130437827433,22.41646702438988,0
G3618,input_image.png,F23,rectangle,vertical,155.47431077882914,261,155.47431077882914,315,0.05197407079453148,0.25,155.47431077882914,276.3233630262972,155.47431077882914,298.7390971013217,22.4157340750245,0
G3619,input_image.png,F23,rectangle,vertical,155.6754525219923,261,155.6754525219923,315,0.05197407079453148,0.25,155.6754525219923,276.3494760533015,155.6754525219923,298.765778710418,22.416302657116482,0
G3620,input_image.png,F23,rectangle,vertical,155.87659426515546,261,155.87659426515546,315,0.05197407079453148,0.25,155.87659426515546,276.3749409060196,155.87659426515546,298.79311161479035,22.418170708770745,0
G3621,input_image.png,F23,rectangle,vertical,156.0777360083186,261,156.0777360083186,315,0.05197407079453148,0.25,156.0777360083186,276.3996969878219,156.0777360083186,298.8194902668721,22.41979327905013,0
G3622,input_image.png,F23,rectangle,vertical,156.27887775148176,261,156.27887775148176,315,0.05197407079453148,0.25,156.27887775148176,276.4237466181101,156.27887775148176,298.8438279836796,22.4200813655695,0
G3623,input_image.png,F23,rectangle,vertical,156.4800194946449,261,156.4800194946449,315,0.05197407079453148,0.25,156.4800194946449,276.4472561915011,156.4800194946449,298.86866048983046,22.421404298329335,0
G3624,input_image.png,F23,rectangle,vertical,156.68116123780806,261,156.68116123780806,315,0.05197407079453148,0.25,156.68116123780806,276.47024369723505,156.68116123780806,298.8940030289872,22.423759331752155,0
G3625,input_image.png,F23,rectangle,vertical,156.8823029809712,261,156.8823029809712,315,0.05197407079453148,0.25,156.8823029809712,276.49272633436595,156.8823029809712,298.9198714774866,22.427145143120626,0
G3626,input_image.png,F23,rectangle,vertical,157.08344472413435,261,157.08344472413435,315,0.05197407079453148,0.25,157.08344472413435,276.5144885609522,157.08344472413435,298.9455080086202,22.43101944766802,0
G3627,input_image.png,F23,rectangle,vertical,157.2845864672975,261,157.2845864672975,315,0.05197407079453148,0.25,157.2845864672975,276.53549447812355,157.2845864672975,298.9705699095452,22.43507543142165,0
G3628,input_image.png,F23,rectangle,vertical,157.48572821046065,261,157.48572821046065,315,0.05197407079453148,0.25,157.48572821046065,276.556101702649,157.48572821046065,298.9961479440741,22.44004624142506,0
G3629,input_image.png,F23,rectangle,vertical,157.68686995362378,261,157.68686995362378,315,0.05197407079453148,0.25,157.68686995362378,276.5763214786114,157.68686995362378,299.01448571642703,22.438164237815585,0
G3630,input_image.png,F23,rectangle,vertical,157.88801169678695,261,157.88801169678695,315,0.05197407079453148,0.25,157.88801169678695,276.59616463121813,157.88801169678695,299.03166583787043,22.435501206652354,0
G3631,input_image.png,F23,rectangle,vertical,158.08915343995008,261,158.08915343995008,315,0.05197407079453148,0.25,158.08915343995008,276.6155809490007,158.08915343995008,299.0486709600809,22.43309001108026,0
G3632,input_image.png,F23,rectangle,vertical,158.29029518311324,261,158.29029518311324,315,0.05197407079453148,0.25,158.29029518311324,276.63459501945636,158.29029518311324,299.06543044814526,22.430835428688873,0
G3633,input_image.png,F23,rectangle,vertical,158.49143692627638,261,158.49143692627638,315,0.05197407079453148,0.25,158.49143692627638,276.65330260592776,158.49143692627638,299.0823964095079,22.42909380358014,0
G3634,input_image.png,F23,rectangle,vertical,158.69257866943954,261,158.69257866943954,315,0.05197407079453148,0.25,158.69257866943954,276.671711059401,158.69257866943954,299.09957268337814,22.42786162397713,0
G3635,input_image.png,F23,rectangle,vertical,158.89372041260268,261,158.89372041260268,315,0.05197407079453148,0.25,158.89372041260268,276.6898274976433,158.89372041260268,299.1169632047415,22.427135707098245,0
G3636,input_image.png,F23,rectangle,vertical,159.09486215576584,261,159.09486215576584,315,0.05197407079453148,0.25,159.09486215576584,276.70793513587586,159.09486215576584,299.13417086151674,22.426235725640893,0
G3637,input_image.png,F23,rectangle,vertical,159.29600389892897,261,159.29600389892897,315,0.05197407079453148,0.25,159.29600389892897,276.7260804596641,159.29600389892897,299.15115458205594,22.425074122391834,0
G3638,input_image.png,F23,rectangle,vertical,159.49714564209214,261,159.49714564209214,315,0.05197407079453148,0.25,159.49714564209214,276.74396222112574,159.49714564209214,299.16836945602597,22.424407234900237,0
G3639,input_image.png,F23,rectangle,vertical,159.69828738525527,261,159.69828738525527,315,0.05197407079453148,0.25,159.69828738525527,276.76158612125374,159.69828738525527,299.18582023486016,22.42423411360641,0
G3640,input_image.png,F23,rectangle,vertical,159.89942912841843,261,159.89942912841843,315,0.05197407079453148,0.25,159.89942912841843,276.7789576977977,159.89942912841843,299.20351180111345,22.424554103315742,0
G3641,input_image.png,F23,rectangle,vertical,160.10057087158157,261,160.10057087158157,315,0.05197407079453148,0.25,160.10057087158157,276.7964881930928,160.10057087158157,299.2210422966739,22.424554103581094,0
G3642,input_image.png,F23,rectangle,vertical,160.30171261474473,261,160.30171261474473,315,0.05197407079453148,0.25,160.30171261474473,276.814179759051,160.30171261474473,299.23841387345135,22.424234114400384,0
G3643,input_image.png,F23,rectangle,vertical,160.50285435790786,261,160.50285435790786,315,0.05197407079453148,0.25,160.50285435790786,276.8316305376043,160.50285435790786,299.2560377738252,22.424407236220844,0
G3644,input_image.png,F23,rectangle,vertical,160.70399610107103,261,160.70399610107103,315,0.05197407079453148,0.25,160.70399610107103,276.84884541130725,160.70399610107103,299.27391953554525,22.425074124238034,0
G3645,input_image.png,F23,rectangle,vertical,160.90513784423416,261,160.90513784423416,315,0.05197407079453148,0.25,160.90513784423416,276.86582913159265,160.90513784423416,299.2920648596053,22.42623572801263,0
G3646,input_image.png,F23,rectangle,vertical,161.10627958739732,261,161.10627958739732,315,0.05197407079453148,0.25,161.10627958739732,276.8830367880825,161.10627958739732,299.31017249806223,22.427135709979737,0
G3647,input_image.png,F23,rectangle,vertical,161.30742133056046,261,161.30742133056046,315,0.05197407079453148,0.25,161.30742133056046,276.90042730913547,161.30742133056046,299.32828893648656,22.42786162735107,0
G3648,input_image.png,F23,rectangle,vertical,161.50856307372362,261,161.50856307372362,315,0.05197407079453148,0.25,161.50856307372362,276.91760358270994,161.50856307372362,299.3466973901537,22.429093807443756,0
G3649,input_image.png,F23,rectangle,vertical,161.70970481688676,261,161.70970481688676,315,0.05197407079453148,0.25,161.70970481688676,276.93456954379104,161.70970481688676,299.3654049768314,22.43083543304037,0
G3650,input_image.png,F23,rectangle,vertical,161.91084656004992,261,161.91084656004992,315,0.05197407079453148,0.25,161.91084656004992,276.9513290315876,161.91084656004992,299.38441904750647,22.433090015918854,0
G3651,input_image.png,F23,rectangle,vertical,162.11198830321305,261,162.11198830321305,315,0.05197407079453148,0.25,162.11198830321305,276.9683341535027,162.11198830321305,299.40383536552,22.435501212017286,0
G3652,input_image.png,F23,rectangle,vertical,162.31313004637622,261,162.31313004637622,315,0.05197407079453148,0.25,162.31313004637622,276.98551427463264,162.31313004637622,299.4236785183644,22.43816424373177,0
G3653,input_image.png,F23,rectangle,vertical,162.51427178953935,261,162.51427178953935,315,0.05197407079453148,0.25,162.51427178953935,277.00385204179497,162.51427178953935,299.44389829457134,22.440046252776366,0
G3654,input_image.png,F23,rectangle,vertical,162.7154135327025,261,162.7154135327025,315,0.05197407079453148,0.25,162.7154135327025,277.029430075906,162.7154135327025,299.4645055193484,22.435075443442337,0
G3655,input_image.png,F23,rectangle,vertical,162.91655527586565,261,162.91655527586565,315,0.05197407079453148,0.25,162.91655527586565,277.05449197643566,162.91655527586565,299.4855114367786,22.43101946034297,0
G3656,input_image.png,F23,rectangle,vertical,163.1176970190288,261,163.1176970190288,315,0.05197407079453148,0.25,163.1176970190288,277.080128507172,163.1176970190288,299.50727366350833,22.427145156336334,0
G3657,input_image.png,F23,rectangle,vertical,163.31883876219194,261,163.31883876219194,315,0.05197407079453148,0.25,163.31883876219194,277.10599695528,163.31883876219194,299.52975630070654,22.42375934542658,0
G3658,input_image.png,F23,rectangle,vertical,163.5199805053551,261,163.5199805053551,315,0.05197407079453148,0.25,163.5199805053551,277.1313394940671,163.5199805053551,299.55274380652037,22.42140431245327,0
G3659,input_image.png,F23,rectangle,vertical,163.72112224851824,261,163.72112224851824,315,0.05197407079453148,0.25,163.72112224851824,277.15617199986895,163.72112224851824,299.5762533800046,22.420081380135617,0
G3660,input_image.png,F23,rectangle,vertical,163.9222639916814,261,163.9222639916814,315,0.05197407079453148,0.25,163.9222639916814,277.1805097163471,163.9222639916814,299.60030301040007,22.419793294052955,0
G3661,input_image.png,F23,rectangle,vertical,164.12340573484454,261,164.12340573484454,315,0.05197407079453148,0.25,164.12340573484454,277.2068883681832,164.12340573484454,299.62505909233266,22.418170724149483,0
G3662,input_image.png,F23,rectangle,vertical,164.3245474780077,261,164.3245474780077,315,0.05197407079453148,0.25,164.3245474780077,277.2342212723697,164.3245474780077,299.6505239451931,22.41630267282333,0
G3663,input_image.png,F23,rectangle,vertical,164.52568922117084,261,164.52568922117084,315,0.05197407079453148,0.25,164.52568922117084,277.2609028812981,164.52568922117084,299.6766369723449,22.415734091046804,0
G3664,input_image.png,F23,rectangle,vertical,164.726830964334,261,164.726830964334,315,0.05197407079453148,0.25,164.726830964334,277.2869561997255,164.726830964334,299.7034232404419,22.416467040716373,0
G3665,input_image.png,F23,rectangle,vertical,164.92797270749713,261,164.92797270749713,315,0.05197407079453148,0.25,164.92797270749713,277.31240316159864,164.92797270749713,299.7309091255443,22.418505963945687,0
G3666,input_image.png,F23,rectangle,vertical,165.1291144506603,261,165.1291144506603,315,0.05197407079453148,0.25,165.1291144506603,277.33833946384493,165.1291144506603,299.75622725466553,22.41788779082062,0
G3667,input_image.png,F23,rectangle,vertical,165.33025619382346,261,165.33025619382346,315,0.05197407079453148,0.25,165.33025619382346,277.3642383565503,165.33025619382346,299.7804753242181,22.416236967667846,0
G3668,input_image.png,F23,rectangle,vertical,165.5313979369866,261,165.5313979369866,315,0.05197407079453148,0.25,165.5313979369866,277.3895078922938,165.5313979369866,299.80523994490983,22.415732052616033,0
G3669,input_image.png,F23,rectangle,vertical,165.73253968014976,261,165.73253968014976,315,0.05197407079453148,0.25,165.73253968014976,277.4141707362543,165.73253968014976,299.83053780040285,22.416367064148563,0
G3670,input_image.png,F23,rectangle,vertical,165.9336814233129,261,165.9336814233129,315,0.05197407079453148,0.25,165.9336814233129,277.4382484781918,165.9336814233129,299.85638630064784,22.418137822456064,0
G3671,input_image.png,F23,rectangle,vertical,166.13482316647605,261,166.13482316647605,315,0.05197407079453148,0.25,166.13482316647605,277.46129253994343,166.13482316647605,299.8807377661792,22.419445226235776,0
G3672,input_image.png,F23,rectangle,vertical,166.3359649096392,261,166.3359649096392,315,0.05197407079453148,0.25,166.3359649096392,277.48362122329735,166.3359649096392,299.904560853268,22.420939629970672,0
G3673,input_image.png,F23,rectangle,vertical,166.53710665280235,261,166.53710665280235,315,0.05197407079453148,0.25,166.53710665280235,277.50549220676305,166.53710665280235,299.92886684297696,22.42337463621388,0
G3674,input_image.png,F23,rectangle,vertical,166.73824839596548,261,166.73824839596548,315,0.05197407079453148,0.25,166.73824839596548,277.5269194206661,166.73824839596548,299.9536705685607,22.42675114789465,0
G3675,input_image.png,F23,rectangle,vertical,166.93939013912865,261,166.93939013912865,315,0.05197407079453148,0.25,166.93939013912865,277.54791623570753,166.93939013912865,299.9789874770669,22.431071241359355,0
G3676,input_image.png,F23,rectangle,vertical,167.14053188229178,261,167.14053188229178,315,0.05197407079453148,0.25,167.14053188229178,277.5683135647849,167.14053188229178,300.0021499439896,22.43383637920472,0
G3677,input_image.png,F23,rectangle,vertical,167.34167362545494,261,167.34167362545494,315,0.05197407079453148,0.25,167.34167362545494,277.58827104415695,167.34167362545494,300.01781671470644,22.429545670549487,0
G3678,input_image.png,F23,rectangle,vertical,167.54281536861808,261,167.54281536861808,315,0.05197407079453148,0.25,167.54281536861808,277.6078843362315,167.54281536861808,300.033663296376,22.4257789601445,0
G3679,input_image.png,F23,rectangle,vertical,167.74395711178124,261,167.74395711178124,315,0.05197407079453148,0.25,167.74395711178124,277.62716226868434,167.74395711178124,300.0496928024597,22.42253053377534,0
G3680,input_image.png,F23,rectangle,vertical,167.94509885494438,261,167.94509885494438,315,0.05197407079453148,0.25,167.94509885494438,277.64611336986854,167.94509885494438,300.06590841871633,22.419795048847774,0
G3681,input_image.png,F24,rectangle,horizontal,197,283.08208606839713,251,283.08208606839713,0.05197407079453148,0.25,211.50772685376808,283.08208606839713,238.20296417328655,283.08208606839713,26.69523731951844,0
G3682,input_image.png,F24,rectangle,horizontal,197,283.20659021856426,251,283.20659021856426,0.05197407079453148,0.25,211.4824760131322,283.20659021856426,238.2033054536336,283.20659021856426,26.720829440501383,0
G3683,input_image.png,F24,rectangle,horizontal,197,283.33109436873144,251,283.33109436873144,0.05197407079453148,0.25,211.45670526806134,283.33109436873144,238.2036395896548,283.33109436873144,26.74693432159346,0
G3684,input_image.png,F24,rectangle,horizontal,197,283.45559851889857,251,283.45559851889857,0.05197407079453148,0.25,211.43039839460522,283.45559851889857,238.2039668033642,283.45559851889857,26.773568408758987,0
G3685,input_image.png,F24,rectangle,horizontal,197,283.58010266906575,251,283.58010266906575,0.05197407079453148,0.25,211.40353848667968,283.58010266906575,238.20428730767114,283.58010266906575,26.800748820991473,0
G3686,input_image.png,F24,rectangle,horizontal,197,283.70460681923294,251,283.70460681923294,0.05197407079453148,0.25,211.37610791983568,283.70460681923294,238.20460130684233,283.70460681923294,26.82849338700664,0
G3687,input_image.png,F24,rectangle,horizontal,197,283.82911096940006,251,283.82911096940006,0.05197407079453148,0.25,211.34808831269416,283.82911096940006,238.20490899693596,283.82911096940006,26.856820684241807,0
G3688,input_image.png,F24,rectangle,horizontal,197,283.95361511956725,251,283.95361511956725,0.05197407079453148,0.25,211.31946048586926,283.95361511956725,238.20521056620993,283.95361511956725,26.885750080340664,0
G3689,input_image.png,F24,rectangle,horizontal,197,284.0781192697344,251,284.0781192697344,0.05197407079453148,0.25,211.29009348680628,284.0781192697344,238.19820459713864,284.0781192697344,26.908111110332342,0
G3690,input_image.png,F24,rectangle,horizontal,197,284.20262341990156,251,284.20262341990156,0.05197407079453148,0.25,211.25989256750952,284.20262341990156,238.18699609920648,284.20262341990156,26.927103531696957,0
G3691,input_image.png,F24,rectangle,horizontal,197,284.32712757006874,251,284.32712757006874,0.05197407079453148,0.25,211.22886505102196,284.32712757006874,238.17594919730834,284.32712757006874,26.947084146286382,0
G3692,input_image.png,F24,rectangle,horizontal,197,284.45163172023587,251,284.45163172023587,0.05197407079453148,0.25,211.19697653062195,284.45163172023587,238.16506042179319,284.45163172023587,26.96808389117121,0
G3693,input_image.png,F24,rectangle,horizontal,197,284.57613587040305,251,284.57613587040305,0.05197407079453148,0.25,211.1641906631688,284.57613587040305,238.15432640163394,284.57613587040305,26.990135738465153,0
G3694,input_image.png,F24,rectangle,horizontal,197,284.70064002057023,251,284.70064002057023,0.05197407079453148,0.25,211.13046903093075,284.70064002057023,238.14374386094804,284.70064002057023,27.01327483001728,0
G3695,input_image.png,F24,rectangle,horizontal,197,284.82514417073736,251,284.82514417073736,0.05197407079453148,0.25,211.09577099141126,284.82514417073736,238.13330961566416,284.82514417073736,27.037538624252917,0
G3696,input_image.png,F24,rectangle,horizontal,197,284.94964832090454,251,284.94964832090454,0.05197407079453148,0.25,211.06005351393813,284.94964832090454,238.12302057032824,284.94964832090454,27.062967056390107,0
G3697,input_image.png,F24,rectangle,horizontal,197,285.07415247107167,251,285.07415247107167,0.05197407079453148,0.25,211.02553659308444,285.07415247107167,238.10799172418484,285.07415247107167,27.082455131100406,0
G3698,input_image.png,F24,rectangle,horizontal,197,285.19865662123885,251,285.19865662123885,0.05197407079453148,0.25,210.99371517786318,285.19865662123885,238.0897038813727,285.19865662123885,27.095988703509562,0
G3699,input_image.png,F24,rectangle,horizontal,197,285.32316077140604,251,285.32316077140604,0.05197407079453148,0.25,210.96816136116277,285.32316077140604,238.0714504805506,285.32316077140604,27.10328911938784,0
G3700,input_image.png,F24,rectangle,horizontal,197,285.44766492157316,251,285.44766492157316,0.05197407079453148,0.25,210.9427161929281,285.44766492157316,238.0532314245117,285.44766492157316,27.110515231583616,0
G3701,input_image.png,F24,rectangle,horizontal,197,285.57216907174035,251,285.57216907174035,0.05197407079453148,0.25,210.9173789817097,285.57216907174035,238.03504661641472,285.57216907174035,27.117667634705,0
G3702,input_image.png,F24,rectangle,horizontal,197,285.69667322190753,251,285.69667322190753,0.05197407079453148,0.25,210.8921490419131,285.69667322190753,238.01689595978206,285.69667322190753,27.124746917868976,0
G3703,input_image.png,F24,rectangle,horizontal,197,285.82117737207466,251,285.82117737207466,0.05197407079453148,0.25,210.86702569373674,285.82117737207466,237.99831644625274,285.82117737207466,27.13129075251603,0
G3704,input_image.png,F24,rectangle,horizontal,197,285.94568152224184,251,285.94568152224184,0.05197407079453148,0.25,210.84200826311096,285.94568152224184,237.97370124770913,285.94568152224184,27.131692984598157,0
G3705,input_image.png,F24,rectangle,horizontal,197,286.07018567240897,251,286.07018567240897,0.05197407079453148,0.25,210.81922490601872,286.07018567240897,237.94470495896604,286.07018567240897,27.125480052947296,0
G3706,input_image.png,F24,rectangle,horizontal,197,286.19468982257615,251,286.19468982257615,0.05197407079453148,0.25,210.797954848073,286.19468982257615,237.9127351538487,286.19468982257615,27.11478030577572,0
G3707,input_image.png,F24,rectangle,horizontal,197,286.31919397274334,251,286.31919397274334,0.05197407079453148,0.25,210.77648134156482,286.31919397274334,237.88171804476303,286.31919397274334,27.105236703198223,0
G3708,input_image.png,F24,rectangle,horizontal,197,286.44369812291046,251,286.44369812291046,0.05197407079453148,0.25,210.7548014534822,286.44369812291046,237.8516116715855,286.44369812291046,27.096810218103286,0
G3709,input_image.png,F24,rectangle,horizontal,197,286.56820227307765,251,286.56820227307765,0.05197407079453148,0.25,210.73291219416265,286.56820227307765,237.8223765026376,286.56820227307765,27.08946430847496,0
G3710,input_image.png,F24,rectangle,horizontal,197,286.6927064232448,251,286.6927064232448,0.05197407079453148,0.25,210.7108105159188,286.6927064232448,237.79397526150876,286.6927064232448,27.083164745589933,0
G3711,input_image.png,F24,rectangle,horizontal,197,286.81721057341196,251,286.81721057341196,0.05197407079453148,0.25,210.6884933116238,286.81721057341196,237.76637276848965,286.81721057341196,27.07787945686585,0
G3712,input_image.png,F24,rectangle,horizontal,197,286.94171472357914,251,286.94171472357914,0.05197407079453148,0.25,210.66595741325514,286.94171472357914,237.73953579519937,286.94171472357914,27.073578381944216,0
G3713,input_image.png,F24,rectangle,horizontal,197,287.06621887374627,251,287.06621887374627,0.05197407079453148,0.25,210.64420680825248,287.06621887374627,237.71249778537032,287.06621887374627,27.068290977117854,0
G3714,input_image.png,F24,rectangle,horizontal,197,287.19072302391345,251,287.19072302391345,0.05197407079453148,0.25,210.62303582500644,287.19072302391345,237.68531175632285,287.19072302391345,27.06227593131642,0
G3715,input_image.png,F24,rectangle,horizontal,197,287.31522717408063,251,287.31522717408063,0.05197407079453148,0.25,210.60152569137742,287.31522717408063,237.65876754352905,287.31522717408063,27.057241852151652,0
G3716,input_image.png,F24,rectangle,horizontal,197,287.43973132424776,251,287.43973132424776,0.05197407079453148,0.25,210.57966819198896,287.43973132424776,237.6328426838499,287.43973132424776,27.053174491860943,0
G3717,input_image.png,F24,rectangle,horizontal,197,287.56423547441494,251,287.56423547441494,0.05197407079453148,0.25,210.5574548439655,287.56423547441494,237.6075157503176,287.56423547441494,27.050060906352083,0
G3718,input_image.png,F24,rectangle,horizontal,197,287.68873962458207,251,287.68873962458207,0.05197407079453148,0.25,210.5348768859556,287.68873962458207,237.5827662930717,287.68873962458207,27.04788940711608,0
G3719,input_image.png,F24,rectangle,horizontal,197,287.81324377474925,251,287.81324377474925,0.05197407079453148,0.25,210.5119252666101,287.81324377474925,237.55857478428962,287.81324377474925,27.046649517679537,0
G3720,input_image.png,F24,rectangle,horizontal,197,287.93774792491644,251,287.93774792491644,0.05197407079453148,0.25,210.48859063248338,287.93774792491644,237.5349225668001,287.93774792491644,27.046331934316736,0
G3721,input_image.png,F24,rectangle,horizontal,197,288.06225207508356,251,288.06225207508356,0.05197407079453148,0.25,210.46514693254483,288.06225207508356,237.51147860994874,288.06225207508356,27.046331677403906,0
G3722,input_image.png,F24,rectangle,horizontal,197,288.18675622525075,251,288.18675622525075,0.05197407079453148,0.25,210.44149422359172,288.18675622525075,237.4881428713369,288.18675622525075,27.04664864774519,0
G3723,input_image.png,F24,rectangle,horizontal,197,288.31126037541793,251,288.31126037541793,0.05197407079453148,0.25,210.4173022779589,288.31126037541793,237.46519007023,288.31126037541793,27.04788779227109,0
G3724,input_image.png,F24,rectangle,horizontal,197,288.43576452558506,251,288.43576452558506,0.05197407079453148,0.25,210.3925524426675,288.43576452558506,237.44261085737986,288.43576452558506,27.05005841471235,0
G3725,input_image.png,F24,rectangle,horizontal,197,288.56026867575224,251,288.56026867575224,0.05197407079453148,0.25,210.36722519439166,288.56026867575224,237.4203961854252,288.56026867575224,27.053170991033532,0
G3726,input_image.png,F24,rectangle,horizontal,197,288.68477282591937,251,288.68477282591937,0.05197407079453148,0.25,210.34130008809652,288.68477282591937,237.39853729680425,288.68477282591937,27.057237208707726,0
G3727,input_image.png,F24,rectangle,horizontal,197,288.80927697608655,251,288.80927697608655,0.05197407079453148,0.25,210.31475570199532,288.80927697608655,237.37702571224347,288.80927697608655,27.062270010248163,0
G3728,input_image.png,F24,rectangle,horizontal,197,288.93378112625373,251,288.93378112625373,0.05197407079453148,0.25,210.28756957851465,288.93378112625373,237.35585321979096,288.93378112625373,27.0682836412763,0
G3729,input_image.png,F24,rectangle,horizontal,197,289.05828527642086,251,289.05828527642086,0.05197407079453148,0.25,210.26053162765965,289.05828527642086,237.33410202454476,289.05828527642086,27.073570396885124,0
G3730,input_image.png,F24,rectangle,horizontal,197,289.18278942658804,251,289.18278942658804,0.05197407079453148,0.25,210.2336948868722,289.18278942658804,237.311566621243,289.18278942658804,27.077871734370795,0
G3731,input_image.png,F24,rectangle,horizontal,197,289.3072935767552,251,289.3072935767552,0.05197407079453148,0.25,210.20609273156953,289.3072935767552,237.289249902591,289.3072935767552,27.083157171021487,0
G3732,input_image.png,F24,rectangle,horizontal,197,289.43179772692235,251,289.43179772692235,0.05197407079453148,0.25,210.17769194227793,289.43179772692235,237.26714870076938,289.43179772692235,27.08945675849147,0
G3733,input_image.png,F24,rectangle,horizontal,197,289.55630187708954,251,289.55630187708954,0.05197407079453148,0.25,210.14845734897722,289.55630187708954,237.24525990884922,289.55630187708954,27.096802559872025,0
G3734,input_image.png,F24,rectangle,horizontal,197,289.68080602725666,251,289.68080602725666,0.05197407079453148,0.25,210.11835168580518,289.68080602725666,237.22358047933608,289.68080602725666,27.105228793530898,0
G3735,input_image.png,F24,rectangle,horizontal,197,289.80531017742385,251,289.80531017742385,0.05197407079453148,0.25,210.08733543257796,289.80531017742385,237.20210742275543,289.80531017742385,27.114771990177488,0
G3736,input_image.png,F24,rectangle,horizontal,197,289.92981432759103,251,289.92981432759103,0.05197407079453148,0.25,210.05536664170938,289.92981432759103,237.18083780627867,289.92981432759103,27.12547116456929,0
G3737,input_image.png,F24,rectangle,horizontal,197,290.05431847775816,251,290.05431847775816,0.05197407079453148,0.25,210.0263714297464,290.05431847775816,237.1580541341179,290.05431847775816,27.13168270437147,0
G3738,input_image.png,F24,rectangle,horizontal,197,290.17882262792534,251,290.17882262792534,0.05197407079453148,0.25,210.00175721475608,290.17882262792534,237.13303545058096,290.17882262792534,27.131278235824876,0
G3739,input_image.png,F24,rectangle,horizontal,197,290.30332677809247,251,290.30332677809247,0.05197407079453148,0.25,209.98315740051353,290.30332677809247,237.10791089355567,290.30332677809247,27.124753493042142,0
G3740,input_image.png,F24,rectangle,horizontal,197,290.42783092825965,251,290.42783092825965,0.05197407079453148,0.25,209.9650066999016,290.42783092825965,237.08267978956746,290.42783092825965,27.11767308966587,0
G3741,input_image.png,F24,rectangle,horizontal,197,290.55233507842684,251,290.55233507842684,0.05197407079453148,0.25,209.94682185840097,290.55233507842684,237.05734145941773,290.55233507842684,27.110519601016772,0
G3742,input_image.png,F24,rectangle,horizontal,197,290.67683922859396,251,290.67683922859396,0.05197407079453148,0.25,209.92860277959403,290.67683922859396,237.0318952181226,290.67683922859396,27.103292438528552,0
G3743,input_image.png,F24,rectangle,horizontal,197,290.80134337876115,251,290.80134337876115,0.05197407079453148,0.25,209.91034936669985,290.80134337876115,237.00634037485128,290.80134337876115,27.095991008151437,0
G3744,input_image.png,F24,rectangle,horizontal,197,290.92584752892833,251,290.92584752892833,0.05197407079453148,0.25,209.8920615225723,290.92584752892833,236.97453559315414,290.92584752892833,27.082474070581824,0
G3745,input_image.png,F24,rectangle,horizontal,197,291.05035167909546,251,291.05035167909546,0.05197407079453148,0.25,209.87703317965668,291.05035167909546,236.94001677096605,291.05035167909546,27.062983591309354,0
G3746,input_image.png,F24,rectangle,horizontal,197,291.17485582926264,251,291.17485582926264,0.05197407079453148,0.25,209.86674540770312,291.17485582926264,236.904297509886,291.17485582926264,27.03755210218287,0
G3747,input_image.png,F24,rectangle,horizontal,197,291.29935997942977,251,291.29935997942977,0.05197407079453148,0.25,209.8563124941413,291.29935997942977,236.8695975508791,291.29935997942977,27.01328505673781,0
G3748,input_image.png,F24,rectangle,horizontal,197,291.42386412959695,251,291.42386412959695,0.05197407079453148,0.25,209.84573134562734,291.42386412959695,236.8358738767808,291.42386412959695,26.99014253115343,0
G3749,input_image.png,F24,rectangle,horizontal,197,291.54836827976413,251,291.54836827976413,0.05197407079453148,0.25,209.83499878028562,291.54836827976413,236.80308585742702,291.54836827976413,26.968087077141412,0
G3750,input_image.png,F24,rectangle,horizontal,197,291.67287242993126,251,291.67287242993126,0.05197407079453148,0.25,209.82411152451846,291.67287242993126,236.77119508635292,291.67287242993126,26.947083561834475,0
G3751,input_image.png,F24,rectangle,horizontal,197,291.79737658009844,251,291.79737658009844,0.05197407079453148,0.25,209.81306620967734,291.79737658009844,236.74016523071657,291.79737658009844,26.927099021039226,0
G3752,input_image.png,F24,rectangle,horizontal,197,291.9218807302656,251,291.9218807302656,0.05197407079453148,0.25,209.8018593685878,291.9218807302656,236.7099618932154,291.9218807302656,26.908102524627598,0
G3753,input_image.png,F24,rectangle,horizontal,197,292.04638488043275,251,292.04638488043275,0.05197407079453148,0.25,209.79485503134975,292.04638488043275,236.6805926025305,292.04638488043275,26.885737571180755,0
G3754,input_image.png,F24,rectangle,horizontal,197,292.17088903059994,251,292.17088903059994,0.05197407079453148,0.25,209.79515811139774,292.17088903059994,236.65196286041993,292.17088903059994,26.85680474902218,0
G3755,input_image.png,F24,rectangle,horizontal,197,292.29539318076706,251,292.29539318076706,0.05197407079453148,0.25,209.79546734175483,292.29539318076706,236.62394142934943,292.29539318076706,26.828474087594575,0
G3756,input_image.png,F24,rectangle,horizontal,197,292.41989733093425,251,292.41989733093425,0.05197407079453148,0.25,209.79578291154948,292.41989733093425,236.59650912547136,292.41989733093425,26.800726213921905,0
G3757,input_image.png,F24,rectangle,horizontal,197,292.54440148110143,251,292.54440148110143,0.05197407079453148,0.25,209.7961050177449,292.54440148110143,236.56964756319562,292.54440148110143,26.77354254545072,0
G3758,input_image.png,F24,rectangle,horizontal,197,292.66890563126856,251,292.66890563126856,0.05197407079453148,0.25,209.79643386554918,292.66890563126856,236.54333911409663,292.66890563126856,26.746905248547435,0
G3759,input_image.png,F24,rectangle,horizontal,197,292.79340978143574,251,292.79340978143574,0.05197407079453148,0.25,209.79676966885114,292.79340978143574,236.51756686833318,292.79340978143574,26.72079719948204,0
G3760,input_image.png,F24,rectangle,horizontal,197,292.91791393160287,251,292.91791393160287,0.05197407079453148,0.25,209.79711265068426,292.91791393160287,236.4923145984035,292.91791393160287,26.695201947719262,0
G3761,input_image.png,F24,rectangle,vertical,217.7788021360282,261,217.7788021360282,315,0.05197407079453148,0.25,217.7788021360282,276.1784915376189,217.7788021360282,297.2927385909426,21.11424705332369,0
G3762,input_image.png,F24,rectangle,vertical,217.93630081612875,261,217.93630081612875,315,0.05197407079453148,0.25,217.93630081612875,276.2053694406702,217.93630081612875,297.3224194118929,21.1170499712227,0
G3763,input_image.png,F24,rectangle,vertical,218.0937994962293,261,218.0937994962293,315,0.05197407079453148,0.25,218.0937994962293,276.2360386240133,218.0937994962293,297.35116042730147,21.115121803288197,0
G3764,input_image.png,F24,rectangle,vertical,218.25129817632984,261,218.25129817632984,315,0.05197407079453148,0.25,218.25129817632984,276.2688220219464,218.25129817632984,297.3795394182655,21.11071739631909,0
G3765,input_image.png,F24,rectangle,vertical,218.4087968564304,261,218.4087968564304,315,0.05197407079453148,0.25,218.4087968564304,276.3005025510743,218.4087968564304,297.40848098731146,21.10797843623712,0
G3766,input_image.png,F24,rectangle,vertical,218.56629553653096,261,218.56629553653096,315,0.05197407079453148,0.25,218.56629553653096,276.3311349433178,218.56629553653096,297.43800203052393,21.106867087206098,0
G3767,input_image.png,F24,rectangle,vertical,218.72379421663152,261,218.72379421663152,315,0.05197407079453148,0.25,218.72379421663152,276.3607703679669,218.72379421663152,297.46812012742333,21.107349759456405,0
G3768,input_image.png,F24,rectangle,vertical,218.88129289673205,261,218.88129289673205,315,0.05197407079453148,0.25,218.88129289673205,276.38945671691437,218.88129289673205,297.4988535758746,21.10939685896023,0
G3769,input_image.png,F24,rectangle,vertical,219.0387915768326,261,219.0387915768326,315,0.05197407079453148,0.25,219.0387915768326,276.41779972065376,219.0387915768326,297.5302761125264,21.112476391872594,0
G3770,input_image.png,F24,rectangle,vertical,219.19629025693317,261,219.19629025693317,315,0.05197407079453148,0.25,219.19629025693317,276.44707046625666,219.19629025693317,297.56266525191427,21.1155947856576,0
G3771,input_image.png,F24,rectangle,vertical,219.35378893703373,261,219.35378893703373,315,0.05197407079453148,0.25,219.35378893703373,276.47562752051283,219.35378893703373,297.59597490305225,21.120347382539386,0
G3772,input_image.png,F24,rectangle,vertical,219.51128761713426,261,219.51128761713426,315,0.05197407079453148,0.25,219.51128761713426,276.50349667131036,219.51128761713426,297.63024487355904,21.12674820224867,0
G3773,input_image.png,F24,rectangle,vertical,219.66878629723482,261,219.66878629723482,315,0.05197407079453148,0.25,219.66878629723482,276.53070247892765,219.66878629723482,297.6655172999368,21.134814821009158,0
G3774,input_image.png,F24,rectangle,vertical,219.82628497733538,261,219.82628497733538,315,0.05197407079453148,0.25,219.82628497733538,276.5572683482234,219.82628497733538,297.7018368204085,21.144568472185142,0
G3775,input_image.png,F24,rectangle,vertical,219.98378365743594,261,219.98378365743594,315,0.05197407079453148,0.25,219.98378365743594,276.5832165957914,219.98378365743594,297.73925076337986,21.156034167588487,0
G3776,input_image.png,F24,rectangle,vertical,220.14128233753647,261,220.14128233753647,315,0.05197407079453148,0.25,220.14128233753647,276.6106223203759,220.14128233753647,297.7780825390735,21.167460218697634,0
G3777,input_image.png,F24,rectangle,vertical,220.29878101763703,261,220.29878101763703,315,0.05197407079453148,0.25,220.29878101763703,276.6378008495298,220.29878101763703,297.81833735649013,21.18053650696031,0
G3778,input_image.png,F24,rectangle,vertical,220.45627969773759,261,220.45627969773759,315,0.05197407079453148,0.25,220.45627969773759,276.664534097872,220.45627969773759,297.8600709459423,21.195536848070304,0
G3779,input_image.png,F24,rectangle,vertical,220.61377837783814,261,220.61377837783814,315,0.05197407079453148,0.25,220.61377837783814,276.69083291940996,220.61377837783814,297.9033663167756,21.212533397365597,0
G3780,input_image.png,F24,rectangle,vertical,220.77127705793868,261,220.77127705793868,315,0.05197407079453148,0.25,220.77127705793868,276.7167078182299,220.77127705793868,297.94831280966184,21.231604991431922,0
G3781,input_image.png,F24,rectangle,vertical,220.92877573803923,261,220.92877573803923,315,0.05197407079453148,0.25,220.92877573803923,276.74216896248515,220.92877573803923,297.99500671196546,21.25283774948028,0
G3782,input_image.png,F24,rectangle,vertical,221.0862744181398,261,221.0862744181398,315,0.05197407079453148,0.25,221.0862744181398,276.76913827130113,221.0862744181398,298.0293254260638,21.26018715476263,0
G3783,input_image.png,F24,rectangle,vertical,221.24377309824033,261,221.24377309824033,315,0.05197407079453148,0.25,221.24377309824033,276.7974891129565,221.24377309824033,298.0602069738535,21.262717860896984,0
G3784,input_image.png,F24,rectangle,vertical,221.40127177834088,261,221.40127177834088,315,0.05197407079453148,0.25,221.40127177834088,276.82570290657765,221.40127177834088,298.0910574167764,21.265354510198698,0
G3785,input_image.png,F24,rectangle,vertical,221.55877045844144,261,221.55877045844144,315,0.05197407079453148,0.25,221.55877045844144,276.85378064350436,221.55877045844144,298.12187680180347,21.26809615829911,0
G3786,input_image.png,F24,rectangle,vertical,221.716269138542,261,221.716269138542,315,0.05197407079453148,0.25,221.716269138542,276.88172330553806,221.716269138542,298.15266517581125,21.27094187027321,0
G3787,input_image.png,F24,rectangle,vertical,221.87376781864253,261,221.87376781864253,315,0.05197407079453148,0.25,221.87376781864253,276.9095318650566,221.87376781864253,298.18342258558204,21.27389072052543,0
G3788,input_image.png,F24,rectangle,vertical,222.0312664987431,261,222.0312664987431,315,0.05197407079453148,0.25,222.0312664987431,276.9384772197469,222.0312664987431,298.2134263832069,21.27494916346005,0
G3789,input_image.png,F24,rectangle,vertical,222.18876517884365,261,222.18876517884365,315,0.05197407079453148,0.25,222.18876517884365,276.97285784987804,222.18876517884365,298.2407258435968,21.267867993718802,0
G3790,input_image.png,F24,rectangle,vertical,222.3462638589442,261,222.3462638589442,315,0.05197407079453148,0.25,222.3462638589442,277.01040036888,222.3462638589442,298.2684078645068,21.258007495626774,0
G3791,input_image.png,F24,rectangle,vertical,222.50376253904474,261,222.50376253904474,315,0.05197407079453148,0.25,222.50376253904474,277.055964753602,222.50376253904474,298.2964805441871,21.2405157905851,0
G3792,input_image.png,F24,rectangle,vertical,222.6612612191453,261,222.6612612191453,315,0.05197407079453148,0.25,222.6612612191453,277.09980143051365,222.6612612191453,298.32495221108326,21.225150780569603,0
G3793,input_image.png,F24,rectangle,vertical,222.81875989924586,261,222.81875989924586,315,0.05197407079453148,0.25,222.81875989924586,277.1420068379368,222.81875989924586,298.3538314320738,21.21182459413697,0
G3794,input_image.png,F24,rectangle,vertical,222.97625857934642,261,222.97625857934642,315,0.05197407079453148,0.25,222.97625857934642,277.1826703678887,222.97625857934642,298.38312702106407,21.200456653175394,0
G3795,input_image.png,F24,rectangle,vertical,223.13375725944695,261,223.13375725944695,315,0.05197407079453148,0.25,223.13375725944695,277.2225336136829,223.13375725944695,298.41167972422085,21.189146110537955,0
G3796,input_image.png,F24,rectangle,vertical,223.2912559395475,261,223.2912559395475,315,0.05197407079453148,0.25,223.2912559395475,277.26121775440373,223.2912559395475,298.44062820164754,21.179410447243825,0
G3797,input_image.png,F24,rectangle,vertical,223.44875461964807,261,223.44875461964807,315,0.05197407079453148,0.25,223.44875461964807,277.29867475536395,223.44875461964807,298.4702133676546,21.17153861229066,0
G3798,input_image.png,F24,rectangle,vertical,223.60625329974863,261,223.60625329974863,315,0.05197407079453148,0.25,223.60625329974863,277.3349620959421,223.60625329974863,298.5004564606525,21.16549436471039,0
G3799,input_image.png,F24,rectangle,vertical,223.76375197984916,261,223.76375197984916,315,0.05197407079453148,0.25,223.76375197984916,277.3701337209157,223.76375197984916,298.53137967429024,21.161245953374536,0
G3800,input_image.png,F24,rectangle,vertical,223.92125065994972,261,223.92125065994972,315,0.05197407079453148,0.25,223.92125065994972,277.4042403080405,223.92125065994972,298.56300621177047,21.158765903729968,0
G3801,input_image.png,F24,rectangle,vertical,224.07874934005028,261,224.07874934005028,315,0.05197407079453148,0.25,224.07874934005028,277.4369937734522,224.07874934005028,298.59575967623044,21.158765902778278,0
G3802,input_image.png,F24,rectangle,vertical,224.23624802015084,261,224.23624802015084,315,0.05197407079453148,0.25,224.23624802015084,277.46862031235673,224.23624802015084,298.6298662628674,21.161245950510644,0
G3803,input_image.png,F24,rectangle,vertical,224.39374670025137,261,224.39374670025137,315,0.05197407079453148,0.25,224.39374670025137,277.4995435273893,224.39374670025137,298.6650378873083,21.165494359919,0
G3804,input_image.png,F24,rectangle,vertical,224.55124538035193,261,224.55124538035193,315,0.05197407079453148,0.25,224.55124538035193,277.5297866217533,224.55124538035193,298.70132522730535,21.17153860555202,0
G3805,input_image.png,F24,rectangle,vertical,224.7087440604525,261,224.7087440604525,315,0.05197407079453148,0.25,224.7087440604525,277.55937178909875,224.7087440604525,298.73878222763216,21.17941043853341,0
G3806,input_image.png,F24,rectangle,vertical,224.86624274055305,261,224.86624274055305,315,0.05197407079453148,0.25,224.86624274055305,277.5883202678369,224.86624274055305,298.77746636766307,21.189146099826175,0
G3807,input_image.png,F24,rectangle,vertical,225.02374142065358,261,225.02374142065358,315,0.05197407079453148,0.25,225.02374142065358,277.6168729726314,225.02374142065358,298.8173296126494,21.200456640017986,0
G3808,input_image.png,F24,rectangle,vertical,225.18124010075414,261,225.18124010075414,315,0.05197407079453148,0.25,225.18124010075414,277.64616856522366,225.18124010075414,298.8579931414054,21.211824576181776,0
G3809,input_image.png,F24,rectangle,vertical,225.3387387808547,261,225.3387387808547,315,0.05197407079453148,0.25,225.3387387808547,277.67504778979696,225.3387387808547,298.900198547557,21.22515075776007,0
G3810,input_image.png,F24,rectangle,vertical,225.49623746095526,261,225.49623746095526,315,0.05197407079453148,0.25,225.49623746095526,277.7035194602566,225.49623746095526,298.9440352231154,21.240515762858784,0
G3811,input_image.png,F24,rectangle,vertical,225.6537361410558,261,225.6537361410558,315,0.05197407079453148,0.25,225.6537361410558,277.7315921434808,225.6537361410558,298.9895996063955,21.25800746291468,0
G3812,input_image.png,F24,rectangle,vertical,225.81123482115635,261,225.81123482115635,315,0.05197407079453148,0.25,225.81123482115635,277.7592741679148,225.81123482115635,299.0271421307892,21.267867962874377,0
G3813,input_image.png,F24,rectangle,vertical,225.9687335012569,261,225.9687335012569,315,0.05197407079453148,0.25,225.9687335012569,277.7865736318087,225.9687335012569,299.06152276023846,21.27494912842972,0
G3814,input_image.png,F24,rectangle,vertical,226.12623218135747,261,226.12623218135747,315,0.05197407079453148,0.25,226.12623218135747,277.81657743632786,226.12623218135747,299.09046811361736,21.273890677289504,0
G3815,input_image.png,F24,rectangle,vertical,226.283730861458,261,226.283730861458,315,0.05197407079453148,0.25,226.283730861458,277.8473348539185,226.283730861458,299.11827667167006,21.270941817751574,0
G3816,input_image.png,F24,rectangle,vertical,226.44122954155856,261,226.44122954155856,315,0.05197407079453148,0.25,226.44122954155856,277.8781232358385,226.44122954155856,299.14621933224004,21.268096096401578,0
G3817,input_image.png,F24,rectangle,vertical,226.59872822165912,261,226.59872822165912,315,0.05197407079453148,0.25,226.59872822165912,277.9089426288703,226.59872822165912,299.1742970677052,21.265354438834894,0
G3818,input_image.png,F24,rectangle,vertical,226.75622690175967,261,226.75622690175967,315,0.05197407079453148,0.25,226.75622690175967,277.9397930798907,226.75622690175967,299.20251085986706,21.262717779976356,0
G3819,input_image.png,F24,rectangle,vertical,226.9137255818602,261,226.9137255818602,315,0.05197407079453148,0.25,226.9137255818602,277.9706746358711,226.9137255818602,299.2308617000656,21.260187064194444,0
G3820,input_image.png,F24,rectangle,vertical,227.07122426196077,261,227.07122426196077,315,0.05197407079453148,0.25,227.07122426196077,278.00499338484093,227.07122426196077,299.2578310071881,21.252837622347162,0
G3821,input_image.png,F24,rectangle,vertical,227.22872294206132,261,227.22872294206132,315,0.05197407079453148,0.25,227.22872294206132,278.0516873016811,227.22872294206132,299.2832921494431,21.231604847761993,0
G3822,input_image.png,F24,rectangle,vertical,227.38622162216188,261,227.38622162216188,315,0.05197407079453148,0.25,227.38622162216188,278.09663380873786,227.38622162216188,299.30916704623786,21.21253323749996,0
G3823,input_image.png,F24,rectangle,vertical,227.54372030226241,261,227.54372030226241,315,0.05197407079453148,0.25,227.54372030226241,278.139929193386,227.54372030226241,299.33546586572515,21.195536672339095,0
G3824,input_image.png,F24,rectangle,vertical,227.70121898236297,261,227.70121898236297,315,0.05197407079453148,0.25,227.70121898236297,278.18166279630805,227.70121898236297,299.3621991119908,21.180536315682744,0
G3825,input_image.png,F24,rectangle,vertical,227.85871766246353,261,227.85871766246353,315,0.05197407079453148,0.25,227.85871766246353,278.2219176268597,227.85871766246353,299.38937763904187,21.167460012182143,0
G3826,input_image.png,F24,rectangle,vertical,228.01621634256406,261,228.01621634256406,315,0.05197407079453148,0.25,228.01621634256406,278.2607494158455,228.01621634256406,299.4167833615055,21.156033945660027,0
G3827,input_image.png,F24,rectangle,vertical,228.17371502266462,261,228.17371502266462,315,0.05197407079453148,0.25,228.17371502266462,278.29816337589625,228.17371502266462,299.4427316070066,21.144568231110306,0
G3828,input_image.png,F24,rectangle,vertical,228.33121370276518,261,228.33121370276518,315,0.05197407079453148,0.25,228.33121370276518,278.334482912978,228.33121370276518,299.46929747421575,21.134814561237746,0
G3829,input_image.png,F24,rectangle,vertical,228.48871238286574,261,228.48871238286574,315,0.05197407079453148,0.25,228.48871238286574,278.36975535551545,228.48871238286574,299.49650327972734,21.126747924211845,0
G3830,input_image.png,F24,rectangle,vertical,228.64621106296627,261,228.64621106296627,315,0.05197407079453148,0.25,228.64621106296627,278.4040253417497,228.64621106296627,299.52437242840045,21.120347086650767,0
G3831,input_image.png,F24,rectangle,vertical,228.80370974306683,261,228.80370974306683,315,0.05197407079453148,0.25,228.80370974306683,278.43733500819974,228.80370974306683,299.552929480514,21.115594472314275,0
G3832,input_image.png,F24,rectangle,vertical,228.9612084231674,261,228.9612084231674,315,0.05197407079453148,0.25,228.9612084231674,278.46972416250065,228.9612084231674,299.58220022395676,21.112476061456103,0
G3833,input_image.png,F24,rectangle,vertical,229.11870710326795,261,229.11870710326795,315,0.05197407079453148,0.25,229.11870710326795,278.5011467094463,229.11870710326795,299.6105432297115,21.109396520265175,0
G3834,input_image.png,F24,rectangle,vertical,229.27620578336848,261,229.27620578336848,315,0.05197407079453148,0.25,229.27620578336848,278.5318801661226,229.27620578336848,299.6392295821524,21.107349416029752,0
G3835,input_image.png,F24,rectangle,vertical,229.43370446346904,261,229.43370446346904,315,0.05197407079453148,0.25,229.43370446346904,278.5619982705543,229.43370446346904,299.66886501042717,21.106866739872864,0
G3836,input_image.png,F24,rectangle,vertical,229.5912031435696,261,229.5912031435696,315,0.05197407079453148,0.25,229.5912031435696,278.5915193206424,229.5912031435696,299.69949740643614,21.107978085793704,0
G3837,input_image.png,F24,rectangle,vertical,229.74870182367016,261,229.74870182367016,315,0.05197407079453148,0.25,229.74870182367016,278.62046089594156,229.74870182367016,299.73117793947745,21.110717043535853,0
G3838,input_image.png,F24,rectangle,vertical,229.9062005037707,261,229.9062005037707,315,0.05197407079453148,0.25,229.9062005037707,278.64883989256845,229.9062005037707,299.76396134148047,21.115121448912028,0
G3839,input_image.png,F24,rectangle,vertical,230.06369918387125,261,230.06369918387125,315,0.05197407079453148,0.25,230.06369918387125,278.677580904372,230.06369918387125,299.79463053699334,21.117049632621363,0
G3840,input_image.png,F24,rectangle,vertical,230.2211978639718,261,230.2211978639718,315,0.05197407079453148,0.25,230.2211978639718,278.7072617068192,230.2211978639718,299.8215084642648,21.114246757445557,0
G3841,input_image.png,F25,ellipse,horizontal,261,283.7613166102934,315,283.7613166102934,0.05197407079453148,0.25,275.5909766280514,283.7613166102934,299.2131909433245,283.7613166102934,23.622214315273116,0
G3842,input_image.png,F25,ellipse,horizontal,261,283.86862505053915,315,283.86862505053915,0.05197407079453148,0.25,275.5082152019076,283.86862505053915,299.3240964511284,283.86862505053915,23.8158812492208,0
G3843,input_image.png,F25,ellipse,horizontal,261,283.9759334907849,315,283.9759334907849,0.05197407079453148,0.25,275.4267480056002,283.9759334907849,299.43364020090496,283.9759334907849,24.00689219530478,0
G3844,input_image.png,F25,ellipse,horizontal,261,284.0832419310306,315,284.0832419310306,0.05197407079453148,0.25,275.36093170622536,284.0832419310306,299.52829523198767,284.0832419310306,24.16736352576234,0
G3845,input_image.png,F25,ellipse,horizontal,261,284.19055037127634,315,284.19055037127634,0.05197407079453148,0.25,275.2998097658983,284.19055037127634,299.6187240551426,284.19055037127634,24.318914289244255,0
G3846,input_image.png,F25,ellipse,horizontal,261,284.2978588115221,315,284.2978588115221,0.05197407079453148,0.25,275.23912773531265,284.2978588115221,299.70897387557613,284.2978588115221,24.469846140263492,0
G3847,input_image.png,F25,ellipse,horizontal,261,284.4051672517678,315,284.4051672517678,0.05197407079453148,0.25,275.17888088228864,284.4051672517678,299.79904522426335,284.4051672517678,24.62016434197468,0
G3848,input_image.png,F25,ellipse,horizontal,261,284.5124756920136,315,284.5124756920136,0.05197407079453148,0.25,275.11906454227716,284.5124756920136,299.88893863008116,284.5124756920136,24.769874087803966,0
G3849,input_image.png,F25,ellipse,horizontal,261,284.6197841322593,315,284.6197841322593,0.05197407079453148,0.25,275.05967411715585,284.6197841322593,299.9786546198188,284.6197841322593,24.918980502662976,0
G3850,input_image.png,F25,ellipse,horizontal,261,284.72709257250506,315,284.72709257250506,0.05197407079453148,0.25,275.00070507405064,284.72709257250506,300.06641017119176,284.72709257250506,25.06570509714109,0
G3851,input_image.png,F25,ellipse,horizontal,261,284.8344010127508,315,284.8344010127508,0.05197407079453148,0.25,274.942872897991,284.8344010127508,300.1528878182611,284.8344010127508,25.21001492027013,0
G3852,input_image.png,F25,ellipse,horizontal,261,284.9417094529965,315,284.9417094529965,0.05197407079453148,0.25,274.885557532942,284.9417094529965,300.23858172478214,284.9417094529965,25.353024191840092,0
G3853,input_image.png,F25,ellipse,horizontal,261,285.04901789324225,315,285.04901789324225,0.05197407079453148,0.25,274.8374197943306,285.04901789324225,300.3155485077084,285.04901789324225,25.478128713377853,0
G3854,input_image.png,F25,ellipse,horizontal,261,285.156326333488,315,285.156326333488,0.05197407079453148,0.25,274.80000209798493,285.156326333488,300.38251923018004,285.156326333488,25.582517132195115,0
G3855,input_image.png,F25,ellipse,horizontal,261,285.2636347737337,315,285.2636347737337,0.05197407079453148,0.25,274.7629476873025,285.2636347737337,300.4490421167532,285.2636347737337,25.686094429450662,0
G3856,input_image.png,F25,ellipse,horizontal,261,285.37094321397944,315,285.37094321397944,0.05197407079453148,0.25,274.726251297172,285.37094321397944,300.51512164450355,285.37094321397944,25.788870347331574,0
G3857,input_image.png,F25,ellipse,horizontal,261,285.4782516542252,315,285.4782516542252,0.05197407079453148,0.25,274.68990776373585,285.4782516542252,300.5807622310276,285.4782516542252,25.890854467291764,0
G3858,input_image.png,F25,ellipse,horizontal,261,285.5855600944709,315,285.5855600944709,0.05197407079453148,0.25,274.6539120219686,285.5855600944709,300.6459682354275,285.5855600944709,25.99205621345891,0
G3859,input_image.png,F25,ellipse,horizontal,261,285.6928685347167,315,285.6928685347167,0.05197407079453148,0.25,274.61825910332317,285.6928685347167,300.7107439592758,285.6928685347167,26.09248485595265,0
G3860,input_image.png,F25,ellipse,horizontal,261,285.8001769749624,315,285.8001769749624,0.05197407079453148,0.25,274.58294413344464,285.8001769749624,300.7750936475612,285.8001769749624,26.192149514116583,0
G3861,input_image.png,F25,ellipse,horizontal,261,285.90748541520816,315,285.90748541520816,0.05197407079453148,0.25,274.54796232994886,285.90748541520816,300.83902148961636,285.90748541520816,26.29105915966747,0
G3862,input_image.png,F25,ellipse,horizontal,261,286.0147938554539,315,286.0147938554539,0.05197407079453148,0.25,274.51604266298773,286.0147938554539,300.90024632593423,286.0147938554539,26.38420366294649,0
G3863,input_image.png,F25,ellipse,horizontal,261,286.1221022956996,315,286.1221022956996,0.05197407079453148,0.25,274.50140552628915,286.1221022956996,300.9470895154131,286.1221022956996,26.445683989123935,0
G3864,input_image.png,F25,ellipse,horizontal,261,286.22941073594535,315,286.22941073594535,0.05197407079453148,0.25,274.48685048932623,286.22941073594535,300.99408897850503,286.22941073594535,26.507238489178825,0
G3865,input_image.png,F25,ellipse,horizontal,261,286.3367191761911,315,286.3367191761911,0.05197407079453148,0.25,274.4723768632842,286.3367191761911,301.0408953219607,286.3367191761911,26.56851845867653,0
G3866,input_image.png,F25,ellipse,horizontal,261,286.4440276164368,315,286.4440276164368,0.05197407079453148,0.25,274.4579839670325,286.4440276164368,301.08743682956276,286.4440276164368,26.62945286253025,0
G3867,input_image.png,F25,ellipse,horizontal,261,286.55133605668254,315,286.55133605668254,0.05197407079453148,0.25,274.4436711270177,286.55133605668254,301.13374062079026,286.55133605668254,26.69006949377258,0
G3868,input_image.png,F25,ellipse,horizontal,261,286.6586444969283,315,286.6586444969283,0.05197407079453148,0.25,274.42943767715843,286.6586444969283,301.17980851225167,286.6586444969283,26.750370835093243,0
G3869,input_image.png,F25,ellipse,horizontal,261,286.765952937174,315,286.765952937174,0.05197407079453148,0.25,274.4152829587422,286.765952937174,301.2256423020926,286.765952937174,26.8103593433504,0
G3870,input_image.png,F25,ellipse,horizontal,261,286.8732613774198,315,286.8732613774198,0.05197407079453148,0.25,274.40120632032347,286.8732613774198,301.2712437702297,286.8732613774198,26.870037449906256,0
G3871,input_image.png,F25,ellipse,horizontal,261,286.9805698176655,315,286.9805698176655,0.05197407079453148,0.25,274.38720711762414,286.9805698176655,301.31661467858146,286.9805698176655,26.929407560957287,0
G3872,input_image.png,F25,ellipse,horizontal,261,287.08787825791126,315,287.08787825791126,0.05197407079453148,0.25,274.3893424520249,287.08787825791126,301.34597009797386,287.08787825791126,26.956627645948984,0
G3873,input_image.png,F25,ellipse,horizontal,261,287.195186698157,315,287.195186698157,0.05197407079453148,0.25,274.39502869394596,287.195186698157,301.3717424328513,287.195186698157,26.97671373890536,0
G3874,input_image.png,F25,ellipse,horizontal,261,287.3024951384027,315,287.3024951384027,0.05197407079453148,0.25,274.40070786332353,287.3024951384027,301.3974360033477,287.3024951384027,26.99672814002416,0
G3875,input_image.png,F25,ellipse,horizontal,261,287.40980357864845,315,287.40980357864845,0.05197407079453148,0.25,274.40637997334466,287.40980357864845,301.42305116998693,287.40980357864845,27.01667119664226,0
G3876,input_image.png,F25,ellipse,horizontal,261,287.5171120188942,315,287.5171120188942,0.05197407079453148,0.25,274.4120450371636,287.5171120188942,301.44858829109603,287.5171120188942,27.036543253932408,0
G3877,input_image.png,F25,ellipse,horizontal,261,287.6244204591399,315,287.6244204591399,0.05197407079453148,0.25,274.417703067902,287.6244204591399,301.47404772282175,287.6244204591399,27.056344654919762,0
G3878,input_image.png,F25,ellipse,horizontal,261,287.73172889938564,315,287.73172889938564,0.05197407079453148,0.25,274.4233540786489,287.73172889938564,301.4994298191473,287.73172889938564,27.076075740498414,0
G3879,input_image.png,F25,ellipse,horizontal,261,287.8390373396314,315,287.8390373396314,0.05197407079453148,0.25,274.42899808246085,287.8390373396314,301.5247349319085,287.8390373396314,27.095736849447654,0
G3880,input_image.png,F25,ellipse,horizontal,261,287.9463457798771,315,287.9463457798771,0.05197407079453148,0.25,274.4346350923621,287.9463457798771,301.5499634108103,287.9463457798771,27.11532831844812,0
G3881,input_image.png,F25,ellipse,horizontal,261,288.0536542201229,315,288.0536542201229,0.05197407079453148,0.25,274.4500365890589,288.0536542201229,301.56536490754945,288.0536542201229,27.11532831849055,0
G3882,input_image.png,F25,ellipse,horizontal,261,288.1609626603686,315,288.1609626603686,0.05197407079453148,0.25,274.4752650678481,288.1609626603686,301.57100191742273,288.1609626603686,27.095736849574635,0
G3883,input_image.png,F25,ellipse,horizontal,261,288.26827110061436,315,288.26827110061436,0.05197407079453148,0.25,274.5005701804966,288.26827110061436,301.57664592120614,288.26827110061436,27.07607574070952,0
G3884,input_image.png,F25,ellipse,horizontal,261,288.3755795408601,315,288.3755795408601,0.05197407079453148,0.25,274.5259522767093,288.3755795408601,301.5822969319239,288.3755795408601,27.056344655214566,0
G3885,input_image.png,F25,ellipse,horizontal,261,288.4828879811058,315,288.4828879811058,0.05197407079453148,0.25,274.55141170832206,288.4828879811058,301.5879549626326,288.4828879811058,27.036543254310487,0
G3886,input_image.png,F25,ellipse,horizontal,261,288.59019642135155,315,288.59019642135155,0.05197407079453148,0.25,274.57694882931804,288.59019642135155,301.5936200264212,288.59019642135155,27.01667119710319,0
G3887,input_image.png,F25,ellipse,horizontal,261,288.6975048615973,315,288.6975048615973,0.05197407079453148,0.25,274.602563995844,288.6975048615973,301.59929213641146,288.6975048615973,26.996728140567505,0
G3888,input_image.png,F25,ellipse,horizontal,261,288.804813301843,315,288.804813301843,0.05197407079453148,0.25,274.6282575662269,288.804813301843,301.6049713057576,288.804813301843,26.976713739530688,0
G3889,input_image.png,F25,ellipse,horizontal,261,288.91212174208874,315,288.91212174208874,0.05197407079453148,0.25,274.65402990099074,288.91212174208874,301.6106575476466,288.91212174208874,26.956627646655853,0
G3890,input_image.png,F25,ellipse,horizontal,261,289.0194301823345,315,289.0194301823345,0.05197407079453148,0.25,274.68338532030407,289.0194301823345,301.61279288201274,289.0194301823345,26.92940756170867,0
G3891,input_image.png,F25,ellipse,horizontal,261,289.1267386225802,315,289.1267386225802,0.05197407079453148,0.25,274.72875622872687,289.1267386225802,301.59879367927095,289.1267386225802,26.870037450544068,0
G3892,input_image.png,F25,ellipse,horizontal,261,289.234047062826,315,289.234047062826,0.05197407079453148,0.25,274.77435769692426,289.234047062826,301.5847170408119,289.234047062826,26.81035934388766,0
G3893,input_image.png,F25,ellipse,horizontal,261,289.3413555030717,315,289.3413555030717,0.05197407079453148,0.25,274.8201914868143,289.3413555030717,301.5705623223575,289.3413555030717,26.75037083554318,0
G3894,input_image.png,F25,ellipse,horizontal,261,289.44866394331746,315,289.44866394331746,0.05197407079453148,0.25,274.8662593783137,289.44866394331746,301.5563288724623,289.44866394331746,26.69006949414862,0
G3895,input_image.png,F25,ellipse,horizontal,261,289.5559723835632,315,289.5559723835632,0.05197407079453148,0.25,274.9125631695679,289.5559723835632,301.5420160324139,289.5559723835632,26.629452862846048,0
G3896,input_image.png,F25,ellipse,horizontal,261,289.6632808238089,315,289.6632808238089,0.05197407079453148,0.25,274.95910467718494,289.6632808238089,301.5276231361309,289.6632808238089,26.56851845894593,0
G3897,input_image.png,F25,ellipse,horizontal,261,289.77058926405465,315,289.77058926405465,0.05197407079453148,0.25,275.0059110206414,289.77058926405465,301.5131495100599,289.77058926405465,26.50723848941849,0
G3898,input_image.png,F25,ellipse,horizontal,261,289.8778977043004,315,289.8778977043004,0.05197407079453148,0.25,275.0529104837431,289.8778977043004,301.4985944730704,289.8778977043004,26.44568398932725,0
G3899,input_image.png,F25,ellipse,horizontal,261,289.9852061445461,315,289.9852061445461,0.05197407079453148,0.25,275.09975367323074,289.9852061445461,301.4839573363477,289.9852061445461,26.384203663116956,0
G3900,input_image.png,F25,ellipse,horizontal,261,290.09251458479184,315,290.09251458479184,0.05197407079453148,0.25,275.1609785095926,290.09251458479184,301.45203766938414,290.09251458479184,26.29105915979155,0
G3901,input_image.png,F25,ellipse,horizontal,261,290.1998230250376,315,290.1998230250376,0.05197407079453148,0.25,275.2249063517021,290.1998230250376,301.41705586586653,290.1998230250376,26.192149514164434,0
G3902,input_image.png,F25,ellipse,horizontal,261,290.3071314652833,315,290.3071314652833,0.05197407079453148,0.25,275.28925604004695,290.3071314652833,301.3817408959411,290.3071314652833,26.092484855894135,0
G3903,input_image.png,F25,ellipse,horizontal,261,290.4144399055291,315,290.4144399055291,0.05197407079453148,0.25,275.35403176395994,290.4144399055291,301.346087977223,290.4144399055291,25.992056213263073,0
G3904,input_image.png,F25,ellipse,horizontal,261,290.5217483457748,315,290.5217483457748,0.05197407079453148,0.25,275.41923776842987,290.5217483457748,301.31009223535665,290.5217483457748,25.89085446692681,0
G3905,input_image.png,F25,ellipse,horizontal,261,290.62905678602056,315,290.62905678602056,0.05197407079453148,0.25,275.48487835502937,290.62905678602056,301.2737487017942,290.62905678602056,25.788870346764867,0
G3906,input_image.png,F25,ellipse,horizontal,261,290.7363652262663,315,290.7363652262663,0.05197407079453148,0.25,275.5509578828606,290.7363652262663,301.2370523115093,290.7363652262663,25.686094428648662,0
G3907,input_image.png,F25,ellipse,horizontal,261,290.843673666512,315,290.843673666512,0.05197407079453148,0.25,275.6174807695203,290.843673666512,301.19999790064367,290.843673666512,25.582517131123367,0
G3908,input_image.png,F25,ellipse,horizontal,261,290.95098210675775,315,290.95098210675775,0.05197407079453148,0.25,275.68445149208424,290.95098210675775,301.1625802040852,290.95098210675775,25.478128712000988,0
G3909,input_image.png,F25,ellipse,horizontal,261,291.0582905470035,315,291.0582905470035,0.05197407079453148,0.25,275.76141827531114,291.0582905470035,301.1144424654018,291.0582905470035,25.353024190090657,0
G3910,input_image.png,F25,ellipse,horizontal,261,291.1655989872492,315,291.1655989872492,0.05197407079453148,0.25,275.847112182298,291.1655989872492,301.0571271004389,291.1655989872492,25.210014918140878,0
G3911,input_image.png,F25,ellipse,horizontal,261,291.27290742749494,315,291.27290742749494,0.05197407079453148,0.25,275.9335898298247,291.27290742749494,300.9992949244771,291.27290742749494,25.0657050946524,0
G3912,input_image.png,F25,ellipse,horizontal,261,291.3802158677407,315,291.3802158677407,0.05197407079453148,0.25,276.02134538172197,291.3802158677407,300.94032588159837,291.3802158677407,24.91898049987639,0
G3913,input_image.png,F25,ellipse,horizontal,261,291.4875243079864,315,291.4875243079864,0.05197407079453148,0.25,276.1110613720746,291.4875243079864,300.88093545670046,291.4875243079864,24.76987408462586,0
G3914,input_image.png,F25,ellipse,horizontal,261,291.5948327482322,315,291.5948327482322,0.05197407079453148,0.25,276.2009547784892,291.5948327482322,300.82111911690924,291.5948327482322,24.620164338420068,0
G3915,input_image.png,F25,ellipse,horizontal,261,291.7021411884779,315,291.7021411884779,0.05197407079453148,0.25,276.29102612775483,291.7021411884779,300.76087226410226,291.7021411884779,24.469846136347407,0
G3916,input_image.png,F25,ellipse,horizontal,261,291.80944962872366,315,291.80944962872366,0.05197407079453148,0.25,276.3812759487486,291.80944962872366,300.7001902337304,291.80944962872366,24.318914284981766,0
G3917,input_image.png,F25,ellipse,horizontal,261,291.9167580689694,315,291.9167580689694,0.05197407079453148,0.25,276.4717047724452,291.9167580689694,300.6390682936137,291.9167580689694,24.167363521168532,0
G3918,input_image.png,F25,ellipse,horizontal,261,292.0240665092151,315,292.0240665092151,0.05197407079453148,0.25,276.56635980416837,292.0240665092151,300.5732519943932,292.0240665092151,24.006892190224825,0
G3919,input_image.png,F25,ellipse,horizontal,261,292.13137494946085,315,292.13137494946085,0.05197407079453148,0.25,276.67590355498567,292.13137494946085,300.49178479804954,292.13137494946085,23.815881243063863,0
G3920,input_image.png,F25,ellipse,horizontal,261,292.2386833897066,315,292.2386833897066,0.05197407079453148,0.25,276.78680906383323,292.2386833897066,300.40902337185753,292.2386833897066,23.62221430802429,0
G3921,input_image.png,F25,ellipse,vertical,281.44134998840326,261,281.44134998840326,315,0.05197407079453148,0.25,281.44134998840326,280.0129888763119,281.44134998840326,295.22535991420943,15.212371037897533,0
G3922,input_image.png,F25,ellipse,vertical,281.60739176084877,261,281.60739176084877,315,0.05197407079453148,0.25,281.60739176084877,279.96443611634567,281.60739176084877,295.29293888051336,15.328502764167702,0
G3923,input_image.png,F25,ellipse,vertical,281.7734335332942,261,281.7734335332942,315,0.05197407079453148,0.25,281.7734335332942,279.91769824795205,281.7734335332942,295.3600411949637,15.44234294701161,0
G3924,input_image.png,F25,ellipse,vertical,281.93947530573973,261,281.93947530573973,315,0.05197407079453148,0.25,281.93947530573973,279.8715555873434,281.93947530573973,295.4266718827608,15.555116295417378,0
G3925,input_image.png,F25,ellipse,vertical,282.1055170781852,261,282.1055170781852,315,0.05197407079453148,0.25,282.1055170781852,279.83083554040957,282.1055170781852,295.48747903509314,15.656643494683586,0
G3926,input_image.png,F25,ellipse,vertical,282.2715588506307,261,282.2715588506307,315,0.05197407079453148,0.25,282.2715588506307,279.793258270549,282.2715588506307,295.5451237645035,15.7518654939545,0
G3927,input_image.png,F25,ellipse,vertical,282.4376006230762,261,282.4376006230762,315,0.05197407079453148,0.25,282.4376006230762,279.75599758714316,282.4376006230762,295.6027622900484,15.846764702905237,0
G3928,input_image.png,F25,ellipse,vertical,282.60364239552166,261,282.60364239552166,315,0.05197407079453148,0.25,282.60364239552166,279.71904950613924,282.60364239552166,295.66039461272925,15.94134510659,0
G3929,input_image.png,F25,ellipse,vertical,282.76968416796717,261,282.76968416796717,315,0.05197407079453148,0.25,282.76968416796717,279.68241011005443,282.76968416796717,295.7180207335473,16.03561062349286,0
G3930,input_image.png,F25,ellipse,vertical,282.9357259404126,261,282.9357259404126,315,0.05197407079453148,0.25,282.9357259404126,279.64607554659136,282.9357259404126,295.7756406535035,16.129565106912178,0
G3931,input_image.png,F25,ellipse,vertical,283.10176771285813,261,283.10176771285813,315,0.05197407079453148,0.25,283.10176771285813,279.614635018012,283.10176771285813,295.82831227915915,16.21367726114712,0
G3932,input_image.png,F25,ellipse,vertical,283.26780948530364,261,283.26780948530364,315,0.05197407079453148,0.25,283.26780948530364,279.5862258686858,283.26780948530364,295.87805806405595,16.291832195370187,0
G3933,input_image.png,F25,ellipse,vertical,283.4338512577491,261,283.4338512577491,315,0.05197407079453148,0.25,283.4338512577491,279.5579064030126,283.4338512577491,295.92804928914444,16.37014288613184,0
G3934,input_image.png,F25,ellipse,vertical,283.5998930301946,261,283.5998930301946,315,0.05197407079453148,0.25,283.5998930301946,279.52967619698387,283.5998930301946,295.9782877753789,16.44861157839499,0
G3935,input_image.png,F25,ellipse,vertical,283.76593480264006,261,283.76593480264006,315,0.05197407079453148,0.25,283.76593480264006,279.5015348292597,283.76593480264006,296.0259925605998,16.524457731340082,0
G3936,input_image.png,F25,ellipse,vertical,283.93197657508557,261,283.93197657508557,315,0.05197407079453148,0.25,283.93197657508557,279.4734818811478,283.93197657508557,296.07128989621316,16.597808015065404,0
G3937,input_image.png,F25,ellipse,vertical,284.0980183475311,261,284.0980183475311,315,0.05197407079453148,0.25,284.0980183475311,279.4499987831111,284.0980183475311,296.11166603943826,16.661667256327174,0
G3938,input_image.png,F25,ellipse,vertical,284.26406011997653,261,284.26406011997653,315,0.05197407079453148,0.25,284.26406011997653,279.4296592306108,284.26406011997653,296.1487054559481,16.71904622533731,0
G3939,input_image.png,F25,ellipse,vertical,284.43010189242204,261,284.43010189242204,315,0.05197407079453148,0.25,284.43010189242204,279.4093387921398,284.43010189242204,296.18556810494243,16.77622931280261,0
G3940,input_image.png,F25,ellipse,vertical,284.5961436648675,261,284.5961436648675,315,0.05197407079453148,0.25,284.5961436648675,279.38903744076725,284.5961436648675,296.22225524882106,16.833217808053806,0
G3941,input_image.png,F25,ellipse,vertical,284.762185437313,261,284.762185437313,315,0.05197407079453148,0.25,284.762185437313,279.36875514961287,284.762185437313,296.25876813799186,16.89001298837899,0
G3942,input_image.png,F25,ellipse,vertical,284.9282272097585,261,284.9282272097585,315,0.05197407079453148,0.25,284.9282272097585,279.3484918918468,284.9282272097585,296.2951080110124,16.94661611916564,0
G3943,input_image.png,F25,ellipse,vertical,285.09426898220397,261,285.09426898220397,315,0.05197407079453148,0.25,285.09426898220397,279.3332454925381,285.09426898220397,296.3271982406634,16.99395274812531,0
G3944,input_image.png,F25,ellipse,vertical,285.2603107546495,261,285.2603107546495,315,0.05197407079453148,0.25,285.2603107546495,279.3218238572073,285.2603107546495,296.35616955649476,17.03434569928751,0
G3945,input_image.png,F25,ellipse,vertical,285.42635252709493,261,285.42635252709493,315,0.05197407079453148,0.25,285.42635252709493,279.310421933905,285.42635252709493,296.38517000999104,17.07474807608606,0
G3946,input_image.png,F25,ellipse,vertical,285.59239429954044,261,285.59239429954044,315,0.05197407079453148,0.25,285.59239429954044,279.29903967164523,285.59239429954044,296.4141996451318,17.115159973486545,0
G3947,input_image.png,F25,ellipse,vertical,285.7584360719859,261,285.7584360719859,315,0.05197407079453148,0.25,285.7584360719859,279.2876770196177,285.7584360719859,296.4432585059851,17.155581486367392,0
G3948,input_image.png,F25,ellipse,vertical,285.9244778444314,261,285.9244778444314,315,0.05197407079453148,0.25,285.9244778444314,279.276333927187,285.9244778444314,296.472346636708,17.19601270952092,0
G3949,input_image.png,F25,ellipse,vertical,286.0905196168769,261,286.0905196168769,315,0.05197407079453148,0.25,286.0905196168769,279.26970872305736,286.0905196168769,296.4977789295339,17.228070206476517,0
G3950,input_image.png,F25,ellipse,vertical,286.25656138932237,261,286.25656138932237,315,0.05197407079453148,0.25,286.25656138932237,279.26701247599846,286.25656138932237,296.5202289857679,17.253216509769448,0
G3951,input_image.png,F25,ellipse,vertical,286.4226031617679,261,286.4226031617679,315,0.05197407079453148,0.25,286.4226031617679,279.26432214451074,286.4226031617679,296.5427906458929,17.27846850138218,0
G3952,input_image.png,F25,ellipse,vertical,286.58864493421333,261,286.58864493421333,315,0.05197407079453148,0.25,286.58864493421333,279.26163770914735,286.58864493421333,296.5654647441918,17.303827035044407,0
G3953,input_image.png,F25,ellipse,vertical,286.75468670665884,261,286.75468670665884,315,0.05197407079453148,0.25,286.75468670665884,279.2589591505467,286.75468670665884,296.5882521232836,17.329292972736923,0
G3954,input_image.png,F25,ellipse,vertical,286.92072847910435,261,286.92072847910435,315,0.05197407079453148,0.25,286.92072847910435,279.2562864494317,286.92072847910435,296.6111536342281,17.354867184796422,0
G3955,input_image.png,F25,ellipse,vertical,287.0867702515498,261,287.0867702515498,315,0.05197407079453148,0.25,287.0867702515498,279.2581146676441,287.0867702515498,296.62962933432203,17.371514666677868,0
G3956,input_image.png,F25,ellipse,vertical,287.2528120239953,261,287.2528120239953,315,0.05197407079453148,0.25,287.2528120239953,279.26403890211265,287.2528120239953,296.64402586412257,17.379986962009912,0
G3957,input_image.png,F25,ellipse,vertical,287.41885379644077,261,287.41885379644077,315,0.05197407079453148,0.25,287.41885379644077,279.26994744104525,287.41885379644077,296.65847738341046,17.38852994236524,0
G3958,input_image.png,F25,ellipse,vertical,287.5848955688863,261,287.5848955688863,315,0.05197407079453148,0.25,287.5848955688863,279.27584034673447,287.5848955688863,296.67298420784823,17.397143861113772,0
G3959,input_image.png,F25,ellipse,vertical,287.7509373413318,261,287.7509373413318,315,0.05197407079453148,0.25,287.7509373413318,279.28171768114373,287.7509373413318,296.68754665551904,17.405828974375293,0
G3960,input_image.png,F25,ellipse,vertical,287.91697911377724,261,287.91697911377724,315,0.05197407079453148,0.25,287.91697911377724,279.28757950590943,287.91697911377724,296.70216504695,17.41458554104056,0
G3961,input_image.png,F25,ellipse,vertical,288.08302088622276,261,288.08302088622276,315,0.05197407079453148,0.25,288.08302088622276,279.2978348973712,288.08302088622276,296.7124204377929,17.414585540421683,0
G3962,input_image.png,F25,ellipse,vertical,288.2490626586682,261,288.2490626586682,315,0.05197407079453148,0.25,288.2490626586682,279.3124532899067,288.2490626586682,296.7182822624396,17.405828972532806,0
G3963,input_image.png,F25,ellipse,vertical,288.4151044311137,261,288.4151044311137,315,0.05197407079453148,0.25,288.4151044311137,279.3270157386657,288.4151044311137,296.724159596732,17.39714385806636,0
G3964,input_image.png,F25,ellipse,vertical,288.58114620355923,261,288.58114620355923,315,0.05197407079453148,0.25,288.58114620355923,279.34152256417525,288.58114620355923,296.7300525023067,17.388529938131455,0
G3965,input_image.png,F25,ellipse,vertical,288.7471879760047,261,288.7471879760047,315,0.05197407079453148,0.25,288.7471879760047,279.35597408451883,288.7471879760047,296.735961041127,17.37998695660816,0
G3966,input_image.png,F25,ellipse,vertical,288.9132297484502,261,288.9132297484502,315,0.05197407079453148,0.25,288.9132297484502,279.3703706153591,288.9132297484502,296.74188527548546,17.371514660126415,0
G3967,input_image.png,F25,ellipse,vertical,289.07927152089565,261,289.07927152089565,315,0.05197407079453148,0.25,289.07927152089565,279.3888463166316,289.07927152089565,296.74371349403464,17.354867177403055,0
G3968,input_image.png,F25,ellipse,vertical,289.24531329334116,261,289.24531329334116,315,0.05197407079453148,0.25,289.24531329334116,279.4117478289064,289.24531329334116,296.74104079374297,17.32929296483657,0
G3969,input_image.png,F25,ellipse,vertical,289.41135506578667,261,289.41135506578667,315,0.05197407079453148,0.25,289.41135506578667,279.4345352093104,289.41135506578667,296.7383622359651,17.303827026654698,0
G3970,input_image.png,F25,ellipse,vertical,289.5773968382321,261,289.5773968382321,315,0.05197407079453148,0.25,289.5773968382321,279.45720930890354,289.5773968382321,296.73567780142406,17.278468492520517,0
G3971,input_image.png,F25,ellipse,vertical,289.74343861067763,261,289.74343861067763,315,0.05197407079453148,0.25,289.74343861067763,279.47977097030514,289.74343861067763,296.73298747075813,17.253216500452996,0
G3972,input_image.png,F25,ellipse,vertical,289.9094803831231,261,289.9094803831231,315,0.05197407079453148,0.25,289.9094803831231,279.5022210277982,289.9094803831231,296.73029122452044,17.22807019672223,0
G3973,input_image.png,F25,ellipse,vertical,290.0755221555686,261,290.0755221555686,315,0.05197407079453148,0.25,290.0755221555686,279.527653321871,290.0755221555686,296.72366602151595,17.196012699644935,0
G3974,input_image.png,F25,ellipse,vertical,290.2415639280141,261,290.2415639280141,315,0.05197407079453148,0.25,290.2415639280141,279.55674145382943,290.2415639280141,296.71232293056255,17.15558147673312,0
G3975,input_image.png,F25,ellipse,vertical,290.40760570045956,261,290.40760570045956,315,0.05197407079453148,0.25,290.40760570045956,279.5858003159009,290.40760570045956,296.7009602799948,17.115159964093873,0
G3976,input_image.png,F25,ellipse,vertical,290.57364747290507,261,290.57364747290507,315,0.05197407079453148,0.25,290.57364747290507,279.61482995224236,290.57364747290507,296.6895780191771,17.07474806693473,0
G3977,input_image.png,F25,ellipse,vertical,290.7396892453505,261,290.7396892453505,315,0.05197407079453148,0.25,290.7396892453505,279.643830406922,290.7396892453505,296.6781760972991,17.034345690377116,0
G3978,input_image.png,F25,ellipse,vertical,290.90573101779603,261,290.90573101779603,315,0.05197407079453148,0.25,290.90573101779603,279.67280172391946,290.90573101779603,296.66675446337473,16.993952739455278,0
G3979,input_image.png,F25,ellipse,vertical,291.0717727902415,261,291.0717727902415,315,0.05197407079453148,0.25,291.0717727902415,279.70489195453337,291.0717727902415,296.6515080656082,16.946616111074825,0
G3980,input_image.png,F25,ellipse,vertical,291.237814562687,261,291.237814562687,315,0.05197407079453148,0.25,291.237814562687,279.74123182826406,291.237814562687,296.63124480956543,16.890012981301386,0
G3981,input_image.png,F25,ellipse,vertical,291.4038563351325,261,291.4038563351325,315,0.05197407079453148,0.25,291.4038563351325,279.7777447181397,291.4038563351325,296.6109625201127,16.833217801973,0
G3982,input_image.png,F25,ellipse,vertical,291.56989810757796,261,291.56989810757796,315,0.05197407079453148,0.25,291.56989810757796,279.81443186271775,291.56989810757796,296.59066117042,16.776229307702245,0
G3983,input_image.png,F25,ellipse,vertical,291.73593988002347,261,291.73593988002347,315,0.05197407079453148,0.25,291.73593988002347,279.85129451240596,291.73593988002347,296.570340733607,16.719046221201058,0
G3984,input_image.png,F25,ellipse,vertical,291.9019816524689,261,291.9019816524689,315,0.05197407079453148,0.25,291.9019816524689,279.888333929604,291.9019816524689,296.5500011827428,16.66166725313874,0
G3985,input_image.png,F25,ellipse,vertical,292.06802342491443,261,292.06802342491443,315,0.05197407079453148,0.25,292.06802342491443,279.92871007339596,292.06802342491443,296.52651808651666,16.59780801312071,0
G3986,input_image.png,F25,ellipse,vertical,292.23406519735994,261,292.23406519735994,315,0.05197407079453148,0.25,292.23406519735994,279.97400740944136,292.23406519735994,296.49846514046,16.524457731018618,0
G3987,input_image.png,F25,ellipse,vertical,292.4001069698054,261,292.4001069698054,315,0.05197407079453148,0.25,292.4001069698054,280.0217121919468,292.4001069698054,296.47032377474534,16.448611582798552,0
G3988,input_image.png,F25,ellipse,vertical,292.5661487422509,261,292.5661487422509,315,0.05197407079453148,0.25,292.5661487422509,280.0719506783091,292.5661487422509,296.44209357068,16.37014289237089,0
G3989,input_image.png,F25,ellipse,vertical,292.73219051469636,261,292.73219051469636,315,0.05197407079453148,0.25,292.73219051469636,280.12194190352284,292.73219051469636,296.4137741069236,16.29183220340075,0
G3990,input_image.png,F25,ellipse,vertical,292.89823228714187,261,292.89823228714187,315,0.05197407079453148,0.25,292.89823228714187,280.1716876885423,292.89823228714187,296.38536495946704,16.213677270924723,0
G3991,input_image.png,F25,ellipse,vertical,293.0642740595874,261,293.0642740595874,315,0.05197407079453148,0.25,293.0642740595874,280.2243593141075,293.0642740595874,296.3539244326452,16.129565118537702,0
G3992,input_image.png,F25,ellipse,vertical,293.23031583203283,261,293.23031583203283,315,0.05197407079453148,0.25,293.23031583203283,280.2819792336773,293.23031583203283,296.3175898707947,16.035610637117394,0
G3993,input_image.png,F25,ellipse,vertical,293.39635760447834,261,293.39635760447834,315,0.05197407079453148,0.25,293.39635760447834,280.3396053541637,293.39635760447834,296.28095047628113,15.941345122117436,0
G3994,input_image.png,F25,ellipse,vertical,293.5623993769238,261,293.5623993769238,315,0.05197407079453148,0.25,293.5623993769238,280.3972376765678,293.5623993769238,296.244002396806,15.846764720238248,0
G3995,input_image.png,F25,ellipse,vertical,293.7284411493693,261,293.7284411493693,315,0.05197407079453148,0.25,293.7284411493693,280.4548762018907,293.7284411493693,296.2067417148852,15.75186551299447,0
G3996,input_image.png,F25,ellipse,vertical,293.8944829218148,261,293.8944829218148,315,0.05197407079453148,0.25,293.8944829218148,280.5125209311341,293.8944829218148,296.1691644464647,15.656643515330618,0
G3997,input_image.png,F25,ellipse,vertical,294.06052469426027,261,294.06052469426027,315,0.05197407079453148,0.25,294.06052469426027,280.5733280832696,294.06052469426027,296.12844440088344,15.555116317613859,0
G3998,input_image.png,F25,ellipse,vertical,294.2265664667058,261,294.2265664667058,315,0.05197407079453148,0.25,294.2265664667058,280.6399587708235,294.2265664667058,296.0823017415162,15.442342970692703,0
G3999,input_image.png,F25,ellipse,vertical,294.39260823915123,261,294.39260823915123,315,0.05197407079453148,0.25,294.39260823915123,280.70706108515566,294.39260823915123,296.03556387432656,15.328502789170944,0
G4000,input_image.png,F25,ellipse,vertical,294.55865001159674,261,294.55865001159674,315,0.05197407079453148,0.25,294.55865001159674,280.77464005146913,294.55865001159674,295.9870111146201,15.212371063150972,0
