group_type,group,method,evaluation,median_relative_gap,mean_relative_gap,p25_relative_gap,p75_relative_gap
overall,all cases,bo,10,1.0,1.4229817611822089,1.0,1.1296151283914104
overall,all cases,bo,20,1.0,1.0,1.0,1.0
overall,all cases,bo,30,0.7295095172644817,0.6631618864749529,0.40453292704870164,1.0
overall,all cases,bo,40,0.5781241234163221,0.5675142278688121,0.22265578442328554,0.97823860830451
overall,all cases,bo,50,0.46400458756679963,0.5085347171808504,0.1972027548305365,0.9187395179080988
overall,all cases,bo,60,0.36078292791018995,0.4462531126745776,0.11776984048127376,0.7615479660144883
overall,all cases,bo,70,0.30733708006353844,0.4078776899996368,0.08579067423587,0.6882061116096403
overall,all cases,bo,80,0.2610862173477355,0.3818472231596643,0.07150974150872069,0.6712478231298762
overall,all cases,bo,90,0.2029487439825473,0.35585198892032854,0.05274391370745659,0.6176684108427821
overall,all cases,bo,100,0.16510946404405308,0.3383920687819214,0.03686652193750858,0.5953764206999242
overall,all cases,bo,110,0.14397062291144752,0.3152145503659943,0.029413190860799937,0.5130496942440782
overall,all cases,bo,120,0.13394008548738245,0.3059688855912292,0.026467744280135038,0.5077292680020626
overall,all cases,ga,10,1.0,1.4229817611822089,1.0,1.1296151283914104
overall,all cases,ga,20,1.0,1.0,1.0,1.0
overall,all cases,ga,30,0.9943817003745101,0.8503327127242786,0.8070837240708817,1.0
overall,all cases,ga,40,0.9377166996365492,0.7979996239517386,0.6779124854401409,1.0
overall,all cases,ga,50,0.8033514257183647,0.7072308342698878,0.5208188038579659,0.9847305846877998
overall,all cases,ga,60,0.7316325179255618,0.6406055687374652,0.40041287590051716,0.9334100564905103
overall,all cases,ga,70,0.6343791505172596,0.5795166558055881,0.2911069587396123,0.8513356155988095
overall,all cases,ga,80,0.5594911302189491,0.541146731479738,0.2792648108454221,0.835607739901348
overall,all cases,ga,90,0.4727588969950334,0.48503399147792314,0.1869446559750605,0.7619534612527605
overall,all cases,ga,100,0.4546100059755584,0.4635980153920919,0.16810359580015857,0.7289341198621136
overall,all cases,ga,110,0.40956568424198303,0.43518357009251074,0.12825564115386479,0.702871508702883
overall,all cases,ga,120,0.3471910594572072,0.41076966741463616,0.11086469994378785,0.6844491647552522
overall,all cases,random,10,1.0,1.4229817611822089,1.0,1.1296151283914104
overall,all cases,random,20,1.0,1.0,1.0,1.0
overall,all cases,random,30,1.0,0.9068222690966063,0.9503690071861908,1.0
overall,all cases,random,40,0.9991614697540714,0.8617586981846259,0.8343293410901746,1.0
overall,all cases,random,50,0.9638649786284614,0.8088732969417126,0.6762461830578519,1.0
overall,all cases,random,60,0.9023741098328791,0.7669472596312961,0.5735980196001428,1.0
overall,all cases,random,70,0.8733115011336735,0.7352104957073112,0.5130338642916343,0.9966724169255783
overall,all cases,random,80,0.8654185569015334,0.7173165928899577,0.49338096970760215,0.9961512868945478
overall,all cases,random,90,0.8576064992136314,0.7048619955994702,0.4555803778645946,0.9952543065877895
overall,all cases,random,100,0.8174453783743261,0.6709027903554079,0.4018332305300081,0.99080723792804
overall,all cases,random,110,0.7781622684399022,0.6549267025998033,0.3698614949628406,0.9896007891647353
overall,all cases,random,120,0.7712690711909487,0.6468185024531935,0.35655617574416637,0.9854572617823617
dimension_band,low (2-5),bo,10,1.0,1.415479613969763,1.0,1.1483789281672883
dimension_band,low (2-5),bo,20,1.0,1.0,1.0,1.0
dimension_band,low (2-5),bo,30,0.7083525488879896,0.6034934081887339,0.21385614284948595,1.0
dimension_band,low (2-5),bo,40,0.395396513139595,0.49245736318689515,0.03923676355299738,0.9851717047050957
dimension_band,low (2-5),bo,50,0.2635167546477254,0.42310924808281475,0.023758961286197575,0.964976085336257
dimension_band,low (2-5),bo,60,0.22149626839694325,0.4009781747589937,0.020716789486831488,0.9373396374928091
dimension_band,low (2-5),bo,70,0.21899236035771033,0.37237007070180067,0.014443697236265322,0.7449478836822081
dimension_band,low (2-5),bo,80,0.19753427425470502,0.3523523951161571,0.011875418164379831,0.6687343951590876
dimension_band,low (2-5),bo,90,0.1688017057957109,0.34216106014016295,0.010520613391824002,0.5858822675336657
dimension_band,low (2-5),bo,100,0.14736358600608057,0.3317306452028057,0.010520613391824002,0.5858822675336657
dimension_band,low (2-5),bo,110,0.1315740708222591,0.3138307316648622,0.010520613391824002,0.5858822675336657
dimension_band,low (2-5),bo,120,0.0831370418806951,0.30975762665933065,0.006284973922310411,0.5858822675336657
dimension_band,low (2-5),ga,10,1.0,1.415479613969763,1.0,1.1483789281672883
dimension_band,low (2-5),ga,20,1.0,1.0,1.0,1.0
dimension_band,low (2-5),ga,30,0.9903885729075766,0.7572936396116356,0.5244005479163099,1.0
dimension_band,low (2-5),ga,40,0.8033665621789378,0.6861422725188209,0.49520598459553755,1.0
dimension_band,low (2-5),ga,50,0.5679272827758637,0.5876059622689132,0.3168839646032794,0.9850227939049432
dimension_band,low (2-5),ga,60,0.5275755431791214,0.5496343796692994,0.2606733522321695,0.9033289321041964
dimension_band,low (2-5),ga,70,0.44131372588765455,0.46960477293769043,0.1551237961784016,0.7637730702808077
dimension_band,low (2-5),ga,80,0.3361098554752609,0.4285384957489205,0.11220099066801427,0.6601674951907959
dimension_band,low (2-5),ga,90,0.2775568569548191,0.35296470882531455,0.07786539018660268,0.5464280989103858
dimension_band,low (2-5),ga,100,0.2581876225182779,0.3331216012169231,0.06373466095373231,0.5291304195401233
dimension_band,low (2-5),ga,110,0.1655069307804354,0.2995796438461814,0.037949615724309514,0.4681981193527916
dimension_band,low (2-5),ga,120,0.141705291887733,0.2754687985271688,0.03671151931339231,0.4667186057530389
dimension_band,low (2-5),random,10,1.0,1.415479613969763,1.0,1.1483789281672883
dimension_band,low (2-5),random,20,1.0,1.0,1.0,1.0
dimension_band,low (2-5),random,30,1.0,0.8750373810729613,0.9023308205259966,1.0
dimension_band,low (2-5),random,40,1.0,0.8530043075061157,0.7591596040156301,1.0
dimension_band,low (2-5),random,50,0.9989025938942452,0.8017049797048774,0.6255977565061746,1.0
dimension_band,low (2-5),random,60,0.9771604772418304,0.7472257859074446,0.5130659285264048,1.0
dimension_band,low (2-5),random,70,0.8961281442023636,0.6884281433648681,0.36512460354865306,0.9993904905850346
dimension_band,low (2-5),random,80,0.7997380805340066,0.6562116223250133,0.30655720795971775,0.9980147805729608
dimension_band,low (2-5),random,90,0.792581340098926,0.6458623058947012,0.25578548951358315,0.9980147805729608
dimension_band,low (2-5),random,100,0.6221342858311426,0.5859921331423363,0.19241571985584177,0.9949179297942922
dimension_band,low (2-5),random,110,0.5709742891903065,0.5712698147251404,0.17446946390569693,0.9926204202393754
dimension_band,low (2-5),random,120,0.522115968707622,0.5535236300531375,0.15331390735635742,0.9855534061230573
dimension_band,medium (10-20),bo,10,1.0,1.2472372802485203,1.0,1.0975320870557081
dimension_band,medium (10-20),bo,20,1.0,1.0,1.0,1.0
dimension_band,medium (10-20),bo,30,0.7926815831704441,0.6885953481617756,0.44609885542544175,1.0
dimension_band,medium (10-20),bo,40,0.6126527371928868,0.592319118497786,0.3006115686940851,0.9793181163549451
dimension_band,medium (10-20),bo,50,0.47892634686226293,0.533049937097592,0.22024953568940403,0.904735218663077
dimension_band,medium (10-20),bo,60,0.3161199722392943,0.4288362232919254,0.13395434170230927,0.7099127950677571
dimension_band,medium (10-20),bo,70,0.2503925144581911,0.3910539368062411,0.1005316137680576,0.6825815739888346
dimension_band,medium (10-20),bo,80,0.21770636023028223,0.3740091946340604,0.07696639600669575,0.6825815739888346
dimension_band,medium (10-20),bo,90,0.16141722229239527,0.34695913257900973,0.05599472602391723,0.6325955251701929
dimension_band,medium (10-20),bo,100,0.15248053865873895,0.3329582567333124,0.034653790607780594,0.6106949674252127
dimension_band,medium (10-20),bo,110,0.15235292740102158,0.3094488821715274,0.03270693701632357,0.5094567098621275
dimension_band,medium (10-20),bo,120,0.14602707616351385,0.3007601131381898,0.03075235166981539,0.47574301705227373
dimension_band,medium (10-20),ga,10,1.0,1.2472372802485203,1.0,1.0975320870557081
dimension_band,medium (10-20),ga,20,1.0,1.0,1.0,1.0
dimension_band,medium (10-20),ga,30,1.0,0.9051400042398889,0.9013825721863198,1.0
dimension_band,medium (10-20),ga,40,0.9745673280534378,0.8545584262675967,0.7736787555345872,1.0
dimension_band,medium (10-20),ga,50,0.8396395149784383,0.7423989179798819,0.6060751261852487,0.9823887378126251
dimension_band,medium (10-20),ga,60,0.7620144232924592,0.6615759994814562,0.4424963360122328,0.9251970823024134
dimension_band,medium (10-20),ga,70,0.6934841173466827,0.6125350543394803,0.3543972033447025,0.8538775488133441
dimension_band,medium (10-20),ga,80,0.6125328604369636,0.5709522393072887,0.33503256160606326,0.8352204732987197
dimension_band,medium (10-20),ga,90,0.5296687822476072,0.5182258950179441,0.2778118024602938,0.7597682126736048
dimension_band,medium (10-20),ga,100,0.47211727364623207,0.4940705799235182,0.24300259246698774,0.7400343829306635
dimension_band,medium (10-20),ga,110,0.43870616590105693,0.46479536447869596,0.2071816946030086,0.6815329696467378
dimension_band,medium (10-20),ga,120,0.3950306647858747,0.44214624033127914,0.1948971175311726,0.67773988153195
dimension_band,medium (10-20),random,10,1.0,1.2472372802485203,1.0,1.0975320870557081
dimension_band,medium (10-20),random,20,1.0,1.0,1.0,1.0
dimension_band,medium (10-20),random,30,1.0,0.9363933539376145,0.9970519210805291,1.0
dimension_band,medium (10-20),random,40,1.0,0.8689321020540668,0.8401398805311244,1.0
dimension_band,medium (10-20),random,50,0.9363243399148471,0.8172387755498435,0.7473940179745024,1.0
dimension_band,medium (10-20),random,60,0.873235552655864,0.7726765512875766,0.6173951336956844,0.9996254474430557
dimension_band,medium (10-20),random,70,0.8647557032396805,0.7493437862761485,0.5699059996716632,0.9953115131723905
dimension_band,medium (10-20),random,80,0.8639096317303547,0.7366950783803126,0.5390159583535725,0.9953115131723905
dimension_band,medium (10-20),random,90,0.8639096317303547,0.7238671678908688,0.48643585203656,0.9928387933693206
dimension_band,medium (10-20),random,100,0.8219325589387236,0.7007784942336189,0.44650143997828284,0.9884714213052022
dimension_band,medium (10-20),random,110,0.7981268650871972,0.6818875123844564,0.42748876716497186,0.9861811007244738
dimension_band,medium (10-20),random,120,0.7981268650871972,0.6788049678999934,0.42748876716497186,0.9861811007244738
dimension_band,high (30-50),bo,10,1.011465304840718,1.7480644122396054,1.0,1.127750188839013
dimension_band,high (30-50),bo,20,1.0,1.0,1.0,1.0
dimension_band,high (30-50),bo,30,0.732600900112786,0.7072477080349552,0.5449654955387626,0.9792206180986247
dimension_band,high (30-50),bo,40,0.6503947525171101,0.6358050773399485,0.42600426491319526,0.9231438476147925
dimension_band,high (30-50),bo,50,0.5703361644842467,0.5928957424051505,0.4116830343225644,0.8080898266843373
dimension_band,high (30-50),bo,60,0.5195736513395106,0.5452671077312614,0.3147772663655642,0.7390047065172234
dimension_band,high (30-50),bo,70,0.4725734025853472,0.4911815353631691,0.2637474363583591,0.6715442016915504
dimension_band,high (30-50),bo,80,0.3560160772736968,0.4400859447349318,0.2501910601858442,0.6091833026997537
dimension_band,high (30-50),bo,90,0.29121466653630135,0.3922684827000744,0.15324197025974878,0.5446196903466574
dimension_band,high (30-50),bo,100,0.21201073915826965,0.358087439951682,0.10792168825758086,0.519112546721758
dimension_band,high (30-50),bo,110,0.2056682438266079,0.3275861144792409,0.08358410169903903,0.5067841895465659
dimension_band,high (30-50),bo,120,0.15204188659541845,0.309587153369505,0.06889456074808468,0.502915746439048
dimension_band,high (30-50),ga,10,1.011465304840718,1.7480644122396054,1.0,1.127750188839013
dimension_band,high (30-50),ga,20,1.0,1.0,1.0,1.0
dimension_band,high (30-50),ga,30,0.9723406872621648,0.8920211589725113,0.8668067390351095,1.0
dimension_band,high (30-50),ga,40,0.9420867751805427,0.8647877898227969,0.8293707883742361,0.9999370784834611
dimension_band,high (30-50),ga,50,0.8922718884306747,0.8238679927892179,0.7427492754363417,0.9570583914805831
dimension_band,high (30-50),ga,60,0.8430403822819099,0.7396151545825878,0.6042798965195559,0.9454376633312267
dimension_band,high (30-50),ga,70,0.8089943239768538,0.6854230541540547,0.5157980739562906,0.8747266013832886
dimension_band,high (30-50),ga,80,0.7617287249258908,0.656834963955338,0.5127617427908402,0.8475943779670153
dimension_band,high (30-50),ga,90,0.7032928016176667,0.6238666591353708,0.4323573898865701,0.8336601819926125
dimension_band,high (30-50),ga,100,0.6824987551626198,0.6048973428487275,0.4072297763002899,0.7823558985765824
dimension_band,high (30-50),ga,110,0.6609772922468844,0.5857112552009598,0.3146427345158861,0.7803244928782385
dimension_band,high (30-50),ga,120,0.6233658334381504,0.5576913762518314,0.2962051829842868,0.7432521109119131
dimension_band,high (30-50),random,10,1.011465304840718,1.7480644122396054,1.0,1.127750188839013
dimension_band,high (30-50),random,20,1.0,1.0,1.0,1.0
dimension_band,high (30-50),random,30,1.0,0.9016940924874167,0.9158755269339118,1.0
dimension_band,high (30-50),random,40,0.9467374330344578,0.8620806344355316,0.8494846475959243,1.0
dimension_band,high (30-50),random,50,0.9149037048981161,0.8046874181395871,0.6903706004202346,1.0
dimension_band,high (30-50),random,60,0.8891421281996741,0.7862985922594283,0.6903706004202346,0.995906582497931
dimension_band,high (30-50),random,70,0.875451451884085,0.7801460053480528,0.6884472328878062,0.9953811082766292
dimension_band,high (30-50),random,80,0.875451451884085,0.7743696103617407,0.6851069979372221,0.9931563397169223
dimension_band,high (30-50),random,90,0.8733115011336735,0.7594237224934122,0.5776211091586613,0.9809228569300171
dimension_band,high (30-50),random,100,0.8696737767772438,0.7449193049639243,0.5585155580544212,0.9581941077283825
dimension_band,high (30-50),random,110,0.8226980107667708,0.7322677312249167,0.5585155580544212,0.9581941077283825
dimension_band,high (30-50),random,120,0.8226980107667708,0.72964212275542,0.5585155580544212,0.9443100927759176
category,composition,bo,10,1.1480491519547003,1.5766709327366246,1.0,1.95404549092517
category,composition,bo,20,1.0,1.0,1.0,1.0
category,composition,bo,30,0.5922765324691062,0.6160130707440071,0.4095451749662835,0.7846616401779914
category,composition,bo,40,0.5922765324691062,0.6160130707440071,0.4095451749662835,0.7846616401779914
category,composition,bo,50,0.4552485941233876,0.5379147428440808,0.4095451749662835,0.7161476710051321
category,composition,bo,60,0.4538857415634668,0.5224009418308346,0.4095451749662835,0.6572866635965218
category,composition,bo,70,0.4442816890492698,0.4859591709420213,0.3367612579119471,0.6455715265780775
category,composition,bo,80,0.37401774618794137,0.46253785665491187,0.32621393262368814,0.6209868804356722
category,composition,bo,90,0.3495722168981843,0.45105761941979866,0.31972311729470565,0.6152549311197761
category,composition,bo,100,0.3253456069432102,0.41464750635555186,0.26592729442546426,0.6087641157907937
category,composition,bo,110,0.3253456069432102,0.4011548003330341,0.26592729442546426,0.5597620757079081
category,composition,bo,120,0.3253456069432102,0.4007884658932741,0.26427878944654426,0.5597620757079081
category,composition,ga,10,1.1480491519547003,1.5766709327366246,1.0,1.95404549092517
category,composition,ga,20,1.0,1.0,1.0,1.0
category,composition,ga,30,0.94879009729317,0.8926293119663936,0.8462324956870293,1.0
category,composition,ga,40,0.8699235125463225,0.8644001931081786,0.8236729969253245,0.974395048646585
category,composition,ga,50,0.829870941452318,0.7235308351017654,0.5904659942350086,0.8533397301550321
category,composition,ga,60,0.5687875284494986,0.6163207738305363,0.41705273109457514,0.8053911305777538
category,composition,ga,70,0.5687875284494986,0.5986450542354717,0.41705273109457514,0.8053911305777538
category,composition,ga,80,0.5596999307140595,0.561333388149534,0.3632691708728628,0.7008118745597325
category,composition,ga,90,0.5249999868839301,0.5293549445545195,0.34338425051901017,0.6834619026446678
category,composition,ga,100,0.5111645414504913,0.5179716368961494,0.3364665278022908,0.6529901863321605
category,composition,ga,110,0.47121408426360967,0.5023350507322449,0.3200684857287138,0.6443997990678771
category,composition,ga,120,0.47121408426360967,0.5023350507322449,0.3200684857287138,0.6443997990678771
category,composition,random,10,1.1480491519547003,1.5766709327366246,1.0,1.95404549092517
category,composition,random,20,1.0,1.0,1.0,1.0
category,composition,random,30,0.8840920450470156,0.8423091700773243,0.8316454087248377,0.9817878115040568
category,composition,random,40,0.6650016363349713,0.6995898840286751,0.46823775233773945,0.9571290659017956
category,composition,random,50,0.6650016363349713,0.6877759980458578,0.46823775233773945,0.9039665789791178
category,composition,random,60,0.6650016363349713,0.6877759980458578,0.46823775233773945,0.9039665789791178
category,composition,random,70,0.6650016363349713,0.6770741564914688,0.4331577758202213,0.9039665789791178
category,composition,random,80,0.6587538515227389,0.6749915615540582,0.4331577758202213,0.9008426865730016
category,composition,random,90,0.6587538515227389,0.6748593470740546,0.4331577758202213,0.9008426865730016
category,composition,random,100,0.6587538515227389,0.6748593470740546,0.4331577758202213,0.9008426865730016
category,composition,random,110,0.6587538515227389,0.6748593470740546,0.4331577758202213,0.9008426865730016
category,composition,random,120,0.6587538515227389,0.6748593470740546,0.4331577758202213,0.9008426865730016
category,discontinuous,bo,10,1.0,1.4200792571475613,1.0,1.0066543394914678
category,discontinuous,bo,20,1.0,1.0,1.0,1.0
category,discontinuous,bo,30,0.9849788466549394,0.9600658498288395,0.9796143017339768,0.9911619985934944
category,discontinuous,bo,40,0.9782284634528273,0.852921053590291,0.8943118167224345,0.983426936085125
category,discontinuous,bo,50,0.973707332484866,0.8020571580824963,0.8924616269298515,0.9821667963222315
category,discontinuous,bo,60,0.973707332484866,0.8014610193875886,0.8918328831770846,0.9798817250934224
category,discontinuous,bo,70,0.9724824198996787,0.800753930747057,0.889649042774658,0.9796094422901693
category,discontinuous,bo,80,0.9724824198996787,0.8005343290599544,0.8893890971821299,0.9795282332327172
category,discontinuous,bo,90,0.9724824198996787,0.8000128319711428,0.8893890971821299,0.9794858817323091
category,discontinuous,bo,100,0.9724824198996787,0.7964104226852134,0.8892800725003864,0.9794858817323091
category,discontinuous,bo,110,0.9724824198996787,0.7962659602182157,0.8890463801391011,0.9791393143787488
category,discontinuous,bo,120,0.9724824198996787,0.7962651548799692,0.8890463801391011,0.9791393143787488
category,discontinuous,ga,10,1.0,1.4200792571475613,1.0,1.0066543394914678
category,discontinuous,ga,20,1.0,1.0,1.0,1.0
category,discontinuous,ga,30,0.9961032118299655,0.915069468794155,0.9897514103442726,1.0
category,discontinuous,ga,40,0.9960316809040497,0.9144203944129315,0.9878392057841259,0.998511706784539
category,discontinuous,ga,50,0.9905706446325093,0.842534181643488,0.8709705623616366,0.9966741280757769
category,discontinuous,ga,60,0.9895691652884284,0.822257810313549,0.8709705623616366,0.9958361611838047
category,discontinuous,ga,70,0.9868425924379964,0.819020243569205,0.8696122281127411,0.9900503814317183
category,discontinuous,ga,80,0.9866993739302843,0.8136497835007145,0.8533484706410396,0.9900503814317183
category,discontinuous,ga,90,0.9848813160362033,0.7981416327268996,0.8156321088678588,0.9894565792109034
category,discontinuous,ga,100,0.9833493374596791,0.7934057996214247,0.8093457825769212,0.9882083572663968
category,discontinuous,ga,110,0.981999284440849,0.7781214685106214,0.8093457825769212,0.9870617414239441
category,discontinuous,ga,120,0.9807617430072965,0.7319295557736436,0.434630808988726,0.9845077377530504
category,discontinuous,random,10,1.0,1.4200792571475613,1.0,1.0066543394914678
category,discontinuous,random,20,1.0,1.0,1.0,1.0
category,discontinuous,random,30,1.0,0.9638446834542088,0.9996471395824168,1.0
category,discontinuous,random,40,0.9994739168488449,0.9223549367249176,0.9957221836753722,1.0
category,discontinuous,random,50,0.9965277328481166,0.8945663429339866,0.9137402594833193,0.9992108752732675
category,discontinuous,random,60,0.996134447388431,0.8533204526957302,0.8865037457987986,0.9981984926667683
category,discontinuous,random,70,0.9943400950440939,0.8258078807384547,0.8711113667146263,0.9973381903523486
category,discontinuous,random,80,0.99236547956512,0.8254684659480226,0.8710613273844733,0.9973381903523486
category,discontinuous,random,90,0.9916585983962038,0.8249427263798795,0.8701315608712201,0.9973381903523486
category,discontinuous,random,100,0.9916585983962038,0.8241622189102636,0.8646499355849799,0.9973381903523486
category,discontinuous,random,110,0.9916585983962038,0.8240302064791195,0.8634618237046829,0.9973381903523486
category,discontinuous,random,120,0.9911814014916313,0.8239506736616907,0.8634618237046829,0.9973381903523486
category,hybrid,bo,10,1.0,2.3388614015067954,1.0,1.0
category,hybrid,bo,20,1.0,1.0,1.0,1.0
category,hybrid,bo,30,0.7848964201734703,0.6191193608783615,0.29121885779987544,0.9090245958856628
category,hybrid,bo,40,0.5089050012998202,0.5049631562790667,0.16402671976905786,0.7985052320933043
category,hybrid,bo,50,0.26591813875413306,0.4028923951905532,0.15758648075709217,0.615903590358652
category,hybrid,bo,60,0.2255492365984897,0.29971012832285077,0.06635198859087979,0.30191334436984146
category,hybrid,bo,70,0.021948597026319423,0.2278460996794762,0.009502507984713473,0.23897533565299234
category,hybrid,bo,80,0.021948597026319423,0.2278460996794762,0.009502507984713473,0.23897533565299234
category,hybrid,bo,90,0.021948597026319423,0.2278460996794762,0.009502507984713473,0.23897533565299234
category,hybrid,bo,100,0.021948597026319423,0.19820932824123863,0.009502507984713473,0.10560986418092345
category,hybrid,bo,110,0.021948597026319423,0.08502522857036798,0.009502507984713473,0.10560986418092345
category,hybrid,bo,120,0.021948597026319423,0.08502522857036798,0.009502507984713473,0.10560986418092345
category,hybrid,ga,10,1.0,2.3388614015067954,1.0,1.0
category,hybrid,ga,20,1.0,1.0,1.0,1.0
category,hybrid,ga,30,0.7092176610056483,0.6681823001457952,0.3986860589207974,1.0
category,hybrid,ga,40,0.40526914661763047,0.5148972211839268,0.2469423735356232,0.8160432522353043
category,hybrid,ga,50,0.2624294982358157,0.3594447238516125,0.14842159984898998,0.39540236371650295
category,hybrid,ga,60,0.22484400747157857,0.3279003992745144,0.09209392705870661,0.39540236371650295
category,hybrid,ga,70,0.04600484664313357,0.23078217534781684,0.01546314497386629,0.22161116440813486
category,hybrid,ga,80,0.04600484664313357,0.2293978955212984,0.011328989985571315,0.22161116440813486
category,hybrid,ga,90,0.04600484664313357,0.22254399989065488,0.011328989985571315,0.19076863407023897
category,hybrid,ga,100,0.04600484664313357,0.22254399989065488,0.011328989985571315,0.19076863407023897
category,hybrid,ga,110,0.039381463327471326,0.2125116168017449,0.008391666644035116,0.15824589190564406
category,hybrid,ga,120,0.03403537006778678,0.21011623881257036,0.0030869525553502367,0.15824589190564406
category,hybrid,random,10,1.0,2.3388614015067954,1.0,1.0
category,hybrid,random,20,1.0,1.0,1.0,1.0
category,hybrid,random,30,0.8313896068097038,0.6987938764644221,0.5858660717415808,0.9700179074575792
category,hybrid,random,40,0.40582252690944715,0.47986044641532644,0.09049887930193448,0.9057517445765515
category,hybrid,random,50,0.12321194470551908,0.3093703040662705,0.021745311555623155,0.4941268558560454
category,hybrid,random,60,0.12321194470551908,0.25197334641571045,0.021745311555623155,0.23584054642852542
category,hybrid,random,70,0.12321194470551908,0.25197334641571045,0.021745311555623155,0.23584054642852542
category,hybrid,random,80,0.12321194470551908,0.24712187366225757,0.021745311555623155,0.2140089190379874
category,hybrid,random,90,0.09918494314370127,0.2376562315536608,0.005515208874707902,0.2140089190379874
category,hybrid,random,100,0.0878475748633222,0.22823914356569022,0.005515208874707902,0.18296939137249876
category,hybrid,random,110,0.053391939465725305,0.21675393176649127,0.005515208874707902,0.16574157367370032
category,hybrid,random,120,0.053391939465725305,0.21675393176649127,0.005515208874707902,0.16574157367370032
category,ill_conditioned,bo,10,1.0143340959917326,1.2191414003826688,1.0,1.1179229360084408
category,ill_conditioned,bo,20,1.0,1.0,1.0,1.0
category,ill_conditioned,bo,30,0.4973073096728625,0.4476361383587557,0.1421884457440083,0.6020909712205998
category,ill_conditioned,bo,40,0.4107320150286302,0.34646793229183304,0.028467092721746603,0.5389388488878477
category,ill_conditioned,bo,50,0.3019009122044619,0.3119045338138011,0.02820203290883154,0.46615328541622447
category,ill_conditioned,bo,60,0.11154001264862688,0.233854397877499,0.02196122166695219,0.42602088079275635
category,ill_conditioned,bo,70,0.06106536630308786,0.15558434610337052,0.005838651836779078,0.27069417348590513
category,ill_conditioned,bo,80,0.04756707448955362,0.1021072815432149,0.003402985707136303,0.11204508866333762
category,ill_conditioned,bo,90,0.027927586152219828,0.0638254758661128,0.0012724427135074787,0.09117669270099427
category,ill_conditioned,bo,100,0.016485263784064303,0.03704251027358187,0.0006586151341510251,0.04369118997407838
category,ill_conditioned,bo,110,0.01119949002737713,0.021510371836296584,0.00031991829939876065,0.0283764014132848
category,ill_conditioned,bo,120,0.005643953700872494,0.015240338598430526,0.00014057547053406932,0.020895589239239034
category,ill_conditioned,ga,10,1.0143340959917326,1.2191414003826688,1.0,1.1179229360084408
category,ill_conditioned,ga,20,1.0,1.0,1.0,1.0
category,ill_conditioned,ga,30,0.9731725675050326,0.8056139375260382,0.803431350988137,0.9993917306439837
category,ill_conditioned,ga,40,0.8832288416000053,0.742750896625807,0.6757242731743367,0.994738134710724
category,ill_conditioned,ga,50,0.7455815296573192,0.6708267200490826,0.5934713149027694,0.8807275261092034
category,ill_conditioned,ga,60,0.7453771122350361,0.6474771267771444,0.5638601009119172,0.8542286432412274
category,ill_conditioned,ga,70,0.7132106422852631,0.5650343908932979,0.2621545963554127,0.835854680840882
category,ill_conditioned,ga,80,0.6572957865999314,0.5233572734905962,0.26009389726265464,0.7455444071974806
category,ill_conditioned,ga,90,0.5358068751995344,0.47974343794468727,0.26009389726265464,0.6863220595226236
category,ill_conditioned,ga,100,0.4795988060812415,0.45164739842729446,0.24985545843073717,0.6497021794296298
category,ill_conditioned,ga,110,0.4795988060812415,0.4125018474265977,0.19870395601562343,0.5844615718053061
category,ill_conditioned,ga,120,0.4403527809478897,0.38358955269705935,0.19681967593088856,0.5613704488201567
category,ill_conditioned,random,10,1.0143340959917326,1.2191414003826688,1.0,1.1179229360084408
category,ill_conditioned,random,20,1.0,1.0,1.0,1.0
category,ill_conditioned,random,30,1.0,0.908377531033106,0.9526034336903496,1.0
category,ill_conditioned,random,40,0.9408110455895558,0.8657919775221248,0.8248946161912067,1.0
category,ill_conditioned,random,50,0.8777738147931966,0.7672944831610103,0.7651132987854008,0.9632992848027591
category,ill_conditioned,random,60,0.875406093741513,0.7488299289992892,0.7651132987854008,0.9128571196609586
category,ill_conditioned,random,70,0.875406093741513,0.7488299289992892,0.7651132987854008,0.9128571196609586
category,ill_conditioned,random,80,0.8724830397919601,0.7298791378232572,0.670749476135325,0.9128571196609586
category,ill_conditioned,random,90,0.8724830397919601,0.7243918178139245,0.670749476135325,0.9128571196609586
category,ill_conditioned,random,100,0.8223088957448945,0.6724885564059683,0.5454948789331578,0.8793551707812114
category,ill_conditioned,random,110,0.7772860966563852,0.6569163143752582,0.5454948789331578,0.8782851954060056
category,ill_conditioned,random,120,0.7772860966563852,0.6569163143752582,0.5454948789331578,0.8782851954060056
category,ill_conditioned_rotated,bo,10,1.0,2.4396384607112096,1.0,1.6349013200655986
category,ill_conditioned_rotated,bo,20,1.0,1.0,1.0,1.0
category,ill_conditioned_rotated,bo,30,0.8807499186704886,0.7229196693824159,0.47563378027352343,1.0
category,ill_conditioned_rotated,bo,40,0.5694226033656811,0.609808116254079,0.4492041961376989,1.0
category,ill_conditioned_rotated,bo,50,0.4723412136847839,0.527425642596587,0.3130234188913446,0.8074496742962955
category,ill_conditioned_rotated,bo,60,0.33692481676848407,0.46130197992808386,0.17530978751551335,0.8074496742962955
category,ill_conditioned_rotated,bo,70,0.33692481676848407,0.44641827764854963,0.08373866445859464,0.8074496742962955
category,ill_conditioned_rotated,bo,80,0.3108271838527111,0.40217605998117506,0.07696639600669575,0.6693727103201139
category,ill_conditioned_rotated,bo,90,0.3108271838527111,0.39641004507133537,0.04768394418172349,0.6693727103201139
category,ill_conditioned_rotated,bo,100,0.302093362676164,0.37994182069189536,0.03441564559254529,0.6121553459569491
category,ill_conditioned_rotated,bo,110,0.23860961406477313,0.33305858163783914,0.03441564559254529,0.43365031954500133
category,ill_conditioned_rotated,bo,120,0.2155413962844044,0.3053933624231678,0.02702590146319117,0.42199514652896974
category,ill_conditioned_rotated,ga,10,1.0,2.4396384607112096,1.0,1.6349013200655986
category,ill_conditioned_rotated,ga,20,1.0,1.0,1.0,1.0
category,ill_conditioned_rotated,ga,30,1.0,0.8980832044467785,0.8952561474330046,1.0
category,ill_conditioned_rotated,ga,40,0.958716296364235,0.7652597513280159,0.5734722305910323,1.0
category,ill_conditioned_rotated,ga,50,0.7974447285699616,0.6840084873571258,0.4814502331389845,0.9793581481821175
category,ill_conditioned_rotated,ga,60,0.4667183037830815,0.4883663932553504,0.02836883175547083,0.8917402574772124
category,ill_conditioned_rotated,ga,70,0.3239709911519046,0.4122140390033929,0.028362337707476253,0.6563537683010698
category,ill_conditioned_rotated,ga,80,0.3239709911519046,0.3906175397050171,0.028362337707476253,0.575757560214644
category,ill_conditioned_rotated,ga,90,0.321359861469403,0.3455493648203766,0.02388554583355558,0.5376375106457832
category,ill_conditioned_rotated,ga,100,0.26037910386798563,0.32887055577934904,0.016325959505924647,0.5288571391260106
category,ill_conditioned_rotated,ga,110,0.2285439956345113,0.2830422604362634,0.016146012201295065,0.4420521592915808
category,ill_conditioned_rotated,ga,120,0.199740487528785,0.22178242851843705,0.016146012201295065,0.3002993982196773
category,ill_conditioned_rotated,random,10,1.0,2.4396384607112096,1.0,1.6349013200655986
category,ill_conditioned_rotated,random,20,1.0,1.0,1.0,1.0
category,ill_conditioned_rotated,random,30,1.0,0.8486261666751752,0.9921199526005442,1.0
category,ill_conditioned_rotated,random,40,1.0,0.7687328388531919,0.4603008646230542,1.0
category,ill_conditioned_rotated,random,50,1.0,0.6714310626326265,0.39974776568713327,1.0
category,ill_conditioned_rotated,random,60,0.46906285164212735,0.6091086196187641,0.339276457023862,1.0
category,ill_conditioned_rotated,random,70,0.46906285164212735,0.5920819604647078,0.339276457023862,1.0
category,ill_conditioned_rotated,random,80,0.46906285164212735,0.5920819604647078,0.339276457023862,1.0
category,ill_conditioned_rotated,random,90,0.44943432630799823,0.5454811977723772,0.30383083297092106,1.0
category,ill_conditioned_rotated,random,100,0.44943432630799823,0.5126807966750299,0.23750513108088078,0.8664439102330415
category,ill_conditioned_rotated,random,110,0.44943432630799823,0.5126807966750299,0.23750513108088078,0.8664439102330415
category,ill_conditioned_rotated,random,120,0.44943432630799823,0.4973317005066577,0.193994669545142,0.8664439102330415
category,multimodal,bo,10,1.0,1.1299270990746368,1.0,1.0628423526631932
category,multimodal,bo,20,1.0,1.0,1.0,1.0
category,multimodal,bo,30,0.760675245666172,0.7236896705921826,0.5353722066892137,1.0
category,multimodal,bo,40,0.7062578819627053,0.6644485918252002,0.3946134624856211,0.9798264672165456
category,multimodal,bo,50,0.6333116085789232,0.6220234120051851,0.3198831168297638,0.9560606636952951
category,multimodal,bo,60,0.5331833295515291,0.547445892211112,0.2555251061352484,0.9098503420967085
category,multimodal,bo,70,0.367136286831355,0.49049904643515274,0.2106686343878832,0.8779119582821923
category,multimodal,bo,80,0.34947830699124427,0.4628874747036811,0.18074697200233894,0.8650965987943291
category,multimodal,bo,90,0.29777914901238883,0.42101697348956596,0.15001333211287032,0.7774582473349037
category,multimodal,bo,100,0.21382937756617698,0.38958380512472907,0.13111176649620038,0.6616959085715504
category,multimodal,bo,110,0.19717150797676863,0.35773493451082833,0.10613426907928904,0.5027986076537394
category,multimodal,bo,120,0.17256675878241967,0.33914604980885804,0.08037111742416506,0.48463600290171827
category,multimodal,ga,10,1.0,1.1299270990746368,1.0,1.0628423526631932
category,multimodal,ga,20,1.0,1.0,1.0,1.0
category,multimodal,ga,30,0.9916817455847502,0.8966542381310051,0.8600399171404274,1.0
category,multimodal,ga,40,0.9638658849304683,0.8658982207073841,0.8226810741431148,1.0
category,multimodal,ga,50,0.8910004432004285,0.7903813946490555,0.6587480008826485,0.9889710260005227
category,multimodal,ga,60,0.8441651670366159,0.7623123533551363,0.6159842127052304,0.9741669456164381
category,multimodal,ga,70,0.7390841436908016,0.7051345511046216,0.5710463541765192,0.9410596342730309
category,multimodal,ga,80,0.6950059130345605,0.6682998415977628,0.4926788633786,0.9365786700768339
category,multimodal,ga,90,0.6468358124635587,0.6162454477428527,0.44689312851643664,0.8677208845026899
category,multimodal,ga,100,0.5837420688098792,0.5988627687427764,0.418735735220104,0.8617172822355019
category,multimodal,ga,110,0.5785263802852125,0.5754574746813805,0.36757720670218785,0.8074160937333119
category,multimodal,ga,120,0.5461444448758135,0.5537921157502359,0.3184892860079346,0.7857931631424404
category,multimodal,random,10,1.0,1.1299270990746368,1.0,1.0628423526631932
category,multimodal,random,20,1.0,1.0,1.0,1.0
category,multimodal,random,30,1.0,0.9833988521958631,1.0,1.0
category,multimodal,random,40,1.0,0.9650213976892035,0.9896305733565739,1.0
category,multimodal,random,50,0.9989025938942452,0.9356126414100552,0.9122978989437189,1.0
category,multimodal,random,60,0.9771604772418304,0.8960896987162288,0.83358759391748,1.0
category,multimodal,random,70,0.9443663091006018,0.8877162453241126,0.8219612856491794,0.9962486732758851
category,multimodal,random,80,0.9435473160260606,0.8806918229016426,0.803476850788901,0.9962486732758851
category,multimodal,random,90,0.9435473160260606,0.8665620556704559,0.7733213682113408,0.9962486732758851
category,multimodal,random,100,0.9256936436920029,0.8186790346761272,0.7180305892224981,0.9962486732758851
category,multimodal,random,110,0.9247425613220813,0.8132715459441079,0.7180305892224981,0.9953177074322093
category,multimodal,random,120,0.8961281442023636,0.7961068458996886,0.7020847786093987,0.9933281137928605
category,multimodal_rotated,bo,10,1.0,1.0893836551708076,1.0,1.036375399580477
category,multimodal_rotated,bo,20,1.0,1.0,1.0,1.0
category,multimodal_rotated,bo,30,0.8462416124001216,0.8141564496070777,0.7054822643227427,1.0
category,multimodal_rotated,bo,40,0.7665218452217254,0.737574076808066,0.6674778964552969,0.8239324771005714
category,multimodal_rotated,bo,50,0.7256347649315097,0.6864530027124015,0.6342916729954552,0.7961309512926521
category,multimodal_rotated,bo,60,0.6878559282038469,0.6184889663173077,0.5231282368658589,0.7560542992883489
category,multimodal_rotated,bo,70,0.6666933187383702,0.5941539907574364,0.5118496440090339,0.7180579654948103
category,multimodal_rotated,bo,80,0.6347852656325538,0.5769541578466092,0.46875545717943207,0.7180579654948103
category,multimodal_rotated,bo,90,0.5711369711109376,0.5512275081804701,0.4636564497351068,0.6921948129752687
category,multimodal_rotated,bo,100,0.5711369711109376,0.5377400439490535,0.4636564497351068,0.6582671668730565
category,multimodal_rotated,bo,110,0.5231282368658589,0.5282132932614928,0.43197215812848744,0.6201930339880148
category,multimodal_rotated,bo,120,0.5231282368658589,0.5232923317119869,0.43197215812848744,0.6187019460369881
category,multimodal_rotated,ga,10,1.0,1.0893836551708076,1.0,1.036375399580477
category,multimodal_rotated,ga,20,1.0,1.0,1.0,1.0
category,multimodal_rotated,ga,30,1.0,0.9814659762251926,0.9780283878432542,1.0
category,multimodal_rotated,ga,40,0.979685194036285,0.9537061533338441,0.929358346206076,1.0
category,multimodal_rotated,ga,50,0.9198563934432218,0.9083557008484268,0.8857405153338664,0.9413740341774
category,multimodal_rotated,ga,60,0.8622901751459056,0.8391518491719429,0.8220834914561608,0.9353689450531169
category,multimodal_rotated,ga,70,0.8381168306059031,0.8017802959341135,0.7569179220037262,0.8971171813236091
category,multimodal_rotated,ga,80,0.8158769274280823,0.7750651839248308,0.7099311458104255,0.8467603990701178
category,multimodal_rotated,ga,90,0.7626185033434835,0.7400793631269454,0.7001467031025461,0.8467603990701178
category,multimodal_rotated,ga,100,0.7569179220037262,0.7222200341333597,0.7001467031025461,0.8158769274280823
category,multimodal_rotated,ga,110,0.7255459809290251,0.6938513426048478,0.6016550351672194,0.7968431943335231
category,multimodal_rotated,ga,120,0.7135347112407313,0.6804711161960701,0.6016550351672194,0.7584235945723816
category,multimodal_rotated,random,10,1.0,1.0893836551708076,1.0,1.036375399580477
category,multimodal_rotated,random,20,1.0,1.0,1.0,1.0
category,multimodal_rotated,random,30,0.9997396500341493,0.9620922735380981,0.9274711805556675,1.0
category,multimodal_rotated,random,40,0.9983437979314153,0.927092565573732,0.8847757266437665,1.0
category,multimodal_rotated,random,50,0.9040100077583347,0.8908009153074057,0.8417945511263747,0.9983437979314153
category,multimodal_rotated,random,60,0.9007382119074235,0.8677675747107569,0.8352648657496892,0.9960606069568917
category,multimodal_rotated,random,70,0.8994298715989181,0.8552227646762278,0.8188700627659347,0.9960606069568917
category,multimodal_rotated,random,80,0.8994298715989181,0.852281512004838,0.8188700627659347,0.9874367329516588
category,multimodal_rotated,random,90,0.8994298715989181,0.8522620122680975,0.8188700627659347,0.9874367329516588
category,multimodal_rotated,random,100,0.8994298715989181,0.845800216412884,0.8188700627659347,0.9625335028073276
category,multimodal_rotated,random,110,0.8647557032396805,0.8222568988490828,0.7768681498228395,0.9625335028073276
category,multimodal_rotated,random,120,0.8639096317303547,0.8170579781595254,0.7768681498228395,0.9417126036290285
category,multiple_global_minima,bo,10,2.093788961258907,1.9587267872145055,1.7924672736577434,2.192517387793469
category,multiple_global_minima,bo,20,1.0,1.0,1.0,1.0
category,multiple_global_minima,bo,30,0.22528007094425787,0.3323985912416972,0.21101934569329348,0.4002185766413813
category,multiple_global_minima,bo,40,0.036184491466831885,0.0896249827141412,0.03605816385004725,0.11647155595458049
category,multiple_global_minima,bo,50,0.016753608483040236,0.015560170095368607,0.010668491589417135,0.021048567795155893
category,multiple_global_minima,bo,60,0.008640114167684548,0.00895167790660722,0.006611744431739291,0.011135829512013811
category,multiple_global_minima,bo,70,0.0027747519964222978,0.0025299577552537187,0.0021076988103072747,0.003074613820784452
category,multiple_global_minima,bo,80,0.0002317205370417075,0.0004548580525526545,0.00012037072211268496,0.0006777766252371505
category,multiple_global_minima,bo,90,4.1835866050928524e-05,6.0627636394376244e-05,2.5428386617295464e-05,8.643100099973316e-05
category,multiple_global_minima,bo,100,4.1835866050928524e-05,6.0627636394376244e-05,2.5428386617295464e-05,8.643100099973316e-05
category,multiple_global_minima,bo,110,9.020907183662408e-06,1.20751891439126e-05,4.8389914483700705e-06,1.7784245859330034e-05
category,multiple_global_minima,bo,120,7.888640652755077e-06,5.855541183165072e-06,4.272858182916405e-06,8.454773918208741e-06
category,multiple_global_minima,ga,10,2.093788961258907,1.9587267872145055,1.7924672736577434,2.192517387793469
category,multiple_global_minima,ga,20,1.0,1.0,1.0,1.0
category,multiple_global_minima,ga,30,0.6468096228968513,0.5839001763161747,0.375850264474262,0.8234048114484256
category,multiple_global_minima,ga,40,0.6468096228968513,0.5839001763161747,0.375850264474262,0.8234048114484256
category,multiple_global_minima,ga,50,0.5055650180469944,0.5368186413662224,0.30522796204933356,0.7527825090234972
category,multiple_global_minima,ga,60,0.5055650180469944,0.5331496016027995,0.2997244024041991,0.7527825090234972
category,multiple_global_minima,ga,70,0.3361098554752609,0.3001113689778035,0.19738454444320805,0.4208374367611276
category,multiple_global_minima,ga,80,0.3361098554752609,0.3001113689778035,0.19738454444320805,0.4208374367611276
category,multiple_global_minima,ga,90,0.0499473864354529,0.12897516986407978,0.0254078270584892,0.1930286209553569
category,multiple_global_minima,ga,100,0.0499473864354529,0.050444451406115025,0.0254078270584892,0.07523254326840978
category,multiple_global_minima,ga,110,0.03810383950091867,0.04636289771139712,0.019285496516412346,0.06931076980114267
category,multiple_global_minima,ga,120,0.03810383950091867,0.04636289771139712,0.019285496516412346,0.06931076980114267
category,multiple_global_minima,random,10,2.093788961258907,1.9587267872145055,1.7924672736577434,2.192517387793469
category,multiple_global_minima,random,20,1.0,1.0,1.0,1.0
category,multiple_global_minima,random,30,0.38800313752215027,0.4818109877785068,0.22271648166776015,0.6940015687610751
category,multiple_global_minima,random,40,0.36806280588428236,0.47516421056588415,0.2127463158488262,0.6840314029421412
category,multiple_global_minima,random,50,0.36806280588428236,0.47516421056588415,0.2127463158488262,0.6840314029421412
category,multiple_global_minima,random,60,0.36806280588428236,0.47516421056588415,0.2127463158488262,0.6840314029421412
category,multiple_global_minima,random,70,0.36806280588428236,0.310779088400209,0.20911972622332092,0.4410803093191338
category,multiple_global_minima,random,80,0.14146577981188346,0.23524674637607604,0.09582121318712147,0.3277817962829343
category,multiple_global_minima,random,90,0.14146577981188346,0.23524674637607604,0.09582121318712147,0.3277817962829343
category,multiple_global_minima,random,100,0.05017664656235948,0.2041269453479169,0.04914151164488277,0.28213722965817234
category,multiple_global_minima,random,110,0.05017664656235948,0.2041269453479169,0.04914151164488277,0.28213722965817234
category,multiple_global_minima,random,120,0.05017664656235948,0.2041269453479169,0.04914151164488277,0.28213722965817234
category,smooth_coupled,bo,10,1.0,1.3658821981163858,1.0,1.102893965274164
category,smooth_coupled,bo,20,1.0,1.0,1.0,1.0
category,smooth_coupled,bo,30,0.40136574813861076,0.5192396091258211,0.13527978267682728,1.0
category,smooth_coupled,bo,40,0.2483158563021518,0.4099917865478902,0.06008698928401018,0.9928345842276451
category,smooth_coupled,bo,50,0.15248053865873895,0.3205314487497932,0.04026128450130467,0.40508747466315365
category,smooth_coupled,bo,60,0.11807902669491563,0.2820622871955173,0.03273818341878068,0.3445586190387904
category,smooth_coupled,bo,70,0.11807902669491563,0.26091829473665556,0.03273818341878068,0.32422480304164836
category,smooth_coupled,bo,80,0.10422072119237821,0.2262015956094736,0.019449771262529544,0.27082867269374655
category,smooth_coupled,bo,90,0.10422072119237821,0.2155098448970712,0.010520613391824002,0.23335312370195851
category,smooth_coupled,bo,100,0.10422072119237821,0.2155062319224006,0.010520613391824002,0.23335312370195851
category,smooth_coupled,bo,110,0.09747275086062646,0.20784739232573662,0.010520613391824002,0.20319319705363098
category,smooth_coupled,bo,120,0.09747275086062646,0.20701174487073692,0.010520613391824002,0.19220782497215746
category,smooth_coupled,ga,10,1.0,1.3658821981163858,1.0,1.102893965274164
category,smooth_coupled,ga,20,1.0,1.0,1.0,1.0
category,smooth_coupled,ga,30,0.893543333660921,0.7469439541976399,0.5896058048795065,1.0
category,smooth_coupled,ga,40,0.7365180616462341,0.669732926445282,0.5306159825846226,1.0
category,smooth_coupled,ga,50,0.5392217654923812,0.530884765422294,0.2850938136533336,0.7250077349492507
category,smooth_coupled,ga,60,0.4085290680449139,0.41153582360541574,0.19458021951065074,0.5784051085985932
category,smooth_coupled,ga,70,0.3361052101717255,0.3166566155403331,0.12826831854876253,0.4680400997600962
category,smooth_coupled,ga,80,0.22740402467719176,0.24739219345388294,0.06343015969053892,0.3664114051643037
category,smooth_coupled,ga,90,0.1562262912321091,0.18332346744176434,0.04330727873556452,0.2801436864460835
category,smooth_coupled,ga,100,0.10375487135336733,0.16373530691221583,0.030669963790383205,0.2605758046264505
category,smooth_coupled,ga,110,0.09325507513342603,0.13286551476643732,0.024027568507908173,0.18359126716133548
category,smooth_coupled,ga,120,0.08173105536849369,0.11750904987124607,0.015795841125354784,0.1826643981858993
category,smooth_coupled,random,10,1.0,1.3658821981163858,1.0,1.102893965274164
category,smooth_coupled,random,20,1.0,1.0,1.0,1.0
category,smooth_coupled,random,30,1.0,0.8376022216372235,0.6281950257667347,1.0
category,smooth_coupled,random,40,0.9295029451069428,0.8096910315770257,0.6281950257667347,1.0
category,smooth_coupled,random,50,0.9143164225533591,0.7478574409212188,0.5211648946634129,1.0
category,smooth_coupled,random,60,0.7455346168588597,0.6918231192293788,0.4594906005128565,1.0
category,smooth_coupled,random,70,0.5942678530584251,0.602472596413651,0.3800747370791062,0.908379175200299
category,smooth_coupled,random,80,0.5494540793865336,0.5707493502280158,0.2542807632232633,0.908379175200299
category,smooth_coupled,random,90,0.5494540793865336,0.5522448594422277,0.1945626481073815,0.908379175200299
category,smooth_coupled,random,100,0.509842018904582,0.5312696404380995,0.1945626481073815,0.891301913261115
category,smooth_coupled,random,110,0.40913918212113093,0.4812785797218585,0.17146125170722956,0.7380719632073193
category,smooth_coupled,random,120,0.40913918212113093,0.4812785797218585,0.17146125170722956,0.7380719632073193
category,valley,bo,10,1.0,1.727295548285127,1.0,1.6931998247369002
category,valley,bo,20,1.0,1.0,1.0,1.0
category,valley,bo,30,0.5901693681688164,0.6308440973812203,0.38790131983814186,1.0
category,valley,bo,40,0.3289971335443765,0.4806387484609112,0.03003654744458288,1.0
category,valley,bo,50,0.3134716474492001,0.40115860972042267,0.03003654744458288,0.7358526809816386
category,valley,bo,60,0.22148207959989402,0.3172395972535849,0.01767662628398285,0.48173852002559836
category,valley,bo,70,0.16423256634786884,0.27980112484160163,0.01767662628398285,0.44243621048250564
category,valley,bo,80,0.07519318011893515,0.27363916788754583,0.01767662628398285,0.44243621048250564
category,valley,bo,90,0.06260976768784668,0.22962005253200188,0.01767662628398285,0.2743013234643663
category,valley,bo,100,0.06260976768784668,0.22418593190972716,0.014443697236265322,0.2428372816926352
category,valley,bo,110,0.03310087359095257,0.1977830411616491,0.014443697236265322,0.08072340129524827
category,valley,bo,120,0.03310087359095257,0.19735229623144096,0.014443697236265322,0.08072340129524827
category,valley,ga,10,1.0,1.727295548285127,1.0,1.6931998247369002
category,valley,ga,20,1.0,1.0,1.0,1.0
category,valley,ga,30,1.0,0.7713014775318379,0.6010945016872793,1.0
category,valley,ga,40,0.9389887454588979,0.7275774618337129,0.5082803415443214,1.0
category,valley,ga,50,0.6392520997890186,0.6064138174052286,0.41891976727802543,0.8847044276762592
category,valley,ga,60,0.5972073898122866,0.5640023790619605,0.29103981977995874,0.8847044276762592
category,valley,ga,70,0.5972073898122866,0.542610428759748,0.1776607433409083,0.8647045225155376
category,valley,ga,80,0.40219216469511404,0.4853901872432339,0.1776607433409083,0.7927665565942348
category,valley,ga,90,0.28889571209808135,0.3496266889921437,0.1776607433409083,0.42846593310383974
category,valley,ga,100,0.28889571209808135,0.30680824376897947,0.15864626523813918,0.398260216167308
category,valley,ga,110,0.27507557058775156,0.2695747914770423,0.10790698040741031,0.3711666374880826
category,valley,ga,120,0.2348896995384559,0.23460275790755683,0.08614310387973664,0.28830311008172727
category,valley,random,10,1.0,1.727295548285127,1.0,1.6931998247369002
category,valley,random,20,1.0,1.0,1.0,1.0
category,valley,random,30,1.0,0.9457577069221966,1.0,1.0
category,valley,random,40,1.0,0.8847150883392484,0.8452954678296367,1.0
category,valley,random,50,1.0,0.8410142517560091,0.7851716323951067,1.0
category,valley,random,60,1.0,0.7913319046696216,0.6631210319707372,1.0
category,valley,random,70,1.0,0.7440880963984404,0.5266989803420613,1.0
category,valley,random,80,0.9514956322407082,0.6581546280880194,0.2375449244866774,1.0
category,valley,random,90,0.9514956322407082,0.6569697662644991,0.2286584608102758,1.0
category,valley,random,100,0.8384852099358743,0.5824698907938604,0.1112274153540857,1.0
category,valley,random,110,0.5784657386907863,0.5554732383954727,0.1112274153540857,1.0
category,valley,random,120,0.5784657386907863,0.5392260281748763,0.1112274153540857,0.9192426049679372
category,valley_rotated,bo,10,1.0,1.3159463429256315,1.0,1.0
category,valley_rotated,bo,20,1.0,1.0,1.0,1.0
category,valley_rotated,bo,30,0.47042684988460914,0.5085873206378148,0.201440522654401,0.7799733388679283
category,valley_rotated,bo,40,0.3249083324857305,0.3139897130327251,0.18729287307061543,0.41479758627345664
category,valley_rotated,bo,50,0.3249083324857305,0.3139897130327251,0.18729287307061543,0.41479758627345664
category,valley_rotated,bo,60,0.21512927541467414,0.22288553748364007,0.1637062595959782,0.279457767841054
category,valley_rotated,bo,70,0.21512927541467414,0.21453785579560433,0.13736887631813047,0.279457767841054
category,valley_rotated,bo,80,0.20096165863305698,0.1960864693208575,0.13671641592485373,0.24455840489071184
category,valley_rotated,bo,90,0.13381855705444035,0.16231344381363846,0.11932658815822722,0.18608485639692868
category,valley_rotated,bo,100,0.13070807455773165,0.16127661631473555,0.11777134690987286,0.18608485639692868
category,valley_rotated,bo,110,0.13070807455773165,0.16127661631473555,0.11777134690987286,0.18608485639692868
category,valley_rotated,bo,120,0.11980638520210857,0.1523170370253301,0.1088327023687288,0.18266905001135283
category,valley_rotated,ga,10,1.0,1.3159463429256315,1.0,1.0
category,valley_rotated,ga,20,1.0,1.0,1.0,1.0
category,valley_rotated,ga,30,0.8050639853738271,0.8188374915540274,0.6889375497649315,0.9754856260002714
category,valley_rotated,ga,40,0.6953535220921437,0.7676501228093683,0.664410622648628,0.8793798570472926
category,valley_rotated,ga,50,0.6945899712553592,0.6554676112332529,0.5250503351492032,0.8067760029204708
category,valley_rotated,ga,60,0.4927784625093441,0.520904474620872,0.40045594273405427,0.6002516434527422
category,valley_rotated,ga,70,0.40348028561320337,0.46098244077911016,0.28563111102755967,0.6002516434527422
category,valley_rotated,ga,80,0.40348028561320337,0.39968260352819457,0.28563111102755967,0.5353735249655052
category,valley_rotated,ga,90,0.3061008109407559,0.30785982089482405,0.17238784329855011,0.4240209692858534
category,valley_rotated,ga,100,0.2224837527511053,0.2563392709920131,0.14228774584771953,0.3669439855025976
category,valley_rotated,ga,110,0.21500372503256587,0.22442482694366395,0.1271845900606542,0.2912807229298924
category,valley_rotated,ga,120,0.19823303577932197,0.21419393335125989,0.1271845900606542,0.28289537830327044
category,valley_rotated,random,10,1.0,1.3159463429256315,1.0,1.0
category,valley_rotated,random,20,1.0,1.0,1.0,1.0
category,valley_rotated,random,30,0.8580201098100059,0.7884546900503433,0.6009602705270742,0.9911075894119159
category,valley_rotated,random,40,0.7993781912138123,0.768907383851612,0.5999210589666663,0.962825841674227
category,valley_rotated,random,50,0.7010235533711121,0.7234719398268324,0.49381619869785864,0.962825841674227
category,valley_rotated,random,60,0.5127920458136779,0.6097013489762747,0.46666822337305836,0.77616346003401
category,valley_rotated,random,70,0.4693922661093854,0.48335268799622283,0.3540183863316728,0.531767892929497
category,valley_rotated,random,80,0.4484060986400478,0.476357298839777,0.34624934533333107,0.52904385019317
category,valley_rotated,random,90,0.4241001900271426,0.4527362162473881,0.3389333937884191,0.45437083868523725
category,valley_rotated,random,100,0.4241001900271426,0.4084689874742508,0.3389333937884191,0.45437083868523725
category,valley_rotated,random,110,0.4241001900271426,0.4084689874742508,0.3389333937884191,0.45437083868523725
category,valley_rotated,random,120,0.4241001900271426,0.4084689874742508,0.3389333937884191,0.45437083868523725
family,Ackley01,bo,10,1.0,1.0185112836107568,1.0,1.0085889915164477
family,Ackley01,bo,20,1.0,1.0,1.0,1.0
family,Ackley01,bo,30,0.9779274141000373,0.8051701926998683,0.7156123544919873,1.0
family,Ackley01,bo,40,0.9594147167131898,0.7608529776654938,0.395396513139595,1.0
family,Ackley01,bo,50,0.9401076141213097,0.7461218463413288,0.32364626142023334,0.9974126100120059
family,Ackley01,bo,60,0.913706052629611,0.7163795388421926,0.2635167546477254,0.9942590393812715
family,Ackley01,bo,70,0.913706052629611,0.7012444492728483,0.2635167546477254,0.9575467744099712
family,Ackley01,bo,80,0.8950150233564141,0.6904790916587555,0.2635167546477254,0.9513310131856816
family,Ackley01,bo,90,0.8504928293004623,0.6625127107034714,0.2635167546477254,0.9513310131856816
family,Ackley01,bo,100,0.8336714015732288,0.6220710767261355,0.22137179783593575,0.9463282725349307
family,Ackley01,bo,110,0.6192175513113466,0.5740792352148398,0.20363090854548418,0.9401076141213097
family,Ackley01,bo,120,0.4878295843694407,0.5475798567691308,0.17256675878241967,0.9206603685210826
family,Ackley01,ga,10,1.0,1.0185112836107568,1.0,1.0085889915164477
family,Ackley01,ga,20,1.0,1.0,1.0,1.0
family,Ackley01,ga,30,1.0,0.9459810782146034,0.9916817455847502,1.0
family,Ackley01,ga,40,0.9970621127683711,0.9315080484855752,0.9671193553428667,1.0
family,Ackley01,ga,50,0.9864702945180829,0.896292472477651,0.9000451611966485,0.9997483139338443
family,Ackley01,ga,60,0.9850922815889653,0.8925036414340332,0.9000451611966485,0.9980621696543632
family,Ackley01,ga,70,0.984610019054078,0.8688065245580672,0.7866369768009804,0.9914717574829625
family,Ackley01,ga,80,0.9815855769698701,0.857735452442437,0.7768507497742392,0.9862136814477468
family,Ackley01,ga,90,0.9417179690292529,0.8094736571637827,0.6856027699847976,0.9826554201758683
family,Ackley01,ga,100,0.9417179690292529,0.8081462557861421,0.6856027699847976,0.9826554201758683
family,Ackley01,ga,110,0.9372173419857042,0.8006628299399213,0.6856027699847976,0.9782059757066255
family,Ackley01,ga,120,0.9183904740781204,0.7850771350508833,0.5942592031467333,0.976287683447981
family,Ackley01,random,10,1.0,1.0185112836107568,1.0,1.0085889915164477
family,Ackley01,random,20,1.0,1.0,1.0,1.0
family,Ackley01,random,30,1.0,0.9895032555111156,1.0,1.0
family,Ackley01,random,40,1.0,0.9888780300572261,0.9973322567096526,1.0
family,Ackley01,random,50,0.9989025938942452,0.9817194310045516,0.9921969934548976,1.0
family,Ackley01,random,60,0.995444509121049,0.9763386079798902,0.981277293807957,1.0
family,Ackley01,random,70,0.9923968958227177,0.9599759981870922,0.976300637230311,0.9992508948861113
family,Ackley01,random,80,0.9921969934548976,0.9448885862090259,0.9443663091006018,0.9992508948861113
family,Ackley01,random,90,0.9921969934548976,0.9448731447241805,0.9443663091006018,0.9992508948861113
family,Ackley01,random,100,0.9905329556753799,0.9264427900197454,0.9443663091006018,0.9992508948861113
family,Ackley01,random,110,0.9905329556753799,0.9201847219216394,0.9443663091006018,0.9970528374307212
family,Ackley01,random,120,0.9905329556753799,0.9200476620290164,0.9443663091006018,0.9970528374307212
family,Beale,bo,10,1.0,1.738682500251576,1.0,2.108023750377364
family,Beale,bo,20,1.0,1.0,1.0,1.0
family,Beale,bo,30,1.0,1.0,1.0,1.0
family,Beale,bo,40,1.0,0.9457418184854857,0.9186127277282286,1.0
family,Beale,bo,50,0.8372254554564571,0.7479144009980786,0.6218716014971178,0.9186127277282286
family,Beale,bo,60,0.8372254554564571,0.6374728785251308,0.45620931778769613,0.9186127277282286
family,Beale,bo,70,0.8372254554564571,0.6374728785251308,0.45620931778769613,0.9186127277282286
family,Beale,bo,80,0.8372254554564571,0.6374728785251308,0.45620931778769613,0.9186127277282286
family,Beale,bo,90,0.8372254554564571,0.6374728785251308,0.45620931778769613,0.9186127277282286
family,Beale,bo,100,0.8372254554564571,0.6374728785251308,0.45620931778769613,0.9186127277282286
family,Beale,bo,110,0.8372254554564571,0.6374728785251308,0.45620931778769613,0.9186127277282286
family,Beale,bo,120,0.8372254554564571,0.6374728785251308,0.45620931778769613,0.9186127277282286
family,Beale,ga,10,1.0,1.738682500251576,1.0,2.108023750377364
family,Beale,ga,20,1.0,1.0,1.0,1.0
family,Beale,ga,30,1.0,1.0,1.0,1.0
family,Beale,ga,40,1.0,1.0,1.0,1.0
family,Beale,ga,50,0.9996199020105645,0.9037403069475416,0.8556104604213124,0.9998099510052822
family,Beale,ga,60,0.9996199020105645,0.9037403069475416,0.8556104604213124,0.9998099510052822
family,Beale,ga,70,0.9650792912941858,0.8922267700420821,0.838340155063123,0.982539645647093
family,Beale,ga,80,0.9311425438685155,0.7505559956037336,0.6258339934056005,0.9655712719342577
family,Beale,ga,90,0.7957855015469858,0.6846577080217545,0.5269865620326318,0.8978927507734928
family,Beale,ga,100,0.6599141730103204,0.5458555911228149,0.4590508977642992,0.6896895754250834
family,Beale,ga,110,0.6599141730103204,0.5260957221195633,0.42941109425942176,0.6896895754250834
family,Beale,ga,120,0.49538079614071523,0.4712512631630282,0.34714440582461914,0.6074228869902808
family,Beale,random,10,1.0,1.738682500251576,1.0,2.108023750377364
family,Beale,random,20,1.0,1.0,1.0,1.0
family,Beale,random,30,1.0,0.910619351618113,0.8659290274271696,1.0
family,Beale,random,40,1.0,0.910619351618113,0.8659290274271696,1.0
family,Beale,random,50,1.0,0.910619351618113,0.8659290274271696,1.0
family,Beale,random,60,1.0,0.910619351618113,0.8659290274271696,1.0
family,Beale,random,70,1.0,0.674400310262207,0.5116004653933106,1.0
family,Beale,random,80,0.29871832622068084,0.4406397523357673,0.16095962850365103,0.6493591631103404
family,Beale,random,90,0.29871832622068084,0.4406397523357673,0.16095962850365103,0.6493591631103404
family,Beale,random,100,0.29871832622068084,0.4406397523357673,0.16095962850365103,0.6493591631103404
family,Beale,random,110,0.29871832622068084,0.4406397523357673,0.16095962850365103,0.6493591631103404
family,Beale,random,120,0.29871832622068084,0.4406397523357673,0.16095962850365103,0.6493591631103404
family,Branin01,bo,10,2.093788961258907,1.9587267872145055,1.7924672736577434,2.192517387793469
family,Branin01,bo,20,1.0,1.0,1.0,1.0
family,Branin01,bo,30,0.22528007094425787,0.3323985912416972,0.21101934569329348,0.4002185766413813
family,Branin01,bo,40,0.036184491466831885,0.0896249827141412,0.03605816385004725,0.11647155595458049
family,Branin01,bo,50,0.016753608483040236,0.015560170095368607,0.010668491589417135,0.021048567795155893
family,Branin01,bo,60,0.008640114167684548,0.00895167790660722,0.006611744431739291,0.011135829512013811
family,Branin01,bo,70,0.0027747519964222978,0.0025299577552537187,0.0021076988103072747,0.003074613820784452
family,Branin01,bo,80,0.0002317205370417075,0.0004548580525526545,0.00012037072211268496,0.0006777766252371505
family,Branin01,bo,90,4.1835866050928524e-05,6.0627636394376244e-05,2.5428386617295464e-05,8.643100099973316e-05
family,Branin01,bo,100,4.1835866050928524e-05,6.0627636394376244e-05,2.5428386617295464e-05,8.643100099973316e-05
family,Branin01,bo,110,9.020907183662408e-06,1.20751891439126e-05,4.8389914483700705e-06,1.7784245859330034e-05
family,Branin01,bo,120,7.888640652755077e-06,5.855541183165072e-06,4.272858182916405e-06,8.454773918208741e-06
family,Branin01,ga,10,2.093788961258907,1.9587267872145055,1.7924672736577434,2.192517387793469
family,Branin01,ga,20,1.0,1.0,1.0,1.0
family,Branin01,ga,30,0.6468096228968513,0.5839001763161747,0.375850264474262,0.8234048114484256
family,Branin01,ga,40,0.6468096228968513,0.5839001763161747,0.375850264474262,0.8234048114484256
family,Branin01,ga,50,0.5055650180469944,0.5368186413662224,0.30522796204933356,0.7527825090234972
family,Branin01,ga,60,0.5055650180469944,0.5331496016027995,0.2997244024041991,0.7527825090234972
family,Branin01,ga,70,0.3361098554752609,0.3001113689778035,0.19738454444320805,0.4208374367611276
family,Branin01,ga,80,0.3361098554752609,0.3001113689778035,0.19738454444320805,0.4208374367611276
family,Branin01,ga,90,0.0499473864354529,0.12897516986407978,0.0254078270584892,0.1930286209553569
family,Branin01,ga,100,0.0499473864354529,0.050444451406115025,0.0254078270584892,0.07523254326840978
family,Branin01,ga,110,0.03810383950091867,0.04636289771139712,0.019285496516412346,0.06931076980114267
family,Branin01,ga,120,0.03810383950091867,0.04636289771139712,0.019285496516412346,0.06931076980114267
family,Branin01,random,10,2.093788961258907,1.9587267872145055,1.7924672736577434,2.192517387793469
family,Branin01,random,20,1.0,1.0,1.0,1.0
family,Branin01,random,30,0.38800313752215027,0.4818109877785068,0.22271648166776015,0.6940015687610751
family,Branin01,random,40,0.36806280588428236,0.47516421056588415,0.2127463158488262,0.6840314029421412
family,Branin01,random,50,0.36806280588428236,0.47516421056588415,0.2127463158488262,0.6840314029421412
family,Branin01,random,60,0.36806280588428236,0.47516421056588415,0.2127463158488262,0.6840314029421412
family,Branin01,random,70,0.36806280588428236,0.310779088400209,0.20911972622332092,0.4410803093191338
family,Branin01,random,80,0.14146577981188346,0.23524674637607604,0.09582121318712147,0.3277817962829343
family,Branin01,random,90,0.14146577981188346,0.23524674637607604,0.09582121318712147,0.3277817962829343
family,Branin01,random,100,0.05017664656235948,0.2041269453479169,0.04914151164488277,0.28213722965817234
family,Branin01,random,110,0.05017664656235948,0.2041269453479169,0.04914151164488277,0.28213722965817234
family,Branin01,random,120,0.05017664656235948,0.2041269453479169,0.04914151164488277,0.28213722965817234
family,Brown,bo,10,1.0,1.3993158936088321,1.0,1.0
family,Brown,bo,20,1.0,1.0,1.0,1.0
family,Brown,bo,30,1.0,0.8168131587301575,1.0,1.0
family,Brown,bo,40,1.0,0.6297366931436554,0.21280039195539402,1.0
family,Brown,bo,50,0.9011966263830762,0.6187585405195528,0.21280039195539402,1.0
family,Brown,bo,60,0.9011966263830762,0.6187585405195528,0.21280039195539402,1.0
family,Brown,bo,70,0.4704138809095182,0.5599156383983881,0.21280039195539402,1.0
family,Brown,bo,80,0.3415142533753497,0.4976742529833291,0.21280039195539402,0.9995099042721951
family,Brown,bo,90,0.3415142533753497,0.4798342605851039,0.127191558354943,0.9995099042721951
family,Brown,bo,100,0.3415142533753497,0.4798342605851039,0.127191558354943,0.9995099042721951
family,Brown,bo,110,0.30719994987535937,0.46930517524573023,0.127191558354943,0.9995099042721951
family,Brown,bo,120,0.30719994987535937,0.46930517524573023,0.127191558354943,0.9995099042721951
family,Brown,ga,10,1.0,1.3993158936088321,1.0,1.0
family,Brown,ga,20,1.0,1.0,1.0,1.0
family,Brown,ga,30,1.0,0.800198926232636,0.7809955666584217,1.0
family,Brown,ga,40,0.8169004944932456,0.7495952648596749,0.5679272827758637,1.0
family,Brown,ga,50,0.5679272827758637,0.5802980705198831,0.2867620317201446,0.7426715185309717
family,Brown,ga,60,0.36376426261567624,0.388952885835126,0.259987981109256,0.45773378558324
family,Brown,ga,70,0.2834255955865226,0.3267094428846466,0.18000527534712288,0.4085290680449139
family,Brown,ga,80,0.2629947084455595,0.25664722256627415,0.13107932878715522,0.36376426261567624
family,Brown,ga,90,0.18385322610311008,0.1715101425294906,0.10375487135336733,0.2299930092490976
family,Brown,ga,100,0.12002504748010115,0.14475192956624572,0.047888915170338386,0.2299930092490976
family,Brown,ga,110,0.09325507513342603,0.08657978308662992,0.047888915170338386,0.12002504748010115
family,Brown,ga,120,0.07305395764795623,0.07500290010463245,0.0318770897091337,0.10833858154341053
family,Brown,random,10,1.0,1.3993158936088321,1.0,1.0
family,Brown,random,20,1.0,1.0,1.0,1.0
family,Brown,random,30,1.0,0.7897482884204996,0.5942512295674146,1.0
family,Brown,random,40,1.0,0.7897482884204996,0.5942512295674146,1.0
family,Brown,random,50,1.0,0.7764778565213318,0.502113590658406,1.0
family,Brown,random,60,1.0,0.7225262976465737,0.39990729931421165,1.0
family,Brown,random,70,0.5942678530584251,0.6478944534511273,0.39990729931421165,1.0
family,Brown,random,80,0.5942678530584251,0.6225682500695293,0.31439608969875465,1.0
family,Brown,random,90,0.5942678530584251,0.5943640951798401,0.19495985946699101,1.0
family,Brown,random,100,0.44840671036599694,0.578157301547348,0.19495985946699101,1.0
family,Brown,random,110,0.26550613553877084,0.45625487009156196,0.18385515584775777,0.9165224159588438
family,Brown,random,120,0.26550613553877084,0.45625487009156196,0.18385515584775777,0.9165224159588438
family,CEC_F1,bo,10,1.5230343401937894,2.0462134421548783,1.1096177217127488,1.6485530833301059
family,CEC_F1,bo,20,1.0,1.0,1.0,1.0
family,CEC_F1,bo,30,0.6107280857591775,0.6897976275207877,0.47398749697915366,0.935632456164023
family,CEC_F1,bo,40,0.6107280857591775,0.6897976275207877,0.47398749697915366,0.935632456164023
family,CEC_F1,bo,50,0.5469128477274271,0.6505152876513537,0.47398749697915366,0.9037248371481478
family,CEC_F1,bo,60,0.5469128477274271,0.6486795146674463,0.46572651855157055,0.9037248371481478
family,CEC_F1,bo,70,0.5469128477274271,0.6486795146674463,0.46572651855157055,0.9037248371481478
family,CEC_F1,bo,80,0.45432758354493497,0.5437685738127324,0.3530910352764667,0.7505263273354431
family,CEC_F1,bo,90,0.45432758354493497,0.5437685738127324,0.3530910352764667,0.7505263273354431
family,CEC_F1,bo,100,0.42199514652896974,0.508113397670969,0.310801226199244,0.6647002807906959
family,CEC_F1,bo,110,0.34857998978451565,0.3909053000358283,0.26318841474070087,0.4703578979172284
family,CEC_F1,bo,120,0.2877672154166286,0.3693214936284568,0.23270164678343147,0.4645303114092126
family,CEC_F1,ga,10,1.5230343401937894,2.0462134421548783,1.1096177217127488,1.6485530833301059
family,CEC_F1,ga,20,1.0,1.0,1.0,1.0
family,CEC_F1,ga,30,0.9370087276674844,0.8246960539892854,0.6710949027539345,1.0
family,CEC_F1,ga,40,0.916366875849602,0.8178154367166579,0.6710949027539345,0.9896790740910588
family,CEC_F1,ga,50,0.7004493902317757,0.6617541702733174,0.46542105571551795,0.9183984044156667
family,CEC_F1,ga,60,0.6320815161765215,0.6206368098479668,0.35839007760992875,0.9087691346624323
family,CEC_F1,ga,70,0.39534464746749304,0.4871287439137449,0.32201264389002837,0.581097140387363
family,CEC_F1,ga,80,0.39534464746749304,0.4606838084132197,0.32201264389002837,0.5018668716507397
family,CEC_F1,ga,90,0.3275001250842158,0.4315878492905247,0.2921948289921914,0.46859739287972657
family,CEC_F1,ga,100,0.2908694826686943,0.41012697167690093,0.248492211233471,0.45235670379266124
family,CEC_F1,ga,110,0.27490479022090075,0.3565066286162523,0.155273735243305,0.4027896945247184
family,CEC_F1,ga,120,0.21414224158164816,0.2995280346030081,0.14807285821687344,0.26055801058101524
family,CEC_F1,random,10,1.5230343401937894,2.0462134421548783,1.1096177217127488,1.6485530833301059
family,CEC_F1,random,20,1.0,1.0,1.0,1.0
family,CEC_F1,random,30,1.0,0.8707259652198897,0.9881799289008163,1.0
family,CEC_F1,random,40,0.7178893914025347,0.6709926456649312,0.37543062320069653,0.9960599763002721
family,CEC_F1,random,50,0.45048660195598966,0.5818583825160828,0.3749044853767008,0.8628847194009952
family,CEC_F1,random,60,0.39974776568713327,0.5613505210789952,0.3338840830026588,0.8623585815769996
family,CEC_F1,random,70,0.39974776568713327,0.5613505210789952,0.3338840830026588,0.8623585815769996
family,CEC_F1,random,80,0.39974776568713327,0.5613505210789952,0.3338840830026588,0.8623585815769996
family,CEC_F1,random,90,0.3974662523763306,0.560590016642061,0.33274332634725745,0.8623585815769996
family,CEC_F1,random,100,0.3974662523763306,0.485968277384838,0.26646145919985276,0.6620244469265617
family,CEC_F1,random,110,0.3974662523763306,0.485968277384838,0.26646145919985276,0.6620244469265617
family,CEC_F1,random,120,0.3974662523763306,0.485968277384838,0.26646145919985276,0.6620244469265617
family,CEC_F19,bo,10,1.0,2.3388614015067954,1.0,1.0
family,CEC_F19,bo,20,1.0,1.0,1.0,1.0
family,CEC_F19,bo,30,0.7848964201734703,0.6191193608783615,0.29121885779987544,0.9090245958856628
family,CEC_F19,bo,40,0.5089050012998202,0.5049631562790667,0.16402671976905786,0.7985052320933043
family,CEC_F19,bo,50,0.26591813875413306,0.4028923951905532,0.15758648075709217,0.615903590358652
family,CEC_F19,bo,60,0.2255492365984897,0.29971012832285077,0.06635198859087979,0.30191334436984146
family,CEC_F19,bo,70,0.021948597026319423,0.2278460996794762,0.009502507984713473,0.23897533565299234
family,CEC_F19,bo,80,0.021948597026319423,0.2278460996794762,0.009502507984713473,0.23897533565299234
family,CEC_F19,bo,90,0.021948597026319423,0.2278460996794762,0.009502507984713473,0.23897533565299234
family,CEC_F19,bo,100,0.021948597026319423,0.19820932824123863,0.009502507984713473,0.10560986418092345
family,CEC_F19,bo,110,0.021948597026319423,0.08502522857036798,0.009502507984713473,0.10560986418092345
family,CEC_F19,bo,120,0.021948597026319423,0.08502522857036798,0.009502507984713473,0.10560986418092345
family,CEC_F19,ga,10,1.0,2.3388614015067954,1.0,1.0
family,CEC_F19,ga,20,1.0,1.0,1.0,1.0
family,CEC_F19,ga,30,0.7092176610056483,0.6681823001457952,0.3986860589207974,1.0
family,CEC_F19,ga,40,0.40526914661763047,0.5148972211839268,0.2469423735356232,0.8160432522353043
family,CEC_F19,ga,50,0.2624294982358157,0.3594447238516125,0.14842159984898998,0.39540236371650295
family,CEC_F19,ga,60,0.22484400747157857,0.3279003992745144,0.09209392705870661,0.39540236371650295
family,CEC_F19,ga,70,0.04600484664313357,0.23078217534781684,0.01546314497386629,0.22161116440813486
family,CEC_F19,ga,80,0.04600484664313357,0.2293978955212984,0.011328989985571315,0.22161116440813486
family,CEC_F19,ga,90,0.04600484664313357,0.22254399989065488,0.011328989985571315,0.19076863407023897
family,CEC_F19,ga,100,0.04600484664313357,0.22254399989065488,0.011328989985571315,0.19076863407023897
family,CEC_F19,ga,110,0.039381463327471326,0.2125116168017449,0.008391666644035116,0.15824589190564406
family,CEC_F19,ga,120,0.03403537006778678,0.21011623881257036,0.0030869525553502367,0.15824589190564406
family,CEC_F19,random,10,1.0,2.3388614015067954,1.0,1.0
family,CEC_F19,random,20,1.0,1.0,1.0,1.0
family,CEC_F19,random,30,0.8313896068097038,0.6987938764644221,0.5858660717415808,0.9700179074575792
family,CEC_F19,random,40,0.40582252690944715,0.47986044641532644,0.09049887930193448,0.9057517445765515
family,CEC_F19,random,50,0.12321194470551908,0.3093703040662705,0.021745311555623155,0.4941268558560454
family,CEC_F19,random,60,0.12321194470551908,0.25197334641571045,0.021745311555623155,0.23584054642852542
family,CEC_F19,random,70,0.12321194470551908,0.25197334641571045,0.021745311555623155,0.23584054642852542
family,CEC_F19,random,80,0.12321194470551908,0.24712187366225757,0.021745311555623155,0.2140089190379874
family,CEC_F19,random,90,0.09918494314370127,0.2376562315536608,0.005515208874707902,0.2140089190379874
family,CEC_F19,random,100,0.0878475748633222,0.22823914356569022,0.005515208874707902,0.18296939137249876
family,CEC_F19,random,110,0.053391939465725305,0.21675393176649127,0.005515208874707902,0.16574157367370032
family,CEC_F19,random,120,0.053391939465725305,0.21675393176649127,0.005515208874707902,0.16574157367370032
family,CEC_F2,bo,10,1.0,1.1143289659549935,1.0,1.1714934489324902
family,CEC_F2,bo,20,1.0,1.0,1.0,1.0
family,CEC_F2,bo,30,0.9984492171054152,0.9597330452586347,0.9395995678879518,0.9992246085527077
family,CEC_F2,bo,40,0.7124245682616709,0.7219481935384939,0.5829222903077408,0.8562122841308355
family,CEC_F2,bo,50,0.42325948160168875,0.3886005049899015,0.356190751307947,0.4383397469777497
family,CEC_F2,bo,60,0.13160258325211271,0.14785221078619068,0.09221317625024067,0.19536643155510172
family,CEC_F2,bo,70,0.0814815464383393,0.0734336993885193,0.06715265784335397,0.08373866445859464
family,CEC_F2,bo,80,0.07245124557505218,0.06320302459257778,0.05406376366969699,0.07696639600669575
family,CEC_F2,bo,90,0.03146074649407574,0.03437295004337921,0.022560753228852745,0.04472904508325394
family,CEC_F2,bo,100,0.02490503483141317,0.02334218042970622,0.019282897397521457,0.02818289066274446
family,CEC_F2,bo,110,0.02490503483141317,0.02334218042970622,0.019282897397521457,0.02818289066274446
family,CEC_F2,bo,120,0.007068359236818151,0.008709749784362342,0.0063996879579641675,0.01019911633698842
family,CEC_F2,ga,10,1.0,1.1143289659549935,1.0,1.1714934489324902
family,CEC_F2,ga,20,1.0,1.0,1.0,1.0
family,CEC_F2,ga,30,1.0,0.9721649465103468,0.9582474197655202,1.0
family,CEC_F2,ga,40,1.0,0.9073606266796593,0.8610409400194889,1.0
family,CEC_F2,ga,50,0.8949579016646652,0.8522718601699507,0.8085198908518215,0.9173668502354373
family,CEC_F2,ga,60,0.8437047161482154,0.8351874649978009,0.7828932980935966,0.8917402574772124
family,CEC_F2,ga,70,0.6934841173466827,0.7217828125670983,0.6127863194475427,0.816629958076446
family,CEC_F2,ga,80,0.6194265988808851,0.6688455080966351,0.575757560214644,0.7372240013707514
family,CEC_F2,ga,90,0.5616919603516073,0.615786741170703,0.5082074231935503,0.6963186687383078
family,CEC_F2,ga,100,0.5616919603516073,0.5803541754112332,0.5079159405854539,0.6434613027071996
family,CEC_F2,ga,110,0.45413992081930044,0.45869738592662374,0.43631386227297264,0.47880217702661315
family,CEC_F2,ga,120,0.36807180082684077,0.3834924872385006,0.3236055957103182,0.4356690355608531
family,CEC_F2,random,10,1.0,1.1143289659549935,1.0,1.1714934489324902
family,CEC_F2,random,20,1.0,1.0,1.0,1.0
family,CEC_F2,random,30,1.0,1.0,1.0,1.0
family,CEC_F2,random,40,1.0,1.0,1.0,1.0
family,CEC_F2,random,50,1.0,1.0,1.0,1.0
family,CEC_F2,random,60,1.0,0.9536025648563272,0.9304038472844909,1.0
family,CEC_F2,random,70,1.0,0.868469269086046,0.8027039036290691,1.0
family,CEC_F2,random,80,1.0,0.868469269086046,0.8027039036290691,1.0
family,CEC_F2,random,90,1.0,0.868469269086046,0.8027039036290691,1.0
family,CEC_F2,random,100,1.0,0.868469269086046,0.8027039036290691,1.0
family,CEC_F2,random,110,1.0,0.868469269086046,0.8027039036290691,1.0
family,CEC_F2,random,120,1.0,0.868469269086046,0.8027039036290691,1.0
family,CEC_F23,bo,10,1.1480491519547003,1.5766709327366246,1.0,1.95404549092517
family,CEC_F23,bo,20,1.0,1.0,1.0,1.0
family,CEC_F23,bo,30,0.5922765324691062,0.6160130707440071,0.4095451749662835,0.7846616401779914
family,CEC_F23,bo,40,0.5922765324691062,0.6160130707440071,0.4095451749662835,0.7846616401779914
family,CEC_F23,bo,50,0.4552485941233876,0.5379147428440808,0.4095451749662835,0.7161476710051321
family,CEC_F23,bo,60,0.4538857415634668,0.5224009418308346,0.4095451749662835,0.6572866635965218
family,CEC_F23,bo,70,0.4442816890492698,0.4859591709420213,0.3367612579119471,0.6455715265780775
family,CEC_F23,bo,80,0.37401774618794137,0.46253785665491187,0.32621393262368814,0.6209868804356722
family,CEC_F23,bo,90,0.3495722168981843,0.45105761941979866,0.31972311729470565,0.6152549311197761
family,CEC_F23,bo,100,0.3253456069432102,0.41464750635555186,0.26592729442546426,0.6087641157907937
family,CEC_F23,bo,110,0.3253456069432102,0.4011548003330341,0.26592729442546426,0.5597620757079081
family,CEC_F23,bo,120,0.3253456069432102,0.4007884658932741,0.26427878944654426,0.5597620757079081
family,CEC_F23,ga,10,1.1480491519547003,1.5766709327366246,1.0,1.95404549092517
family,CEC_F23,ga,20,1.0,1.0,1.0,1.0
family,CEC_F23,ga,30,0.94879009729317,0.8926293119663936,0.8462324956870293,1.0
family,CEC_F23,ga,40,0.8699235125463225,0.8644001931081786,0.8236729969253245,0.974395048646585
family,CEC_F23,ga,50,0.829870941452318,0.7235308351017654,0.5904659942350086,0.8533397301550321
family,CEC_F23,ga,60,0.5687875284494986,0.6163207738305363,0.41705273109457514,0.8053911305777538
family,CEC_F23,ga,70,0.5687875284494986,0.5986450542354717,0.41705273109457514,0.8053911305777538
family,CEC_F23,ga,80,0.5596999307140595,0.561333388149534,0.3632691708728628,0.7008118745597325
family,CEC_F23,ga,90,0.5249999868839301,0.5293549445545195,0.34338425051901017,0.6834619026446678
family,CEC_F23,ga,100,0.5111645414504913,0.5179716368961494,0.3364665278022908,0.6529901863321605
family,CEC_F23,ga,110,0.47121408426360967,0.5023350507322449,0.3200684857287138,0.6443997990678771
family,CEC_F23,ga,120,0.47121408426360967,0.5023350507322449,0.3200684857287138,0.6443997990678771
family,CEC_F23,random,10,1.1480491519547003,1.5766709327366246,1.0,1.95404549092517
family,CEC_F23,random,20,1.0,1.0,1.0,1.0
family,CEC_F23,random,30,0.8840920450470156,0.8423091700773243,0.8316454087248377,0.9817878115040568
family,CEC_F23,random,40,0.6650016363349713,0.6995898840286751,0.46823775233773945,0.9571290659017956
family,CEC_F23,random,50,0.6650016363349713,0.6877759980458578,0.46823775233773945,0.9039665789791178
family,CEC_F23,random,60,0.6650016363349713,0.6877759980458578,0.46823775233773945,0.9039665789791178
family,CEC_F23,random,70,0.6650016363349713,0.6770741564914688,0.4331577758202213,0.9039665789791178
family,CEC_F23,random,80,0.6587538515227389,0.6749915615540582,0.4331577758202213,0.9008426865730016
family,CEC_F23,random,90,0.6587538515227389,0.6748593470740546,0.4331577758202213,0.9008426865730016
family,CEC_F23,random,100,0.6587538515227389,0.6748593470740546,0.4331577758202213,0.9008426865730016
family,CEC_F23,random,110,0.6587538515227389,0.6748593470740546,0.4331577758202213,0.9008426865730016
family,CEC_F23,random,120,0.6587538515227389,0.6748593470740546,0.4331577758202213,0.9008426865730016
family,CEC_F3,bo,10,1.0,3.4957182266456495,1.0,2.5564978488761305
family,CEC_F3,bo,20,1.0,1.0,1.0,1.0
family,CEC_F3,bo,30,0.7847113016828405,0.6376350233059349,0.3066183946756058,1.0
family,CEC_F3,bo,40,0.3942197975722975,0.4737485663451628,0.08278215646298964,0.8923556508414203
family,CEC_F3,bo,50,0.3942197975722975,0.4737485663451628,0.08278215646298964,0.8923556508414203
family,CEC_F3,bo,60,0.26492208781581256,0.43064932975966785,0.08278215646298964,0.8277067959631778
family,CEC_F3,bo,70,0.26492208781581256,0.43064932975966785,0.08278215646298964,0.8277067959631778
family,CEC_F3,bo,80,0.26318429006855776,0.4300700638439163,0.08191325758936224,0.8277067959631778
family,CEC_F3,bo,90,0.26318429006855776,0.4300700638439163,0.08191325758936224,0.8277067959631778
family,CEC_F3,bo,100,0.26318429006855776,0.4300700638439163,0.08191325758936224,0.8277067959631778
family,CEC_F3,bo,110,0.26318429006855776,0.4300700638439163,0.08191325758936224,0.8277067959631778
family,CEC_F3,bo,120,0.14239521114865336,0.38980703753728146,0.04534016502148671,0.8038853490711011
family,CEC_F3,ga,10,1.0,3.4957182266456495,1.0,2.5564978488761305
family,CEC_F3,ga,20,1.0,1.0,1.0,1.0
family,CEC_F3,ga,30,1.0,0.9344294838724875,1.0,1.0
family,CEC_F3,ga,40,0.7717452046442375,0.6416536282635523,0.2579808674326179,1.0
family,CEC_F3,ga,50,0.7717452046442375,0.6221311180345216,0.2477484862523965,1.0
family,CEC_F3,ga,60,0.02313105383710267,0.18268544079150886,0.01506029404945422,0.02904607247904727
family,CEC_F3,ga,70,0.023124559789108098,0.18251494731118822,0.01506029404945422,0.029042825455049985
family,CEC_F3,ga,80,0.020332917578152643,0.1814372868010055,0.013002463964587301,0.029042825455049985
family,CEC_F3,ga,90,0.015414786384639176,0.12439219217506531,0.00855023951930246,0.02680442951808965
family,CEC_F3,ga,100,0.013692967426076372,0.121872330065855,0.00855023951930246,0.017186868985206046
family,CEC_F3,ga,110,0.01351302012144679,0.12175032951109438,0.00855023951930246,0.017096895332891257
family,CEC_F3,ga,120,0.01351302012144679,0.06318179307383437,0.008524015387012824,0.017096895332891257
family,CEC_F3,random,10,1.0,3.4957182266456495,1.0,2.5564978488761305
family,CEC_F3,random,20,1.0,1.0,1.0,1.0
family,CEC_F3,random,30,1.0,0.7508394514680484,0.6017971387315955,1.0
family,CEC_F3,random,40,1.0,0.7508394514680484,0.6017971387315955,1.0
family,CEC_F3,random,50,0.7345314258210637,0.5967192740654835,0.1737249145989892,1.0
family,CEC_F3,random,60,0.4324836103641907,0.48461974553975157,0.12595648514618613,0.8672657129105319
family,CEC_F3,random,70,0.4324836103641907,0.48461974553975157,0.12595648514618613,0.8672657129105319
family,CEC_F3,random,80,0.4324836103641907,0.48461974553975157,0.12595648514618613,0.8672657129105319
family,CEC_F3,random,90,0.33753716302332026,0.3688783432458594,0.09677288211471921,0.47055945296035445
family,CEC_F3,random,100,0.31539937256488315,0.3614990797597137,0.08570398688550065,0.47055945296035445
family,CEC_F3,random,110,0.31539937256488315,0.3614990797597137,0.08570398688550065,0.47055945296035445
family,CEC_F3,random,120,0.21593911312620875,0.3231263393387833,0.014076510799513914,0.47055945296035445
family,CEC_F4,bo,10,1.0,1.3159463429256315,1.0,1.0
family,CEC_F4,bo,20,1.0,1.0,1.0,1.0
family,CEC_F4,bo,30,0.47042684988460914,0.5085873206378148,0.201440522654401,0.7799733388679283
family,CEC_F4,bo,40,0.3249083324857305,0.3139897130327251,0.18729287307061543,0.41479758627345664
family,CEC_F4,bo,50,0.3249083324857305,0.3139897130327251,0.18729287307061543,0.41479758627345664
family,CEC_F4,bo,60,0.21512927541467414,0.22288553748364007,0.1637062595959782,0.279457767841054
family,CEC_F4,bo,70,0.21512927541467414,0.21453785579560433,0.13736887631813047,0.279457767841054
family,CEC_F4,bo,80,0.20096165863305698,0.1960864693208575,0.13671641592485373,0.24455840489071184
family,CEC_F4,bo,90,0.13381855705444035,0.16231344381363846,0.11932658815822722,0.18608485639692868
family,CEC_F4,bo,100,0.13070807455773165,0.16127661631473555,0.11777134690987286,0.18608485639692868
family,CEC_F4,bo,110,0.13070807455773165,0.16127661631473555,0.11777134690987286,0.18608485639692868
family,CEC_F4,bo,120,0.11980638520210857,0.1523170370253301,0.1088327023687288,0.18266905001135283
family,CEC_F4,ga,10,1.0,1.3159463429256315,1.0,1.0
family,CEC_F4,ga,20,1.0,1.0,1.0,1.0
family,CEC_F4,ga,30,0.8050639853738271,0.8188374915540274,0.6889375497649315,0.9754856260002714
family,CEC_F4,ga,40,0.6953535220921437,0.7676501228093683,0.664410622648628,0.8793798570472926
family,CEC_F4,ga,50,0.6945899712553592,0.6554676112332529,0.5250503351492032,0.8067760029204708
family,CEC_F4,ga,60,0.4927784625093441,0.520904474620872,0.40045594273405427,0.6002516434527422
family,CEC_F4,ga,70,0.40348028561320337,0.46098244077911016,0.28563111102755967,0.6002516434527422
family,CEC_F4,ga,80,0.40348028561320337,0.39968260352819457,0.28563111102755967,0.5353735249655052
family,CEC_F4,ga,90,0.3061008109407559,0.30785982089482405,0.17238784329855011,0.4240209692858534
family,CEC_F4,ga,100,0.2224837527511053,0.2563392709920131,0.14228774584771953,0.3669439855025976
family,CEC_F4,ga,110,0.21500372503256587,0.22442482694366395,0.1271845900606542,0.2912807229298924
family,CEC_F4,ga,120,0.19823303577932197,0.21419393335125989,0.1271845900606542,0.28289537830327044
family,CEC_F4,random,10,1.0,1.3159463429256315,1.0,1.0
family,CEC_F4,random,20,1.0,1.0,1.0,1.0
family,CEC_F4,random,30,0.8580201098100059,0.7884546900503433,0.6009602705270742,0.9911075894119159
family,CEC_F4,random,40,0.7993781912138123,0.768907383851612,0.5999210589666663,0.962825841674227
family,CEC_F4,random,50,0.7010235533711121,0.7234719398268324,0.49381619869785864,0.962825841674227
family,CEC_F4,random,60,0.5127920458136779,0.6097013489762747,0.46666822337305836,0.77616346003401
family,CEC_F4,random,70,0.4693922661093854,0.48335268799622283,0.3540183863316728,0.531767892929497
family,CEC_F4,random,80,0.4484060986400478,0.476357298839777,0.34624934533333107,0.52904385019317
family,CEC_F4,random,90,0.4241001900271426,0.4527362162473881,0.3389333937884191,0.45437083868523725
family,CEC_F4,random,100,0.4241001900271426,0.4084689874742508,0.3389333937884191,0.45437083868523725
family,CEC_F4,random,110,0.4241001900271426,0.4084689874742508,0.3389333937884191,0.45437083868523725
family,CEC_F4,random,120,0.4241001900271426,0.4084689874742508,0.3389333937884191,0.45437083868523725
family,CEC_F5,bo,10,1.0044350883028028,1.0073331695515686,1.0022175441514014,1.010999754327353
family,CEC_F5,bo,20,1.0,1.0,1.0,1.0
family,CEC_F5,bo,30,1.0,1.0,1.0,1.0
family,CEC_F5,bo,40,1.0,0.9986047781306753,0.9979071671960129,1.0
family,CEC_F5,bo,50,0.9958143343920257,0.9959358559120958,0.9939037838681437,0.9979071671960129
family,CEC_F5,bo,60,0.9919932333442617,0.9930221234313404,0.9916260179509978,0.9939037838681437
family,CEC_F5,bo,70,0.9912588025577339,0.9927015750206353,0.99114519533494,0.9935365684748798
family,CEC_F5,bo,80,0.9912588025577339,0.9927015750206353,0.99114519533494,0.9935365684748798
family,CEC_F5,bo,90,0.9912588025577339,0.9927015750206353,0.99114519533494,0.9935365684748798
family,CEC_F5,bo,100,0.9912588025577339,0.9927015750206353,0.99114519533494,0.9935365684748798
family,CEC_F5,bo,110,0.9912588025577339,0.9927015750206353,0.99114519533494,0.9935365684748798
family,CEC_F5,bo,120,0.9912588025577339,0.9927015750206353,0.99114519533494,0.9935365684748798
family,CEC_F5,ga,10,1.0044350883028028,1.0073331695515686,1.0022175441514014,1.010999754327353
family,CEC_F5,ga,20,1.0,1.0,1.0,1.0
family,CEC_F5,ga,30,0.9946854299655632,0.9942370947809711,0.9913556421714567,0.9973427149827816
family,CEC_F5,ga,40,0.9946854299655632,0.9913221112535909,0.9871853120009241,0.997140569862244
family,CEC_F5,ga,50,0.9946854299655632,0.9909064978558658,0.9871853120009241,0.9965171497656563
family,CEC_F5,ga,60,0.9854257796432316,0.9865988012150266,0.9825554868397584,0.9900556048043974
family,CEC_F5,ga,70,0.979685194036285,0.9838364827626895,0.9784120091612525,0.9871853120009241
family,CEC_F5,ga,80,0.979685194036285,0.9838364827626895,0.9784120091612525,0.9871853120009241
family,CEC_F5,ga,90,0.9771388242862201,0.982522964140213,0.976441731227538,0.9859121271258917
family,CEC_F5,ga,100,0.9771388242862201,0.982522964140213,0.976441731227538,0.9859121271258917
family,CEC_F5,ga,110,0.9757446381688557,0.9820122942613256,0.9756757264092069,0.9852150340672094
family,CEC_F5,ga,120,0.9757446381688557,0.9820122942613256,0.9756757264092069,0.9852150340672094
family,CEC_F5,random,10,1.0044350883028028,1.0073331695515686,1.0022175441514014,1.010999754327353
family,CEC_F5,random,20,1.0,1.0,1.0,1.0
family,CEC_F5,random,30,1.0,0.9999132166780497,0.9998698250170747,1.0
family,CEC_F5,random,40,1.0,0.9997917019368175,0.9996875529052264,1.0
family,CEC_F5,random,50,0.9981889376462237,0.997709126855324,0.9965636902829859,0.9990944688231118
family,CEC_F5,random,60,0.9981889376462237,0.9956434430290223,0.9934651645435335,0.9990944688231118
family,CEC_F5,random,70,0.9981889376462237,0.9956434430290223,0.9934651645435335,0.9990944688231118
family,CEC_F5,random,80,0.9978257487609747,0.9944838064529525,0.9926312408563167,0.9980073432035992
family,CEC_F5,random,90,0.9978257487609747,0.9944838064529525,0.9926312408563167,0.9980073432035992
family,CEC_F5,random,100,0.9978257487609747,0.9944838064529525,0.9926312408563167,0.9980073432035992
family,CEC_F5,random,110,0.9874367329516588,0.9900626500699742,0.9861811007244738,0.9926312408563167
family,CEC_F5,random,120,0.9874367329516588,0.9900626500699742,0.9861811007244738,0.9926312408563167
family,CEC_F6,bo,10,1.0,1.0121251331934922,1.0,1.0181876997902384
family,CEC_F6,bo,20,1.0,1.0,1.0,1.0
family,CEC_F6,bo,30,0.9338128856530582,0.9451336421133295,0.9177004631699944,0.966906442826529
family,CEC_F6,bo,40,0.8055939727121545,0.8320288271802859,0.7480432407704289,0.9027969863560772
family,CEC_F6,bo,50,0.7513799426103073,0.777553337971905,0.718447814609586,0.8235721636534252
family,CEC_F6,bo,60,0.7047167818032701,0.655982122807537,0.608283212906152,0.7280483622067887
family,CEC_F6,bo,70,0.6422824697523384,0.6100128666373403,0.5770660568806861,0.6590944779514936
family,CEC_F6,bo,80,0.6422824697523384,0.6100128666373403,0.5770660568806861,0.6590944779514936
family,CEC_F6,bo,90,0.5711369711109376,0.5213356750062678,0.47265253949090746,0.5949194585739629
family,CEC_F6,bo,100,0.5711369711109376,0.5213356750062678,0.47265253949090746,0.5949194585739629
family,CEC_F6,bo,110,0.5519212580844318,0.5149304373307658,0.46304468297765455,0.58531160206071
family,CEC_F6,bo,120,0.5519212580844318,0.5149304373307658,0.46304468297765455,0.58531160206071
family,CEC_F6,ga,10,1.0,1.0121251331934922,1.0,1.0181876997902384
family,CEC_F6,ga,20,1.0,1.0,1.0,1.0
family,CEC_F6,ga,30,1.0,0.9669408801238513,0.950411320185777,1.0
family,CEC_F6,ga,40,0.9429319457069373,0.9419730280919391,0.9218772930392456,0.9625482219521317
family,CEC_F6,ga,50,0.9222894186558385,0.9186230508879002,0.9115560295136962,0.9275232561460733
family,CEC_F6,ga,60,0.8637783989578346,0.8810986305547535,0.8552693990139761,0.8982677462970714
family,CEC_F6,ga,70,0.8467603990701178,0.8607213633518591,0.8425234543659841,0.8719387901968634
family,CEC_F6,ga,80,0.8467603990701178,0.8607213633518591,0.8425234543659841,0.8719387901968634
family,CEC_F6,ga,90,0.8467603990701178,0.8531676642544342,0.8425234543659841,0.8606082415507263
family,CEC_F6,ga,100,0.7899167519924377,0.8052144559489255,0.7705936419077208,0.8321864180118863
family,CEC_F6,ga,110,0.7899167519924377,0.8052144559489255,0.7705936419077208,0.8321864180118863
family,CEC_F6,ga,120,0.7512705318230039,0.7900816133839031,0.7478943780601874,0.8128633079271694
family,CEC_F6,random,10,1.0,1.0121251331934922,1.0,1.0181876997902384
family,CEC_F6,random,20,1.0,1.0,1.0,1.0
family,CEC_F6,random,30,1.0,0.9844884975151095,0.9767327462726644,1.0
family,CEC_F6,random,40,1.0,0.968003335919445,0.9520050038791674,1.0
family,CEC_F6,random,50,0.8647557032396805,0.8485446202736182,0.82081192653126,0.8843828554990076
family,CEC_F6,random,60,0.8647557032396805,0.8485446202736182,0.82081192653126,0.8843828554990076
family,CEC_F6,random,70,0.8647557032396805,0.8485446202736182,0.82081192653126,0.8843828554990076
family,CEC_F6,random,80,0.8647557032396805,0.8485446202736182,0.82081192653126,0.8843828554990076
family,CEC_F6,random,90,0.8647557032396805,0.8485446202736182,0.82081192653126,0.8843828554990076
family,CEC_F6,random,100,0.8647557032396805,0.8485446202736182,0.82081192653126,0.8843828554990076
family,CEC_F6,random,110,0.8647557032396805,0.8485446202736182,0.82081192653126,0.8843828554990076
family,CEC_F6,random,120,0.8647557032396805,0.8485446202736182,0.82081192653126,0.8843828554990076
family,CEC_F7,bo,10,1.0,1.2907962632239973,1.0,1.436194394835996
family,CEC_F7,bo,20,1.0,1.0,1.0,1.0
family,CEC_F7,bo,30,0.44720933092929643,0.5671206250636445,0.3956564618596224,0.6786291412004926
family,CEC_F7,bo,40,0.34410359278994834,0.3568788988243057,0.3296212592487018,0.377748885382731
family,CEC_F7,bo,50,0.23082436833271533,0.219615117856367,0.1929491963918814,0.2518856645590267
family,CEC_F7,bo,60,0.022555173276320763,0.03224619122998678,0.02223369707948019,0.03741317640366036
family,CEC_F7,bo,70,0.022555173276320763,0.02980908438055323,0.02223369707948019,0.03375751612951004
family,CEC_F7,bo,80,0.022555173276320763,0.024291451426649402,0.015907683259437824,0.031807080518696663
family,CEC_F7,bo,90,0.009368859192608879,0.00906499568906941,0.007558028868459221,0.010723894261449332
family,CEC_F7,bo,100,0.006934816281785547,0.006217930677538901,0.005802988521510998,0.006991315635690127
family,CEC_F7,bo,110,0.0042160225348532535,0.0037089471155260507,0.003438764051155202,0.004232667889560501
family,CEC_F7,bo,120,0.004132725875133076,0.0036554041184431625,0.003397115721295113,0.0041523533939361685
family,CEC_F7,ga,10,1.0,1.2907962632239973,1.0,1.436194394835996
family,CEC_F7,ga,20,1.0,1.0,1.0,1.0
family,CEC_F7,ga,30,1.0,1.0,1.0,1.0
family,CEC_F7,ga,40,1.0,0.9299073931810886,0.8948610897716328,1.0
family,CEC_F7,ga,50,0.8560115660624541,0.8481613225790609,0.7722419838685912,0.928005783031227
family,CEC_F7,ga,60,0.6948285419920288,0.552718139911306,0.4603645454282986,0.7161269354346749
family,CEC_F7,ga,70,0.6948285419920288,0.5435534122223409,0.4603645454282986,0.7023798439012272
family,CEC_F7,ga,80,0.6304895656511784,0.5221070867753907,0.4281950572578734,0.6702103557308019
family,CEC_F7,ga,90,0.49417440945135255,0.408334429454938,0.3143201746735192,0.545268674234564
family,CEC_F7,ga,100,0.4127393377461724,0.38118940555321124,0.2736026388209291,0.504551138381974
family,CEC_F7,ga,110,0.41265624335212014,0.34215523459033514,0.27356109162390296,0.4459998819376598
family,CEC_F7,ga,120,0.3600073643610156,0.3246056082599669,0.24723665212835072,0.4196754424421075
family,CEC_F7,random,10,1.0,1.2907962632239973,1.0,1.436194394835996
family,CEC_F7,random,20,1.0,1.0,1.0,1.0
family,CEC_F7,random,30,1.0,0.9758237268518891,0.9637355902778337,1.0
family,CEC_F7,random,40,0.8417945511263747,0.8744415380377966,0.8116623070566948,0.9208972755631873
family,CEC_F7,random,50,0.8417945511263747,0.7655722836559845,0.6483584254839767,0.9208972755631873
family,CEC_F7,random,60,0.5455441462849013,0.6525291030538022,0.4787936545807033,0.7727720731424507
family,CEC_F7,random,70,0.5455441462849013,0.6199804383408893,0.429970657511334,0.7727720731424507
family,CEC_F7,random,80,0.5455441462849013,0.6199804383408893,0.429970657511334,0.7727720731424507
family,CEC_F7,random,90,0.5455441462849013,0.6198439401837056,0.429970657511334,0.772567325906675
family,CEC_F7,random,100,0.5455441462849013,0.5957850527702704,0.429970657511334,0.7364789947865222
family,CEC_F7,random,110,0.4462676435972516,0.4354029862066398,0.3803324061675091,0.49590589494107645
family,CEC_F7,random,120,0.4462676435972516,0.4354029862066398,0.3803324061675091,0.49590589494107645
family,CEC_F9,bo,10,1.0,1.0788577550566492,1.0,1.1470331101810418
family,CEC_F9,bo,20,1.0,1.0,1.0,1.0
family,CEC_F9,bo,30,0.791666586116599,0.7967102200181424,0.6973796945845901,0.8797024127694582
family,CEC_F9,bo,40,0.7651851833858455,0.7438765083802988,0.6688466048925348,0.7944715756916877
family,CEC_F9,bo,50,0.7074457133792651,0.7030166768116107,0.6544558154130246,0.7820013372675214
family,CEC_F9,bo,60,0.6805085454398954,0.6620430816880722,0.6074988922975317,0.7277905475956503
family,CEC_F9,bo,70,0.669927240707157,0.6316386023158814,0.5306350521400548,0.6964569877439679
family,CEC_F9,bo,80,0.626054582371967,0.6029183029604103,0.49664411128328084,0.6964569877439679
family,CEC_F9,bo,90,0.5723613697511718,0.5838725778868297,0.49664411128328084,0.6579155314713655
family,CEC_F9,bo,100,0.5557272887468692,0.5609812817347334,0.47993818673354804,0.6302558040965388
family,CEC_F9,bo,110,0.5230825422112597,0.5465380233408808,0.4786634348724667,0.5997526819935687
family,CEC_F9,bo,120,0.5230825422112597,0.5379397263785162,0.4786634348724667,0.5894795633030979
family,CEC_F9,ga,10,1.0,1.0788577550566492,1.0,1.1470331101810418
family,CEC_F9,ga,20,1.0,1.0,1.0,1.0
family,CEC_F9,ga,30,0.9976191702143353,0.9772709646678818,0.9675181383729468,1.0
family,CEC_F9,ga,40,0.9558807411839434,0.9531851352025726,0.9205397185340891,1.0
family,CEC_F9,ga,50,0.9023408120259042,0.9001997586540399,0.8823186283090457,0.9358458856970331
family,CEC_F9,ga,60,0.8536830455269067,0.8634118431306282,0.8341084958184676,0.9237345313456955
family,CEC_F9,ga,70,0.8271189641958749,0.8060877033004762,0.7816135283691583,0.8467957173739902
family,CEC_F9,ga,80,0.7834710312624127,0.7646978386459691,0.7427251172784312,0.8206236946492311
family,CEC_F9,ga,90,0.7593248512797895,0.7341326210097581,0.7191961614724054,0.7802838483148012
family,CEC_F9,ga,100,0.748535620694819,0.7216533533227918,0.7191961614724054,0.7694252267970215
family,CEC_F9,ga,110,0.7019973710968523,0.681894353358337,0.6623053534635379,0.7604921111791386
family,CEC_F9,ga,120,0.7016696264558555,0.6666495743668238,0.6623053534635379,0.7290681022964554
family,CEC_F9,random,10,1.0,1.0788577550566492,1.0,1.1470331101810418
family,CEC_F9,random,20,1.0,1.0,1.0,1.0
family,CEC_F9,random,30,0.9488906373061424,0.9436051184304096,0.9073806331749479,1.0
family,CEC_F9,random,40,0.9053845494705239,0.9118528457805161,0.875801396956724,1.0
family,CEC_F9,random,50,0.9053845494705239,0.9059450940917279,0.8454750223591196,0.9987578484485614
family,CEC_F9,random,60,0.9000840417531708,0.8944139641547139,0.8454750223591196,0.9952746344485032
family,CEC_F9,random,70,0.8816697516646363,0.8805977127725156,0.8311661650037505,0.9709152788447186
family,CEC_F9,random,80,0.8816697516646363,0.8757404297416014,0.8311661650037505,0.9469178284236033
family,CEC_F9,random,90,0.8816697516646363,0.8757404297416014,0.8311661650037505,0.9469178284236033
family,CEC_F9,random,100,0.8816697516646363,0.8704470088483367,0.8264940672473002,0.9469178284236033
family,CEC_F9,random,110,0.8816697516646363,0.8704470088483367,0.8264940672473002,0.9469178284236033
family,CEC_F9,random,120,0.858632900028489,0.8613488976416114,0.8264940672473002,0.9179513161824755
family,ChungReynolds,bo,10,1.0035120764177574,1.3491653503701622,1.0,1.1548919420294348
family,ChungReynolds,bo,20,1.0,1.0,1.0,1.0
family,ChungReynolds,bo,30,0.25111085587533744,0.3704528343236527,0.060866655940130285,0.4230203449572451
family,ChungReynolds,bo,40,0.18776377901157748,0.30011933325000756,0.03733375354378466,0.40694833792542506
family,ChungReynolds,bo,50,0.07529201589839082,0.1714179028649134,0.01415783899500107,0.24538019979885692
family,ChungReynolds,bo,60,0.0677739301260396,0.11371416053349953,0.01415783899500107,0.14843692903218067
family,ChungReynolds,bo,70,0.0677739301260396,0.11141962290578927,0.01415783899500107,0.14843692903218067
family,ChungReynolds,bo,80,0.042162819141860264,0.09046526692254586,0.005969238520470313,0.12828475541247392
family,ChungReynolds,bo,90,0.03075235166981539,0.08334763705305484,0.0017218877491535893,0.12828475541247392
family,ChungReynolds,bo,100,0.03075235166981539,0.0833422175910489,0.0017218877491535893,0.12828475541247392
family,ChungReynolds,bo,110,0.03075235166981539,0.0771185008657398,0.0017218877491535893,0.10253372860944027
family,ChungReynolds,bo,120,0.03075235166981539,0.07586502968324021,0.0017218877491535893,0.10253372860944027
family,ChungReynolds,ga,10,1.0035120764177574,1.3491653503701622,1.0,1.1548919420294348
family,ChungReynolds,ga,20,1.0,1.0,1.0,1.0
family,ChungReynolds,ga,30,0.8801127372707258,0.720316468180142,0.5864731431804725,1.0
family,ChungReynolds,ga,40,0.699928288440751,0.6298017572380856,0.5254811344762114,0.8632733742021799
family,ChungReynolds,ga,50,0.532000614640591,0.5061781128734995,0.2960646521775157,0.6903372850297743
family,ChungReynolds,ga,60,0.4680912188022265,0.42282729249056067,0.15055215527419308,0.5871381184380838
family,ChungReynolds,ga,70,0.34809717755920344,0.3116302018681763,0.10094892970232683,0.4700786867031641
family,ChungReynolds,ga,80,0.21935803444107466,0.24276467889768746,0.05246156447993705,0.41780847958888184
family,ChungReynolds,ga,90,0.12515590460645024,0.1892301298979013,0.04240012400244985,0.28034586038945974
family,ChungReynolds,ga,100,0.08870991722528114,0.17322699558520094,0.02740897662225817,0.2701575715928908
family,ChungReynolds,ga,110,0.08870991722528114,0.15600838060634106,0.01765976753256597,0.2599170069622887
family,ChungReynolds,ga,120,0.08253268591913229,0.13876212475455288,0.010253090241383794,0.23918834461429933
family,ChungReynolds,random,10,1.0035120764177574,1.3491653503701622,1.0,1.1548919420294348
family,ChungReynolds,random,20,1.0,1.0,1.0,1.0
family,ChungReynolds,random,30,1.0,0.8615291882455856,0.8723595282018908,1.0
family,ChungReynolds,random,40,0.9219096838301509,0.8196624031552887,0.6920376661323657,1.0
family,ChungReynolds,random,50,0.8299255197061094,0.7335472331211622,0.532932370114455,1.0
family,ChungReynolds,random,60,0.703828407666952,0.6764715300207814,0.5155034567839974,0.9823757362767357
family,ChungReynolds,random,70,0.5951812022720151,0.5797616678949129,0.37246642666328333,0.841278112952354
family,ChungReynolds,random,80,0.5409709249043886,0.5448399003072592,0.20936105438602623,0.841278112952354
family,ChungReynolds,random,90,0.5296480491455577,0.5311852415734216,0.1909764889783177,0.841278112952354
family,ChungReynolds,random,100,0.5296480491455577,0.5078258098834753,0.1776305016810662,0.7610717999946135
family,ChungReynolds,random,110,0.5296480491455577,0.4937904345370069,0.1776305016810662,0.6974873293402968
family,ChungReynolds,random,120,0.5296480491455577,0.4937904345370069,0.1776305016810662,0.6974873293402968
family,Cigar,bo,10,1.0143340959917326,1.2191414003826688,1.0,1.1179229360084408
family,Cigar,bo,20,1.0,1.0,1.0,1.0
family,Cigar,bo,30,0.4973073096728625,0.4476361383587557,0.1421884457440083,0.6020909712205998
family,Cigar,bo,40,0.4107320150286302,0.34646793229183304,0.028467092721746603,0.5389388488878477
family,Cigar,bo,50,0.3019009122044619,0.3119045338138011,0.02820203290883154,0.46615328541622447
family,Cigar,bo,60,0.11154001264862688,0.233854397877499,0.02196122166695219,0.42602088079275635
family,Cigar,bo,70,0.06106536630308786,0.15558434610337052,0.005838651836779078,0.27069417348590513
family,Cigar,bo,80,0.04756707448955362,0.1021072815432149,0.003402985707136303,0.11204508866333762
family,Cigar,bo,90,0.027927586152219828,0.0638254758661128,0.0012724427135074787,0.09117669270099427
family,Cigar,bo,100,0.016485263784064303,0.03704251027358187,0.0006586151341510251,0.04369118997407838
family,Cigar,bo,110,0.01119949002737713,0.021510371836296584,0.00031991829939876065,0.0283764014132848
family,Cigar,bo,120,0.005643953700872494,0.015240338598430526,0.00014057547053406932,0.020895589239239034
family,Cigar,ga,10,1.0143340959917326,1.2191414003826688,1.0,1.1179229360084408
family,Cigar,ga,20,1.0,1.0,1.0,1.0
family,Cigar,ga,30,0.9731725675050326,0.8056139375260382,0.803431350988137,0.9993917306439837
family,Cigar,ga,40,0.8832288416000053,0.742750896625807,0.6757242731743367,0.994738134710724
family,Cigar,ga,50,0.7455815296573192,0.6708267200490826,0.5934713149027694,0.8807275261092034
family,Cigar,ga,60,0.7453771122350361,0.6474771267771444,0.5638601009119172,0.8542286432412274
family,Cigar,ga,70,0.7132106422852631,0.5650343908932979,0.2621545963554127,0.835854680840882
family,Cigar,ga,80,0.6572957865999314,0.5233572734905962,0.26009389726265464,0.7455444071974806
family,Cigar,ga,90,0.5358068751995344,0.47974343794468727,0.26009389726265464,0.6863220595226236
family,Cigar,ga,100,0.4795988060812415,0.45164739842729446,0.24985545843073717,0.6497021794296298
family,Cigar,ga,110,0.4795988060812415,0.4125018474265977,0.19870395601562343,0.5844615718053061
family,Cigar,ga,120,0.4403527809478897,0.38358955269705935,0.19681967593088856,0.5613704488201567
family,Cigar,random,10,1.0143340959917326,1.2191414003826688,1.0,1.1179229360084408
family,Cigar,random,20,1.0,1.0,1.0,1.0
family,Cigar,random,30,1.0,0.908377531033106,0.9526034336903496,1.0
family,Cigar,random,40,0.9408110455895558,0.8657919775221248,0.8248946161912067,1.0
family,Cigar,random,50,0.8777738147931966,0.7672944831610103,0.7651132987854008,0.9632992848027591
family,Cigar,random,60,0.875406093741513,0.7488299289992892,0.7651132987854008,0.9128571196609586
family,Cigar,random,70,0.875406093741513,0.7488299289992892,0.7651132987854008,0.9128571196609586
family,Cigar,random,80,0.8724830397919601,0.7298791378232572,0.670749476135325,0.9128571196609586
family,Cigar,random,90,0.8724830397919601,0.7243918178139245,0.670749476135325,0.9128571196609586
family,Cigar,random,100,0.8223088957448945,0.6724885564059683,0.5454948789331578,0.8793551707812114
family,Cigar,random,110,0.7772860966563852,0.6569163143752582,0.5454948789331578,0.8782851954060056
family,Cigar,random,120,0.7772860966563852,0.6569163143752582,0.5454948789331578,0.8782851954060056
family,Corana,bo,10,2.63741358698122,2.6740499112287583,1.81870679349061,3.5110748668431375
family,Corana,bo,20,1.0,1.0,1.0,1.0
family,Corana,bo,30,1.0,0.8873479639758157,0.8310219459637236,1.0
family,Corana,bo,40,0.614421919573567,0.46893640147784876,0.37238265625304956,0.6382329057505072
family,Corana,bo,50,0.1303433929325321,0.27201514300547774,0.07700076854449303,0.39619364242998967
family,Corana,bo,60,0.1303433929325321,0.27201514300547774,0.07700076854449303,0.39619364242998967
family,Corana,bo,70,0.1303433929325321,0.27201514300547774,0.07700076854449303,0.39619364242998967
family,Corana,bo,80,0.1303433929325321,0.27201514300547774,0.07700076854449303,0.39619364242998967
family,Corana,bo,90,0.12510180705796894,0.27026794771395674,0.07437997560721146,0.3935728494927081
family,Corana,bo,100,0.0831370418806951,0.25627969265486544,0.05339759301857453,0.37259046690407116
family,Corana,bo,110,0.0831370418806951,0.25627969265486544,0.05339759301857453,0.37259046690407116
family,Corana,bo,120,0.0831370418806951,0.25627969265486544,0.05339759301857453,0.37259046690407116
family,Corana,ga,10,2.63741358698122,2.6740499112287583,1.81870679349061,3.5110748668431375
family,Corana,ga,20,1.0,1.0,1.0,1.0
family,Corana,ga,30,0.630463678622757,0.6729757824147867,0.50946367362218,0.8152318393113784
family,Corana,ga,40,0.630463678622757,0.6729757824147867,0.50946367362218,0.8152318393113784
family,Corana,ga,50,0.32659195957101433,0.3909861175658494,0.3226914047592135,0.4270837513750678
family,Corana,ga,60,0.31879084994741264,0.3113007313743548,0.20316332547197163,0.423183196563267
family,Corana,ga,70,0.31879084994741264,0.3083156633590565,0.19868572344902416,0.423183196563267
family,Corana,ga,80,0.31879084994741264,0.2890092479793948,0.19868572344902416,0.39422357349377435
family,Corana,ga,90,0.2964277735141497,0.231266406804066,0.18750418523239268,0.30760931173078115
family,Corana,ga,100,0.26773223329383294,0.21421727134223656,0.17311202025628003,0.2820800034039913
family,Corana,ga,110,0.1404690952312126,0.15740535595707608,0.08789414717853927,0.21844843437268113
family,Corana,ga,120,0.1404690952312126,0.1382480569002684,0.08789414717853927,0.18971248578746963
family,Corana,random,10,2.63741358698122,2.6740499112287583,1.81870679349061,3.5110748668431375
family,Corana,random,20,1.0,1.0,1.0,1.0
family,Corana,random,30,1.0,0.8570415763790443,0.7855623645685665,1.0
family,Corana,random,40,0.5711247291371332,0.6935599806458589,0.5403399709687885,0.7855623645685665
family,Corana,random,50,0.5711247291371332,0.5869169086042644,0.5403399709687885,0.6255977565061746
family,Corana,random,60,0.5095552128004438,0.42351717406075645,0.34971339652256817,0.5403399709687885
family,Corana,random,70,0.24606484348839544,0.3151638788445106,0.21796821186654397,0.3778100281444196
family,Corana,random,80,0.24606484348839544,0.3151638788445106,0.21796821186654397,0.3778100281444196
family,Corana,random,90,0.24606484348839544,0.3151638788445106,0.21796821186654397,0.3778100281444196
family,Corana,random,100,0.24606484348839544,0.3151638788445106,0.21796821186654397,0.3778100281444196
family,Corana,random,110,0.24606484348839544,0.3151638788445106,0.21796821186654397,0.3778100281444196
family,Corana,random,120,0.24606484348839544,0.3151638788445106,0.21796821186654397,0.3778100281444196
family,DixonPrice,bo,10,1.0,1.7244488102935147,1.0,1.6588024317963512
family,DixonPrice,bo,20,1.0,1.0,1.0,1.0
family,DixonPrice,bo,30,0.5011202152369125,0.5385551217265251,0.2733593886979484,0.9335371546317162
family,DixonPrice,bo,40,0.267476863524547,0.36436298095476766,0.018890917920178316,0.5534866955505562
family,DixonPrice,bo,50,0.19766194817262522,0.3144696619010086,0.018890917920178316,0.4053678267849874
family,DixonPrice,bo,60,0.12450775316501389,0.23718127693569827,0.014845870123928618,0.31735301897299417
family,DixonPrice,bo,70,0.0958829965390013,0.19038318642071925,0.014845870123928618,0.2287096883144683
family,DixonPrice,bo,80,0.04966831938358287,0.1826807402281495,0.014845870123928618,0.2287096883144683
family,DixonPrice,bo,90,0.024238833415960705,0.12765684603371966,0.014845870123928618,0.09114783553152991
family,DixonPrice,bo,100,0.020524724829080722,0.12086419525587629,0.013330230996894036,0.07541581464566435
family,DixonPrice,bo,110,0.020524724829080722,0.0878605818207787,0.013330230996894036,0.047212380525924594
family,DixonPrice,bo,120,0.020524724829080722,0.0873221506580185,0.012466938830572967,0.047212380525924594
family,DixonPrice,ga,10,1.0,1.7244488102935147,1.0,1.6588024317963512
family,DixonPrice,ga,20,1.0,1.0,1.0,1.0
family,DixonPrice,ga,30,0.763309951969549,0.7141268469147972,0.5383798680975651,1.0
family,DixonPrice,ga,40,0.6334608405597614,0.659471827292141,0.45906129809747914,1.0
family,DixonPrice,ga,50,0.537926936943468,0.5320821950196505,0.33479249006647505,0.6771310289784733
family,DixonPrice,ga,60,0.45735813789759183,0.47906789709056513,0.22434754468439322,0.6718863131772524
family,DixonPrice,ga,70,0.4567020483601605,0.45520634343916444,0.14026856068812615,0.6718863131772524
family,DixonPrice,ga,80,0.3455439383965977,0.4190987351531091,0.14026856068812615,0.6278162325891792
family,DixonPrice,ga,90,0.2819856413429165,0.26586893423474106,0.1363511069948512,0.33903953751177285
family,DixonPrice,ga,100,0.2819856413429165,0.24704640693052057,0.1363511069948512,0.3347950905257477
family,DixonPrice,ga,110,0.22381371974383107,0.205444558816412,0.08614974967238936,0.29698385937009475
family,DixonPrice,ga,120,0.19219689835476247,0.17544063159368894,0.05324457015500961,0.26788904330138463
family,DixonPrice,random,10,1.0,1.7244488102935147,1.0,1.6588024317963512
family,DixonPrice,random,20,1.0,1.0,1.0,1.0
family,DixonPrice,random,30,1.0,0.9545422957482176,1.0,1.0
family,DixonPrice,random,40,0.9757478161203541,0.8782390225195323,0.8487005967765179,1.0
family,DixonPrice,random,50,0.9757478161203541,0.823612976790483,0.7774599097236895,1.0
family,DixonPrice,random,60,0.9757478161203541,0.7615100429324987,0.5605414947145984,1.0
family,DixonPrice,random,70,0.9757478161203541,0.7615100429324987,0.5605414947145984,1.0
family,DixonPrice,random,80,0.9757478161203541,0.7125333470260825,0.38835334438590896,1.0
family,DixonPrice,random,90,0.9757478161203541,0.711052269746682,0.3839101125477082,1.0
family,DixonPrice,random,100,0.8420573828636315,0.6179274254083836,0.13491300537697826,1.0
family,DixonPrice,random,110,0.6960877010281414,0.584181609910399,0.13491300537697826,1.0
family,DixonPrice,random,120,0.6673787926909197,0.5638725971346535,0.13491300537697826,0.8788639074519057
family,Griewank,bo,10,1.0320894397491713,1.2335096505563035,1.0,1.0843119480766656
family,Griewank,bo,20,1.0,1.0,1.0,1.0
family,Griewank,bo,30,0.6053183329881924,0.6333001693863101,0.5268905842444602,0.7078288821566685
family,Griewank,bo,40,0.6053183329881924,0.5912197803301291,0.4304431511078763,0.7078288821566685
family,Griewank,bo,50,0.5535909035265023,0.5300513454630127,0.334959694013689,0.6258115369669071
family,Griewank,bo,60,0.39337249974388006,0.43064637609754963,0.2829709678235235,0.5491620629108431
family,Griewank,bo,70,0.3202963509053185,0.35593761775942007,0.17479570593696148,0.45382454841832354
family,Griewank,bo,80,0.24366718534471854,0.2978880836407721,0.14696986099871853,0.35061975657351596
family,Griewank,bo,90,0.1539127037504301,0.24828203103039487,0.13187979516302428,0.30767967953928754
family,Griewank,bo,100,0.1471011026678392,0.22569603960356066,0.10277681817909523,0.26161141053197784
family,Griewank,bo,110,0.1358493432546109,0.21920530091436344,0.10035033583869979,0.26161141053197784
family,Griewank,bo,120,0.11710781147778504,0.20640386710775596,0.07927923404303888,0.22900133738125655
family,Griewank,ga,10,1.0320894397491713,1.2335096505563035,1.0,1.0843119480766656
family,Griewank,ga,20,1.0,1.0,1.0,1.0
family,Griewank,ga,30,0.9708717440567546,0.9215515823864823,0.8662927307924694,1.0
family,Griewank,ga,40,0.8827637702466737,0.878571725629011,0.8250708109332552,0.9974329343744937
family,Griewank,ga,50,0.7964046582727988,0.7934180255671168,0.6540185155583171,0.9209857069325444
family,Griewank,ga,60,0.7752596272663261,0.7597748160391868,0.6257693841747537,0.8859949558472506
family,Griewank,ga,70,0.6957807810397989,0.6919009350821157,0.5768632761402241,0.7933258056076746
family,Griewank,ga,80,0.6181828140334917,0.6441112211245094,0.5335227142638216,0.7458156496482675
family,Griewank,ga,90,0.5948896919550142,0.5925470596649387,0.4781727155226284,0.7141374240536973
family,Griewank,ga,100,0.5201433657495129,0.5531494239291,0.45547551332649955,0.7116998261494223
family,Griewank,ga,110,0.5199579116062631,0.5292035143272487,0.43382201337744175,0.6657572946810717
family,Griewank,ga,120,0.507192095713771,0.5124004498209138,0.42900029563290676,0.6590852439399182
family,Griewank,random,10,1.0320894397491713,1.2335096505563035,1.0,1.0843119480766656
family,Griewank,random,20,1.0,1.0,1.0,1.0
family,Griewank,random,30,1.0,0.9678829743697295,0.9914096192583493,1.0
family,Griewank,random,40,0.9782365048621804,0.9208678463575146,0.8837994113026163,1.0
family,Griewank,random,50,0.9415863612983735,0.882921544528578,0.802281163493378,1.0
family,Griewank,random,60,0.8944239232595594,0.8332599913141361,0.7733595085406515,0.9883233264472824
family,Griewank,random,70,0.8840241831656687,0.831160132474278,0.7733595085406515,0.9755748422500345
family,Griewank,random,80,0.8840241831656687,0.8288595829183564,0.7570432760621717,0.9755748422500345
family,Griewank,random,90,0.8840241831656687,0.8195059098706529,0.706592681360188,0.9755748422500345
family,Griewank,random,100,0.8728004174921999,0.7960020444610816,0.706592681360188,0.970793835766284
family,Griewank,random,110,0.838108715762413,0.787981905834817,0.706592681360188,0.9684371561332725
family,Griewank,random,120,0.838108715762413,0.786866244075577,0.706592681360188,0.9661242065807809
family,Levy03,bo,10,1.0,1.1695309489139267,1.0,1.1297291067954665
family,Levy03,bo,20,1.0,1.0,1.0,1.0
family,Levy03,bo,30,0.8535801456595515,0.7166830087125419,0.5457274227950974,1.0
family,Levy03,bo,40,0.6558286940558367,0.6055841338472926,0.35725617327942827,0.820506434249629
family,Levy03,bo,50,0.6275254703985902,0.5428092517301918,0.2185436109226434,0.8039664126855195
family,Levy03,bo,60,0.5027986076537394,0.4270112847770639,0.2185436109226434,0.5817307685246504
family,Levy03,bo,70,0.30893917909324775,0.3235367344827841,0.19617328787827645,0.5033595593744752
family,Levy03,bo,80,0.2755146033756742,0.3121012316266641,0.19617328787827645,0.4974922336511749
family,Levy03,bo,90,0.2157678688982296,0.25750184705398804,0.11633788559764102,0.4256379334680627
family,Levy03,bo,100,0.15162122880316176,0.22856272810402034,0.06820280516220698,0.4040260952939512
family,Levy03,bo,110,0.13669965306809367,0.18692685867350514,0.05919045025195128,0.24985235078292697
family,Levy03,bo,120,0.119468087575368,0.17350016168003388,0.05919045025195128,0.24745058174488024
family,Levy03,ga,10,1.0,1.1695309489139267,1.0,1.1297291067954665
family,Levy03,ga,20,1.0,1.0,1.0,1.0
family,Levy03,ga,30,0.8527497098184504,0.7729862516014919,0.6760740291003264,0.9921043841990672
family,Levy03,ga,40,0.8353273463554585,0.7320707647131091,0.6340925677613062,0.8761633353135077
family,Levy03,ga,50,0.6950776348327747,0.60048206207192,0.3335900490818573,0.8477867744737786
family,Levy03,ga,60,0.5704384817748125,0.5382839051909901,0.3335900490818573,0.746296803481767
family,Levy03,ga,70,0.43900156793587997,0.4385590215948507,0.19973375033285812,0.6568016299446101
family,Levy03,ga,80,0.3794908159583452,0.37307045332946237,0.1555726488360322,0.5313602723895324
family,Levy03,ga,90,0.3085633831800656,0.3136436633730964,0.14731392484343095,0.4614468199876945
family,Levy03,ga,100,0.3085633831800656,0.3011866836374016,0.14331238235504715,0.461278572238105
family,Levy03,ga,110,0.18909197085663065,0.2507290435101311,0.12546115318552034,0.40651876554227695
family,Levy03,ga,120,0.17778033915699779,0.21113083086808562,0.07246639453255939,0.33384161248491584
family,Levy03,random,10,1.0,1.1695309489139267,1.0,1.1297291067954665
family,Levy03,random,20,1.0,1.0,1.0,1.0
family,Levy03,random,30,1.0,0.995989963133371,1.0,1.0
family,Levy03,random,40,1.0,0.9895026180426966,1.0,1.0
family,Levy03,random,50,1.0,0.9339624049419021,0.8929447076965443,1.0
family,Levy03,random,60,0.8822128187404077,0.8498986686079598,0.7194684004207106,0.9576604870195454
family,Levy03,random,70,0.8822128187404077,0.8460958470886513,0.7194684004207106,0.9462520224616198
family,Levy03,random,80,0.8822128187404077,0.8460958470886513,0.7194684004207106,0.9462520224616198
family,Levy03,random,90,0.7835628982255074,0.800101868526142,0.6836977409694954,0.9462520224616198
family,Levy03,random,100,0.6948953535425055,0.6641079481473643,0.48485396028133,0.9328617682110766
family,Levy03,random,110,0.6948953535425055,0.6641079481473643,0.48485396028133,0.9328617682110766
family,Levy03,random,120,0.6446317976588114,0.593071320409532,0.3615322328632058,0.8300185597383987
family,NeedleEye,bo,10,1.0,1.002089039120496,1.0,1.004023011583277
family,NeedleEye,bo,20,1.0,1.0,1.0,1.0
family,NeedleEye,bo,30,0.9837229592537506,0.9843051451131806,0.979757793234745,0.9866204501564408
family,NeedleEye,bo,40,0.982049658011057,0.9809159376277715,0.9772847359877262,0.9837229592537506
family,NeedleEye,bo,50,0.9786013137066464,0.9787378297748357,0.9734826486025421,0.9837229592537506
family,NeedleEye,bo,60,0.9782642421266415,0.9779429781816256,0.9734826486025421,0.9837229592537506
family,NeedleEye,bo,70,0.9782642421266415,0.9770001933275836,0.9720528345289478,0.9826701420960983
family,NeedleEye,bo,80,0.9780471013618862,0.9767073910781132,0.9720528345289478,0.9826701420960983
family,NeedleEye,bo,90,0.9770898623680445,0.9765944600568717,0.9720528345289478,0.9826701420960983
family,NeedleEye,bo,100,0.9759710823564905,0.9764539993619962,0.9720528345289478,0.9826701420960983
family,NeedleEye,bo,110,0.9759710823564905,0.9762613827393327,0.9720528345289478,0.9812838726818568
family,NeedleEye,bo,120,0.9759710823564905,0.9762603089550037,0.9720528345289478,0.9812838726818568
family,NeedleEye,ga,10,1.0,1.002089039120496,1.0,1.004023011583277
family,NeedleEye,ga,20,1.0,1.0,1.0,1.0
family,NeedleEye,ga,30,0.9967119743459345,0.9957673642539445,0.9934984949423237,1.0
family,NeedleEye,ga,40,0.996568912494103,0.9949019317456467,0.9903885729075766,0.998015609046052
family,NeedleEye,ga,50,0.9954944493139964,0.9930502030027011,0.9903885729075766,0.996989774820799
family,NeedleEye,ga,60,0.9954346618556439,0.9925768366266138,0.9887497576692803,0.996568912494103
family,NeedleEye,ga,70,0.9891748354564198,0.9892551036392546,0.9850256963143006,0.9903885729075766
family,NeedleEye,ga,80,0.9891748354564198,0.988529962007821,0.9850256963143006,0.9903885729075766
family,NeedleEye,ga,90,0.9873134540923754,0.9871000413678441,0.9839136225525048,0.9903018104743541
family,NeedleEye,ga,100,0.9873134540923754,0.9864686423811543,0.9827850523668535,0.9902614181378679
family,NeedleEye,ga,110,0.9849513051080817,0.9850268393618031,0.9812135165148446,0.9870901976195303
family,NeedleEye,ga,120,0.9812135165148446,0.9298233887314353,0.9803184522645118,0.9870522560254154
family,NeedleEye,random,10,1.0,1.002089039120496,1.0,1.004023011583277
family,NeedleEye,random,20,1.0,1.0,1.0,1.0
family,NeedleEye,random,30,1.0,0.9994457191459303,1.0,1.0
family,NeedleEye,random,40,1.0,0.9986199220846039,0.9985885583296673,1.0
family,NeedleEye,random,50,0.9967920125647314,0.9971161543772273,0.9964229139837059,1.0
family,NeedleEye,random,60,0.9967920125647314,0.9965882122407215,0.9956363430643349,0.9989767237152004
family,NeedleEye,random,70,0.9966325517125272,0.996022548036436,0.993043847023853,0.9989767237152004
family,NeedleEye,random,80,0.9966325517125272,0.9955699949825265,0.9916871121063872,0.9989767237152004
family,NeedleEye,random,90,0.993043847023853,0.9948690088916694,0.9916300846860204,0.9989767237152004
family,NeedleEye,random,100,0.993043847023853,0.9938283322655147,0.9916300846860204,0.9989767237152004
family,NeedleEye,random,110,0.993043847023853,0.9936523156906559,0.9916300846860204,0.9989767237152004
family,NeedleEye,random,120,0.993043847023853,0.9935462719340842,0.9907327182972421,0.9989767237152004
