group_type,group,evaluation,n_runs,bo_wins,ga_wins,ties,bo_win_share,median_bo_relative_gap,median_ga_relative_gap
overall,all cases,1,180,0,0,180,0.5,1.7325230994308565,1.7325230994308565
overall,all cases,2,180,0,0,180,0.5,1.5349949872148871,1.5349949872148871
overall,all cases,3,180,0,0,180,0.5,1.4335723064761212,1.4335723064761212
overall,all cases,4,180,0,0,180,0.5,1.2256496072673144,1.2256496072673144
overall,all cases,5,180,0,0,180,0.5,1.112761729310762,1.112761729310762
overall,all cases,6,180,0,0,180,0.5,1.0683808076940238,1.0683808076940238
overall,all cases,7,180,0,0,180,0.5,1.0095322193461793,1.0095322193461793
overall,all cases,8,180,0,0,180,0.5,1.0050858950033437,1.0050858950033437
overall,all cases,9,180,0,0,180,0.5,1.0,1.0
overall,all cases,10,180,0,0,180,0.5,1.0,1.0
overall,all cases,11,180,0,0,180,0.5,1.0,1.0
overall,all cases,12,180,0,0,180,0.5,1.0,1.0
overall,all cases,13,180,0,0,180,0.5,1.0,1.0
overall,all cases,14,180,0,0,180,0.5,1.0,1.0
overall,all cases,15,180,0,0,180,0.5,1.0,1.0
overall,all cases,16,180,0,0,180,0.5,1.0,1.0
overall,all cases,17,180,0,0,180,0.5,1.0,1.0
overall,all cases,18,180,0,0,180,0.5,1.0,1.0
overall,all cases,19,180,0,0,180,0.5,1.0,1.0
overall,all cases,20,180,0,0,180,0.5,1.0,1.0
overall,all cases,21,180,56,19,105,0.7466666666666667,1.0,1.0
overall,all cases,22,180,67,24,89,0.7362637362637363,1.0,1.0
overall,all cases,23,180,81,22,77,0.7864077669902912,1.0,1.0
overall,all cases,24,180,90,24,66,0.7894736842105263,0.9900731160515294,1.0
overall,all cases,25,180,100,26,54,0.7936507936507936,0.9374830760845136,1.0
overall,all cases,26,180,103,32,45,0.762962962962963,0.8810533982658864,1.0
overall,all cases,27,180,107,34,39,0.7588652482269503,0.8277752079497167,1.0
overall,all cases,28,180,108,34,38,0.7605633802816901,0.7933000168309052,1.0
overall,all cases,29,180,111,37,32,0.75,0.7444547071282112,0.9954304807432279
overall,all cases,30,180,112,37,31,0.7516778523489933,0.7295095172644817,0.9943817003745101
overall,all cases,31,180,115,37,28,0.756578947368421,0.7101797305785926,0.9937882328628903
overall,all cases,32,180,116,38,26,0.7532467532467533,0.7073052154253474,0.9900601552027757
overall,all cases,33,180,117,39,24,0.75,0.6832769070680782,0.9878384889138913
overall,all cases,34,180,119,39,22,0.7531645569620253,0.6731323040746975,0.9804888064156384
overall,all cases,35,180,120,38,22,0.759493670886076,0.6675579386487899,0.9628628686576781
overall,all cases,36,180,122,36,22,0.7721518987341772,0.6492722230719262,0.9513699377113244
overall,all cases,37,180,124,35,21,0.779874213836478,0.6238667640762451,0.9495594905513178
overall,all cases,38,180,126,34,20,0.7875,0.6139413417266615,0.9428657309453115
overall,all cases,39,180,128,32,20,0.8,0.6130567505363215,0.9420867751805427
overall,all cases,40,180,127,33,20,0.79375,0.5781241234163221,0.9377166996365492
overall,all cases,41,180,126,37,17,0.7730061349693251,0.574287391500137,0.9194423507235503
overall,all cases,42,180,128,38,14,0.7710843373493976,0.5703361644842467,0.8955542341345499
overall,all cases,43,180,134,35,11,0.7928994082840237,0.5703361644842467,0.8730352112847761
overall,all cases,44,180,137,32,11,0.8106508875739645,0.5535909035265023,0.8730352112847761
overall,all cases,45,180,135,34,11,0.7988165680473372,0.5535909035265023,0.859787908676318
overall,all cases,46,180,136,33,11,0.8047337278106509,0.5241113231427362,0.8496263170917135
overall,all cases,47,180,138,32,10,0.8117647058823529,0.5130424420214563,0.8439693376687822
overall,all cases,48,180,139,31,10,0.8176470588235294,0.49082523411326606,0.8428208682390936
overall,all cases,49,180,140,30,10,0.8235294117647058,0.471588501149828,0.8163365893517114
overall,all cases,50,180,139,31,10,0.8176470588235294,0.46400458756679963,0.8033514257183647
overall,all cases,51,180,136,36,8,0.7906976744186046,0.45529669943626894,0.7788625268509914
overall,all cases,52,180,133,40,7,0.7687861271676301,0.4527628940870463,0.7758295974933248
overall,all cases,53,180,137,38,5,0.7828571428571428,0.42360536766963386,0.7758295974933248
overall,all cases,54,180,137,39,4,0.7784090909090909,0.41856494190402815,0.7722986992771821
overall,all cases,55,180,138,38,4,0.7840909090909091,0.4150248928206771,0.7634018252089751
overall,all cases,56,180,139,37,4,0.7897727272727273,0.411339801697032,0.7523429709117154
overall,all cases,57,180,140,36,4,0.7954545454545454,0.411339801697032,0.7359752817754157
overall,all cases,58,180,140,36,4,0.7954545454545454,0.40432270538821824,0.7359752817754157
overall,all cases,59,180,139,37,4,0.7897727272727273,0.4026340051029311,0.7316325179255618
overall,all cases,60,180,140,36,4,0.7954545454545454,0.36078292791018995,0.7316325179255618
overall,all cases,61,180,144,32,4,0.8181818181818182,0.34742637612476734,0.7244950910017356
overall,all cases,62,180,143,33,4,0.8125,0.3451482753267603,0.7119501466858746
overall,all cases,63,180,142,34,4,0.8068181818181818,0.3451482753267603,0.6961228116776357
overall,all cases,64,180,142,34,4,0.8068181818181818,0.3451482753267603,0.6961228116776357
overall,all cases,65,180,139,37,4,0.7897727272727273,0.3332688310987669,0.6941240740693913
overall,all cases,66,180,140,36,4,0.7954545454545454,0.3100023560422652,0.6941240740693913
overall,all cases,67,180,140,36,4,0.7954545454545454,0.3100023560422652,0.6783252557714883
overall,all cases,68,180,138,38,4,0.7840909090909091,0.30889147047153337,0.6444326810998569
overall,all cases,69,180,138,38,4,0.7840909090909091,0.30889147047153337,0.6405808142592082
overall,all cases,70,180,137,39,4,0.7784090909090909,0.30733708006353844,0.6343791505172596
overall,all cases,71,180,138,38,4,0.7840909090909091,0.30633663868019817,0.6281853109900983
overall,all cases,72,180,137,39,4,0.7784090909090909,0.30633663868019817,0.6234464234227662
overall,all cases,73,180,136,40,4,0.7727272727272727,0.3009946675313675,0.6158781398462103
overall,all cases,74,180,136,40,4,0.7727272727272727,0.2975533096261588,0.6066113347448785
overall,all cases,75,180,137,39,4,0.7784090909090909,0.29494260620301344,0.6008669294125679
overall,all cases,76,180,137,39,4,0.7784090909090909,0.29494260620301344,0.6008669294125679
overall,all cases,77,180,138,38,4,0.7840909090909091,0.2905118345134188,0.5934430033581284
overall,all cases,78,180,137,39,4,0.7784090909090909,0.2835187110424885,0.5796922348436822
overall,all cases,79,180,137,39,4,0.7784090909090909,0.27140134339686617,0.5670442768705439
overall,all cases,80,180,137,40,3,0.7740112994350282,0.2610862173477355,0.5594911302189491
overall,all cases,81,180,137,40,3,0.7740112994350282,0.25871130504812423,0.5469082973344404
overall,all cases,82,180,137,40,3,0.7740112994350282,0.25214918495335703,0.5361105878257304
overall,all cases,83,180,136,41,3,0.768361581920904,0.25214918495335703,0.49921672187259236
overall,all cases,84,180,136,42,2,0.7640449438202247,0.25214918495335703,0.49921672187259236
overall,all cases,85,180,136,42,2,0.7640449438202247,0.25214918495335703,0.4926788633786
overall,all cases,86,180,135,43,2,0.7584269662921348,0.2419061832064276,0.4898562349467143
overall,all cases,87,180,134,44,2,0.7528089887640449,0.22233074564438932,0.4898562349467143
overall,all cases,88,180,134,44,2,0.7528089887640449,0.2166238782573433,0.4759258662206331
overall,all cases,89,180,133,45,2,0.7471910112359551,0.2166238782573433,0.4727588969950334
overall,all cases,90,180,132,46,2,0.7415730337078652,0.2029487439825473,0.4727588969950334
overall,all cases,91,180,133,45,2,0.7471910112359551,0.19971904369818955,0.4727588969950334
overall,all cases,92,180,133,45,2,0.7471910112359551,0.19126151132201816,0.4683179466826126
overall,all cases,93,180,132,46,2,0.7415730337078652,0.19062405147801054,0.4560919237743859
overall,all cases,94,180,130,48,2,0.7303370786516854,0.19062405147801054,0.4560919237743859
overall,all cases,95,180,130,49,1,0.7262569832402235,0.18052244705405038,0.4560919237743859
overall,all cases,96,180,129,50,1,0.7206703910614525,0.1743727120818403,0.45530107938501957
overall,all cases,97,180,129,50,1,0.7206703910614525,0.17350788175582627,0.45530107938501957
overall,all cases,98,180,129,50,1,0.7206703910614525,0.17108771434728218,0.45530107938501957
overall,all cases,99,180,130,49,1,0.7262569832402235,0.17108771434728218,0.45530107938501957
overall,all cases,100,180,130,49,1,0.7262569832402235,0.16510946404405308,0.4546100059755584
overall,all cases,101,180,129,50,1,0.7206703910614525,0.16329107052451586,0.4524240363236235
overall,all cases,102,180,130,49,1,0.7262569832402235,0.15890046410279962,0.44620445930605035
overall,all cases,103,180,131,48,1,0.7318435754189944,0.15386735469526586,0.44620445930605035
overall,all cases,104,180,131,48,1,0.7318435754189944,0.14780599959982396,0.43813611931508184
overall,all cases,105,180,132,48,0,0.7333333333333333,0.1471011026678392,0.43813611931508184
overall,all cases,106,180,132,48,0,0.7333333333333333,0.14528274619161563,0.43813611931508184
overall,all cases,107,180,131,49,0,0.7277777777777777,0.14528274619161563,0.42414003702813563
overall,all cases,108,180,131,49,0,0.7277777777777777,0.14528274619161563,0.41687060857107516
overall,all cases,109,180,131,49,0,0.7277777777777777,0.14487697460857363,0.4155720235393825
overall,all cases,110,180,130,50,0,0.7222222222222222,0.14397062291144752,0.40956568424198303
overall,all cases,111,180,128,52,0,0.7111111111111111,0.14397062291144752,0.4011323786105981
overall,all cases,112,180,128,52,0,0.7111111111111111,0.14397062291144752,0.4011323786105981
overall,all cases,113,180,128,52,0,0.7111111111111111,0.1418697024866547,0.39541014843761246
overall,all cases,114,180,127,53,0,0.7055555555555556,0.13906566773321705,0.3843547559983143
overall,all cases,115,180,127,53,0,0.7055555555555556,0.13906566773321705,0.36757720670218785
overall,all cases,116,180,128,52,0,0.7111111111111111,0.13906566773321705,0.36757720670218785
overall,all cases,117,180,127,53,0,0.7055555555555556,0.13394008548738245,0.3604242445336386
overall,all cases,118,180,127,53,0,0.7055555555555556,0.13394008548738245,0.3574529512032554
overall,all cases,119,180,126,54,0,0.7,0.13394008548738245,0.3471910594572072
overall,all cases,120,180,125,55,0,0.6944444444444444,0.13394008548738245,0.3471910594572072
dimension_band,low (2-5),1,63,0,0,63,0.5,3.4383726673972457,3.4383726673972457
dimension_band,low (2-5),2,63,0,0,63,0.5,2.187275604637771,2.187275604637771
dimension_band,low (2-5),3,63,0,0,63,0.5,1.9457609097914401,1.9457609097914401
dimension_band,low (2-5),4,63,0,0,63,0.5,1.238066259574378,1.238066259574378
dimension_band,low (2-5),5,63,0,0,63,0.5,1.0843577390523562,1.0843577390523562
dimension_band,low (2-5),6,63,0,0,63,0.5,1.0088588317688438,1.0088588317688438
dimension_band,low (2-5),7,63,0,0,63,0.5,1.004023011583277,1.004023011583277
dimension_band,low (2-5),8,63,0,0,63,0.5,1.0000658218562017,1.0000658218562017
dimension_band,low (2-5),9,63,0,0,63,0.5,1.0,1.0
dimension_band,low (2-5),10,63,0,0,63,0.5,1.0,1.0
dimension_band,low (2-5),11,63,0,0,63,0.5,1.0,1.0
dimension_band,low (2-5),12,63,0,0,63,0.5,1.0,1.0
dimension_band,low (2-5),13,63,0,0,63,0.5,1.0,1.0
dimension_band,low (2-5),14,63,0,0,63,0.5,1.0,1.0
dimension_band,low (2-5),15,63,0,0,63,0.5,1.0,1.0
dimension_band,low (2-5),16,63,0,0,63,0.5,1.0,1.0
dimension_band,low (2-5),17,63,0,0,63,0.5,1.0,1.0
dimension_band,low (2-5),18,63,0,0,63,0.5,1.0,1.0
dimension_band,low (2-5),19,63,0,0,63,0.5,1.0,1.0
dimension_band,low (2-5),20,63,0,0,63,0.5,1.0,1.0
dimension_band,low (2-5),21,63,16,7,40,0.6956521739130435,1.0,1.0
dimension_band,low (2-5),22,63,23,7,33,0.7666666666666667,1.0,1.0
dimension_band,low (2-5),23,63,27,6,30,0.8181818181818182,1.0,1.0
dimension_band,low (2-5),24,63,28,9,26,0.7567567567567568,1.0,1.0
dimension_band,low (2-5),25,63,29,14,20,0.6744186046511628,0.9897475241635539,1.0
dimension_band,low (2-5),26,63,32,13,18,0.7111111111111111,0.9791838272316722,1.0
dimension_band,low (2-5),27,63,34,15,14,0.6938775510204082,0.9201033044667625,1.0
dimension_band,low (2-5),28,63,34,15,14,0.6938775510204082,0.9201033044667625,1.0
dimension_band,low (2-5),29,63,34,18,11,0.6538461538461539,0.7202861619256031,0.992501757838586
dimension_band,low (2-5),30,63,35,17,11,0.6730769230769231,0.7083525488879896,0.9903885729075766
dimension_band,low (2-5),31,63,36,18,9,0.6666666666666666,0.6731926227792626,0.9878399226543605
dimension_band,low (2-5),32,63,37,17,9,0.6851851851851852,0.6731926227792626,0.987837055173422
dimension_band,low (2-5),33,63,37,17,9,0.6851851851851852,0.6731926227792626,0.9671193553428667
dimension_band,low (2-5),34,63,38,16,9,0.7037037037037037,0.6620438919274473,0.8699969342640232
dimension_band,low (2-5),35,63,38,16,9,0.7037037037037037,0.6620438919274473,0.8404906707297793
dimension_band,low (2-5),36,63,39,15,9,0.7222222222222222,0.5901693681688164,0.8404906707297793
dimension_band,low (2-5),37,63,41,14,8,0.7454545454545455,0.5901693681688164,0.8404906707297793
dimension_band,low (2-5),38,63,42,13,8,0.7636363636363637,0.4088092011876965,0.8151981263050919
dimension_band,low (2-5),39,63,42,13,8,0.7636363636363637,0.40136574813861076,0.8033665621789378
dimension_band,low (2-5),40,63,42,13,8,0.7636363636363637,0.395396513139595,0.8033665621789378
dimension_band,low (2-5),41,63,42,13,8,0.7636363636363637,0.3938304118316472,0.8033665621789378
dimension_band,low (2-5),42,63,43,14,6,0.7543859649122807,0.3938304118316472,0.7073439513675297
dimension_band,low (2-5),43,63,45,14,4,0.7627118644067796,0.3938304118316472,0.6808000698026497
dimension_band,low (2-5),44,63,46,13,4,0.7796610169491526,0.32961284542904984,0.6733791569112758
dimension_band,low (2-5),45,63,45,14,4,0.7627118644067796,0.32961284542904984,0.6468096228968513
dimension_band,low (2-5),46,63,45,14,4,0.7627118644067796,0.32364626142023334,0.6468096228968513
dimension_band,low (2-5),47,63,47,13,3,0.7833333333333333,0.32364626142023334,0.6468096228968513
dimension_band,low (2-5),48,63,48,12,3,0.8,0.32364626142023334,0.6468096228968513
dimension_band,low (2-5),49,63,48,12,3,0.8,0.2635167546477254,0.6468096228968513
dimension_band,low (2-5),50,63,47,13,3,0.7833333333333333,0.2635167546477254,0.5679272827758637
dimension_band,low (2-5),51,63,47,14,2,0.7704918032786885,0.2635167546477254,0.5595791213238582
dimension_band,low (2-5),52,63,46,16,1,0.7419354838709677,0.2393797037543773,0.5275755431791214
dimension_band,low (2-5),53,63,46,16,1,0.7419354838709677,0.2393797037543773,0.5275755431791214
dimension_band,low (2-5),54,63,46,16,1,0.7419354838709677,0.2393797037543773,0.5275755431791214
dimension_band,low (2-5),55,63,47,15,1,0.7580645161290323,0.2393797037543773,0.5275755431791214
dimension_band,low (2-5),56,63,47,15,1,0.7580645161290323,0.2393797037543773,0.5275755431791214
dimension_band,low (2-5),57,63,47,15,1,0.7580645161290323,0.2393797037543773,0.5275755431791214
dimension_band,low (2-5),58,63,47,15,1,0.7580645161290323,0.22149626839694325,0.5275755431791214
dimension_band,low (2-5),59,63,47,15,1,0.7580645161290323,0.22149626839694325,0.5275755431791214
dimension_band,low (2-5),60,63,47,15,1,0.7580645161290323,0.22149626839694325,0.5275755431791214
dimension_band,low (2-5),61,63,47,15,1,0.7580645161290323,0.22149626839694325,0.5275755431791214
dimension_band,low (2-5),62,63,47,15,1,0.7580645161290323,0.21899236035771033,0.5209763096880211
dimension_band,low (2-5),63,63,47,15,1,0.7580645161290323,0.21899236035771033,0.5209763096880211
dimension_band,low (2-5),64,63,47,15,1,0.7580645161290323,0.21899236035771033,0.5203462863678001
dimension_band,low (2-5),65,63,46,16,1,0.7419354838709677,0.21899236035771033,0.5203462863678001
dimension_band,low (2-5),66,63,47,15,1,0.7580645161290323,0.21899236035771033,0.5203462863678001
dimension_band,low (2-5),67,63,47,15,1,0.7580645161290323,0.21899236035771033,0.5055650180469944
dimension_band,low (2-5),68,63,46,16,1,0.7419354838709677,0.21899236035771033,0.4951297284789367
dimension_band,low (2-5),69,63,46,16,1,0.7419354838709677,0.21899236035771033,0.44131372588765455
dimension_band,low (2-5),70,63,46,16,1,0.7419354838709677,0.21899236035771033,0.44131372588765455
dimension_band,low (2-5),71,63,46,16,1,0.7419354838709677,0.21899236035771033,0.4085290680449139
dimension_band,low (2-5),72,63,46,16,1,0.7419354838709677,0.21899236035771033,0.3690585477129312
dimension_band,low (2-5),73,63,45,17,1,0.7258064516129032,0.21899236035771033,0.3690585477129312
dimension_band,low (2-5),74,63,45,17,1,0.7258064516129032,0.21899236035771033,0.3690585477129312
dimension_band,low (2-5),75,63,45,17,1,0.7258064516129032,0.21899236035771033,0.3690585477129312
dimension_band,low (2-5),76,63,45,17,1,0.7258064516129032,0.21899236035771033,0.3690585477129312
dimension_band,low (2-5),77,63,46,16,1,0.7419354838709677,0.20363090854548418,0.3690585477129312
dimension_band,low (2-5),78,63,46,16,1,0.7419354838709677,0.20363090854548418,0.36376426261567624
dimension_band,low (2-5),79,63,46,16,1,0.7419354838709677,0.19753427425470502,0.36376426261567624
dimension_band,low (2-5),80,63,46,16,1,0.7419354838709677,0.19753427425470502,0.3361098554752609
dimension_band,low (2-5),81,63,46,16,1,0.7419354838709677,0.1688017057957109,0.3361052101717255
dimension_band,low (2-5),82,63,46,16,1,0.7419354838709677,0.1688017057957109,0.321248301186135
dimension_band,low (2-5),83,63,45,17,1,0.7258064516129032,0.1688017057957109,0.31879084994741264
dimension_band,low (2-5),84,63,45,17,1,0.7258064516129032,0.1688017057957109,0.31879084994741264
dimension_band,low (2-5),85,63,45,17,1,0.7258064516129032,0.1688017057957109,0.2964277735141497
dimension_band,low (2-5),86,63,43,19,1,0.6935483870967742,0.1688017057957109,0.2964277735141497
dimension_band,low (2-5),87,63,42,20,1,0.6774193548387096,0.1688017057957109,0.2964277735141497
dimension_band,low (2-5),88,63,41,21,1,0.6612903225806451,0.1688017057957109,0.28889571209808135
dimension_band,low (2-5),89,63,41,21,1,0.6612903225806451,0.1688017057957109,0.2814654820018524
dimension_band,low (2-5),90,63,41,21,1,0.6612903225806451,0.1688017057957109,0.2775568569548191
dimension_band,low (2-5),91,63,42,20,1,0.6774193548387096,0.1688017057957109,0.2581876225182779
dimension_band,low (2-5),92,63,43,19,1,0.6935483870967742,0.16395966974997286,0.2581876225182779
dimension_band,low (2-5),93,63,43,19,1,0.6935483870967742,0.16395966974997286,0.2581876225182779
dimension_band,low (2-5),94,63,42,20,1,0.6774193548387096,0.16395966974997286,0.2581876225182779
dimension_band,low (2-5),95,63,42,21,0,0.6666666666666666,0.16395966974997286,0.2581876225182779
dimension_band,low (2-5),96,63,41,22,0,0.6507936507936508,0.1474554274566732,0.2581876225182779
dimension_band,low (2-5),97,63,42,21,0,0.6666666666666666,0.1474554274566732,0.2581876225182779
dimension_band,low (2-5),98,63,42,21,0,0.6666666666666666,0.14736358600608057,0.2581876225182779
dimension_band,low (2-5),99,63,42,21,0,0.6666666666666666,0.14736358600608057,0.2581876225182779
dimension_band,low (2-5),100,63,42,21,0,0.6666666666666666,0.14736358600608057,0.2581876225182779
dimension_band,low (2-5),101,63,41,22,0,0.6507936507936508,0.14736358600608057,0.2299930092490976
dimension_band,low (2-5),102,63,42,21,0,0.6666666666666666,0.1419141696593812,0.1989080155085231
dimension_band,low (2-5),103,63,43,20,0,0.6825396825396826,0.14182523531392824,0.1989080155085231
dimension_band,low (2-5),104,63,43,20,0,0.6825396825396826,0.1315740708222591,0.1989080155085231
dimension_band,low (2-5),105,63,43,20,0,0.6825396825396826,0.1315740708222591,0.1989080155085231
dimension_band,low (2-5),106,63,43,20,0,0.6825396825396826,0.1315740708222591,0.18444685093905036
dimension_band,low (2-5),107,63,42,21,0,0.6666666666666666,0.1315740708222591,0.1756175088053534
dimension_band,low (2-5),108,63,42,21,0,0.6666666666666666,0.1315740708222591,0.1655069307804354
dimension_band,low (2-5),109,63,42,21,0,0.6666666666666666,0.1315740708222591,0.1655069307804354
dimension_band,low (2-5),110,63,41,22,0,0.6507936507936508,0.1315740708222591,0.1655069307804354
dimension_band,low (2-5),111,63,40,23,0,0.6349206349206349,0.1315740708222591,0.15967553158344802
dimension_band,low (2-5),112,63,40,23,0,0.6349206349206349,0.1315740708222591,0.15967553158344802
dimension_band,low (2-5),113,63,40,23,0,0.6349206349206349,0.0831370418806951,0.15967553158344802
dimension_band,low (2-5),114,63,39,24,0,0.6190476190476191,0.0831370418806951,0.15967553158344802
dimension_band,low (2-5),115,63,39,24,0,0.6190476190476191,0.0831370418806951,0.15967553158344802
dimension_band,low (2-5),116,63,40,23,0,0.6349206349206349,0.0831370418806951,0.15967553158344802
dimension_band,low (2-5),117,63,39,24,0,0.6190476190476191,0.0831370418806951,0.15967553158344802
dimension_band,low (2-5),118,63,39,24,0,0.6190476190476191,0.0831370418806951,0.15967553158344802
dimension_band,low (2-5),119,63,38,25,0,0.6031746031746031,0.0831370418806951,0.15967553158344802
dimension_band,low (2-5),120,63,38,25,0,0.6031746031746031,0.0831370418806951,0.141705291887733
dimension_band,medium (10-20),1,75,0,0,75,0.5,1.6671867598799406,1.6671867598799406
dimension_band,medium (10-20),2,75,0,0,75,0.5,1.550336437890282,1.550336437890282
dimension_band,medium (10-20),3,75,0,0,75,0.5,1.4987970548130725,1.4987970548130725
dimension_band,medium (10-20),4,75,0,0,75,0.5,1.3318346202191462,1.3318346202191462
dimension_band,medium (10-20),5,75,0,0,75,0.5,1.107119438511972,1.107119438511972
dimension_band,medium (10-20),6,75,0,0,75,0.5,1.058142965091529,1.058142965091529
dimension_band,medium (10-20),7,75,0,0,75,0.5,1.0,1.0
dimension_band,medium (10-20),8,75,0,0,75,0.5,1.0,1.0
dimension_band,medium (10-20),9,75,0,0,75,0.5,1.0,1.0
dimension_band,medium (10-20),10,75,0,0,75,0.5,1.0,1.0
dimension_band,medium (10-20),11,75,0,0,75,0.5,1.0,1.0
dimension_band,medium (10-20),12,75,0,0,75,0.5,1.0,1.0
dimension_band,medium (10-20),13,75,0,0,75,0.5,1.0,1.0
dimension_band,medium (10-20),14,75,0,0,75,0.5,1.0,1.0
dimension_band,medium (10-20),15,75,0,0,75,0.5,1.0,1.0
dimension_band,medium (10-20),16,75,0,0,75,0.5,1.0,1.0
dimension_band,medium (10-20),17,75,0,0,75,0.5,1.0,1.0
dimension_band,medium (10-20),18,75,0,0,75,0.5,1.0,1.0
dimension_band,medium (10-20),19,75,0,0,75,0.5,1.0,1.0
dimension_band,medium (10-20),20,75,0,0,75,0.5,1.0,1.0
dimension_band,medium (10-20),21,75,24,11,40,0.6857142857142857,1.0,1.0
dimension_band,medium (10-20),22,75,26,14,35,0.65,1.0,1.0
dimension_band,medium (10-20),23,75,35,12,28,0.7446808510638298,0.9984492171054152,1.0
dimension_band,medium (10-20),24,75,40,11,24,0.7843137254901961,0.981725520333054,1.0
dimension_band,medium (10-20),25,75,46,8,21,0.8518518518518519,0.8795054520388911,1.0
dimension_band,medium (10-20),26,75,48,7,20,0.8727272727272727,0.8093088034993117,1.0
dimension_band,medium (10-20),27,75,48,8,19,0.8571428571428571,0.8093088034993117,1.0
dimension_band,medium (10-20),28,75,49,8,18,0.8596491228070176,0.7939184504913662,1.0
dimension_band,medium (10-20),29,75,50,9,16,0.847457627118644,0.7926815831704441,1.0
dimension_band,medium (10-20),30,75,49,11,15,0.8166666666666667,0.7926815831704441,1.0
dimension_band,medium (10-20),31,75,51,10,14,0.8360655737704918,0.760675245666172,1.0
dimension_band,medium (10-20),32,75,51,12,12,0.8095238095238095,0.7405599544973299,0.997972864121308
dimension_band,medium (10-20),33,75,51,13,11,0.796875,0.6933611913568938,0.9975669225759349
dimension_band,medium (10-20),34,75,51,14,10,0.7846153846153846,0.6904925088287035,0.9954944493139964
dimension_band,medium (10-20),35,75,52,13,10,0.8,0.661177196218881,0.9954944493139964
dimension_band,medium (10-20),36,75,53,12,10,0.8153846153846154,0.6373672499249714,0.9954944493139964
dimension_band,medium (10-20),37,75,53,12,10,0.8153846153846154,0.6134607638797561,0.9850922815889653
dimension_band,medium (10-20),38,75,54,12,9,0.8181818181818182,0.6134607638797561,0.9821644981973261
dimension_band,medium (10-20),39,75,54,12,9,0.8181818181818182,0.6134607638797561,0.979685194036285
dimension_band,medium (10-20),40,75,54,12,9,0.8181818181818182,0.6126527371928868,0.9745673280534378
dimension_band,medium (10-20),41,75,52,17,6,0.7536231884057971,0.6126527371928868,0.9397757988062093
dimension_band,medium (10-20),42,75,53,17,5,0.7571428571428571,0.5789231894351825,0.9300121300153089
dimension_band,medium (10-20),43,75,57,14,4,0.8028169014084507,0.5789231894351825,0.8895909569267957
dimension_band,medium (10-20),44,75,57,14,4,0.8028169014084507,0.5773250573974616,0.8895909569267957
dimension_band,medium (10-20),45,75,56,15,4,0.7887323943661971,0.5773250573974616,0.8560115660624541
dimension_band,medium (10-20),46,75,57,14,4,0.8028169014084507,0.5322035804723102,0.8560115660624541
dimension_band,medium (10-20),47,75,57,14,4,0.8028169014084507,0.5322035804723102,0.8560115660624541
dimension_band,medium (10-20),48,75,57,14,4,0.8028169014084507,0.5100658182297505,0.854688864817745
dimension_band,medium (10-20),49,75,58,13,4,0.8169014084507042,0.47892634686226293,0.8422668305063051
dimension_band,medium (10-20),50,75,58,13,4,0.8169014084507042,0.47892634686226293,0.8396395149784383
dimension_band,medium (10-20),51,75,57,14,4,0.8028169014084507,0.470835788614872,0.8363213489978731
dimension_band,medium (10-20),52,75,56,15,4,0.7887323943661971,0.45717338651872724,0.8363213489978731
dimension_band,medium (10-20),53,75,60,13,2,0.821917808219178,0.4182558610357553,0.8363213489978731
dimension_band,medium (10-20),54,75,60,14,1,0.8108108108108109,0.39083164903826234,0.7816115099065362
dimension_band,medium (10-20),55,75,60,14,1,0.8108108108108109,0.3894719435134804,0.7748084452124104
dimension_band,medium (10-20),56,75,61,13,1,0.8243243243243243,0.38386862712628705,0.7697889533419539
dimension_band,medium (10-20),57,75,62,12,1,0.8378378378378378,0.38386862712628705,0.7647892271254911
dimension_band,medium (10-20),58,75,61,13,1,0.8243243243243243,0.3289971335443765,0.7647892271254911
dimension_band,medium (10-20),59,75,60,14,1,0.8108108108108109,0.3161199722392943,0.7620144232924592
dimension_band,medium (10-20),60,75,61,13,1,0.8243243243243243,0.3161199722392943,0.7620144232924592
dimension_band,medium (10-20),61,75,63,11,1,0.8513513513513513,0.3141006276462011,0.7345252346735106
dimension_band,medium (10-20),62,75,62,12,1,0.8378378378378378,0.3141006276462011,0.7345252346735106
dimension_band,medium (10-20),63,75,61,13,1,0.8243243243243243,0.2877514899389701,0.7220818800389779
dimension_band,medium (10-20),64,75,61,13,1,0.8243243243243243,0.2877514899389701,0.7145285699156476
dimension_band,medium (10-20),65,75,61,13,1,0.8243243243243243,0.2877514899389701,0.7099311458104255
dimension_band,medium (10-20),66,75,61,13,1,0.8243243243243243,0.2877514899389701,0.7099311458104255
dimension_band,medium (10-20),67,75,61,13,1,0.8243243243243243,0.2877514899389701,0.6974170813632425
dimension_band,medium (10-20),68,75,60,14,1,0.8108108108108109,0.2503925144581911,0.6934841173466827
dimension_band,medium (10-20),69,75,60,14,1,0.8108108108108109,0.2503925144581911,0.6934841173466827
dimension_band,medium (10-20),70,75,59,15,1,0.7972972972972973,0.2503925144581911,0.6934841173466827
dimension_band,medium (10-20),71,75,59,15,1,0.7972972972972973,0.24753345762277149,0.6832713546317006
dimension_band,medium (10-20),72,75,58,16,1,0.7837837837837838,0.24753345762277149,0.6499373682263735
dimension_band,medium (10-20),73,75,58,16,1,0.7837837837837838,0.24485119692139812,0.6499373682263735
dimension_band,medium (10-20),74,75,58,16,1,0.7837837837837838,0.22148207959989402,0.6499373682263735
dimension_band,medium (10-20),75,75,59,15,1,0.7972972972972973,0.21770636023028223,0.6499373682263735
dimension_band,medium (10-20),76,75,59,15,1,0.7972972972972973,0.21770636023028223,0.6479783883822466
dimension_band,medium (10-20),77,75,59,15,1,0.7972972972972973,0.21770636023028223,0.6276694275900756
dimension_band,medium (10-20),78,75,58,16,1,0.7837837837837838,0.21770636023028223,0.6276694275900756
dimension_band,medium (10-20),79,75,58,16,1,0.7837837837837838,0.21770636023028223,0.6194265988808851
dimension_band,medium (10-20),80,75,57,17,1,0.7702702702702703,0.21770636023028223,0.6125328604369636
dimension_band,medium (10-20),81,75,57,17,1,0.7702702702702703,0.2155413962844044,0.5972073898122866
dimension_band,medium (10-20),82,75,57,17,1,0.7702702702702703,0.20226657941961046,0.5963629390177755
dimension_band,medium (10-20),83,75,57,17,1,0.7702702702702703,0.20226657941961046,0.5700436226362715
dimension_band,medium (10-20),84,75,57,18,0,0.76,0.18608888448662028,0.5574292793106276
dimension_band,medium (10-20),85,75,57,18,0,0.76,0.18608888448662028,0.5572839328635096
dimension_band,medium (10-20),86,75,58,17,0,0.7733333333333333,0.18608888448662028,0.5452778818074453
dimension_band,medium (10-20),87,75,58,17,0,0.7733333333333333,0.18535151466726768,0.5430020432625179
dimension_band,medium (10-20),88,75,58,17,0,0.7733333333333333,0.18535151466726768,0.5369198478234393
dimension_band,medium (10-20),89,75,57,18,0,0.76,0.18535151466726768,0.5296687822476072
dimension_band,medium (10-20),90,75,56,19,0,0.7466666666666667,0.16141722229239527,0.5296687822476072
dimension_band,medium (10-20),91,75,56,19,0,0.7466666666666667,0.15248053865873895,0.528995791249249
dimension_band,medium (10-20),92,75,56,19,0,0.7466666666666667,0.15248053865873895,0.528995791249249
dimension_band,medium (10-20),93,75,55,20,0,0.7333333333333333,0.15248053865873895,0.4886187374881349
dimension_band,medium (10-20),94,75,54,21,0,0.72,0.15248053865873895,0.48176081245877167
dimension_band,medium (10-20),95,75,54,21,0,0.72,0.15248053865873895,0.48176081245877167
dimension_band,medium (10-20),96,75,54,21,0,0.72,0.15248053865873895,0.4782910218683515
dimension_band,medium (10-20),97,75,53,22,0,0.7066666666666667,0.15248053865873895,0.4782910218683515
dimension_band,medium (10-20),98,75,53,22,0,0.7066666666666667,0.15248053865873895,0.4782910218683515
dimension_band,medium (10-20),99,75,54,21,0,0.72,0.15248053865873895,0.4782910218683515
dimension_band,medium (10-20),100,75,54,21,0,0.72,0.15248053865873895,0.47211727364623207
dimension_band,medium (10-20),101,75,54,21,0,0.72,0.15248053865873895,0.47211727364623207
dimension_band,medium (10-20),102,75,54,21,0,0.72,0.15248053865873895,0.47211727364623207
dimension_band,medium (10-20),103,75,54,21,0,0.72,0.15248053865873895,0.46451861971899316
dimension_band,medium (10-20),104,75,54,21,0,0.72,0.15235292740102158,0.46451861971899316
dimension_band,medium (10-20),105,75,54,21,0,0.72,0.15235292740102158,0.46451861971899316
dimension_band,medium (10-20),106,75,54,21,0,0.72,0.15235292740102158,0.46451861971899316
dimension_band,medium (10-20),107,75,54,21,0,0.72,0.15235292740102158,0.46451861971899316
dimension_band,medium (10-20),108,75,54,21,0,0.72,0.15235292740102158,0.46018785500626086
dimension_band,medium (10-20),109,75,54,21,0,0.72,0.15235292740102158,0.45413992081930044
dimension_band,medium (10-20),110,75,54,21,0,0.72,0.15235292740102158,0.43870616590105693
dimension_band,medium (10-20),111,75,53,22,0,0.7066666666666667,0.15235292740102158,0.42719510026624113
dimension_band,medium (10-20),112,75,53,22,0,0.7066666666666667,0.15235292740102158,0.42719510026624113
dimension_band,medium (10-20),113,75,53,22,0,0.7066666666666667,0.15235292740102158,0.42719510026624113
dimension_band,medium (10-20),114,75,53,22,0,0.7066666666666667,0.14602707616351385,0.42719510026624113
dimension_band,medium (10-20),115,75,53,22,0,0.7066666666666667,0.14602707616351385,0.42719510026624113
dimension_band,medium (10-20),116,75,53,22,0,0.7066666666666667,0.14602707616351385,0.42719510026624113
dimension_band,medium (10-20),117,75,53,22,0,0.7066666666666667,0.14602707616351385,0.42719510026624113
dimension_band,medium (10-20),118,75,53,22,0,0.7066666666666667,0.14602707616351385,0.4210849737900302
dimension_band,medium (10-20),119,75,53,22,0,0.7066666666666667,0.14602707616351385,0.3950306647858747
dimension_band,medium (10-20),120,75,52,23,0,0.6933333333333334,0.14602707616351385,0.3950306647858747
dimension_band,high (30-50),1,42,0,0,42,0.5,1.45588645285281,1.45588645285281
dimension_band,high (30-50),2,42,0,0,42,0.5,1.2846812618496222,1.2846812618496222
dimension_band,high (30-50),3,42,0,0,42,0.5,1.196410861821216,1.196410861821216
dimension_band,high (30-50),4,42,0,0,42,0.5,1.1754564470323337,1.1754564470323337
dimension_band,high (30-50),5,42,0,0,42,0.5,1.1754564470323337,1.1754564470323337
dimension_band,high (30-50),6,42,0,0,42,0.5,1.0894112038112567,1.0894112038112567
dimension_band,high (30-50),7,42,0,0,42,0.5,1.0712802118709974,1.0712802118709974
dimension_band,high (30-50),8,42,0,0,42,0.5,1.0174542120756105,1.0174542120756105
dimension_band,high (30-50),9,42,0,0,42,0.5,1.0121409220940785,1.0121409220940785
dimension_band,high (30-50),10,42,0,0,42,0.5,1.011465304840718,1.011465304840718
dimension_band,high (30-50),11,42,0,0,42,0.5,1.0,1.0
dimension_band,high (30-50),12,42,0,0,42,0.5,1.0,1.0
dimension_band,high (30-50),13,42,0,0,42,0.5,1.0,1.0
dimension_band,high (30-50),14,42,0,0,42,0.5,1.0,1.0
dimension_band,high (30-50),15,42,0,0,42,0.5,1.0,1.0
dimension_band,high (30-50),16,42,0,0,42,0.5,1.0,1.0
dimension_band,high (30-50),17,42,0,0,42,0.5,1.0,1.0
dimension_band,high (30-50),18,42,0,0,42,0.5,1.0,1.0
dimension_band,high (30-50),19,42,0,0,42,0.5,1.0,1.0
dimension_band,high (30-50),20,42,0,0,42,0.5,1.0,1.0
dimension_band,high (30-50),21,42,16,1,25,0.9411764705882353,1.0,1.0
dimension_band,high (30-50),22,42,18,3,21,0.8571428571428571,1.0,1.0
dimension_band,high (30-50),23,42,19,4,19,0.8260869565217391,1.0,1.0
dimension_band,high (30-50),24,42,22,4,16,0.8461538461538461,0.944937617268627,1.0
dimension_band,high (30-50),25,42,25,4,13,0.8620689655172413,0.8209204573544564,1.0
dimension_band,high (30-50),26,42,23,12,7,0.6571428571428571,0.8209204573544564,0.9907067415413624
dimension_band,high (30-50),27,42,25,11,6,0.6944444444444444,0.8033628246238752,0.9824037168918126
dimension_band,high (30-50),28,42,25,11,6,0.6944444444444444,0.7749493792947302,0.9824037168918126
dimension_band,high (30-50),29,42,27,10,5,0.7297297297297297,0.7515069307518604,0.9723406872621648
dimension_band,high (30-50),30,42,28,9,5,0.7567567567567568,0.732600900112786,0.9723406872621648
dimension_band,high (30-50),31,42,28,9,5,0.7567567567567568,0.7144649287660927,0.9723406872621648
dimension_band,high (30-50),32,42,28,9,5,0.7567567567567568,0.7144649287660927,0.9594265549888644
dimension_band,high (30-50),33,42,29,9,4,0.7631578947368421,0.6896649336664189,0.9500918058352876
dimension_band,high (30-50),34,42,30,9,3,0.7692307692307693,0.6896649336664189,0.9500918058352876
dimension_band,high (30-50),35,42,30,9,3,0.7692307692307693,0.6896649336664189,0.9500918058352876
dimension_band,high (30-50),36,42,30,9,3,0.7692307692307693,0.6896649336664189,0.9420867751805427
dimension_band,high (30-50),37,42,30,9,3,0.7692307692307693,0.6885375758128818,0.9420867751805427
dimension_band,high (30-50),38,42,30,9,3,0.7692307692307693,0.6857405313554641,0.9420867751805427
dimension_band,high (30-50),39,42,32,7,3,0.8205128205128205,0.6503947525171101,0.9420867751805427
dimension_band,high (30-50),40,42,31,8,3,0.7948717948717948,0.6503947525171101,0.9420867751805427
dimension_band,high (30-50),41,42,32,7,3,0.8205128205128205,0.6503947525171101,0.9389093439958003
dimension_band,high (30-50),42,42,32,7,3,0.8205128205128205,0.6503947525171101,0.9389093439958003
dimension_band,high (30-50),43,42,32,7,3,0.8205128205128205,0.6503947525171101,0.9389093439958003
dimension_band,high (30-50),44,42,34,5,3,0.8717948717948718,0.6265263812049175,0.9389093439958003
dimension_band,high (30-50),45,42,34,5,3,0.8717948717948718,0.6173202512117515,0.9389093439958003
dimension_band,high (30-50),46,42,34,5,3,0.8717948717948718,0.5993662703983702,0.9389093439958003
dimension_band,high (30-50),47,42,34,5,3,0.8717948717948718,0.5775414589034807,0.8998841465369489
dimension_band,high (30-50),48,42,34,5,3,0.8717948717948718,0.5703361644842467,0.8978657160742395
dimension_band,high (30-50),49,42,34,5,3,0.8717948717948718,0.5703361644842467,0.8922718884306747
dimension_band,high (30-50),50,42,34,5,3,0.8717948717948718,0.5703361644842467,0.8922718884306747
dimension_band,high (30-50),51,42,32,8,2,0.8,0.5703361644842467,0.8645418319695956
dimension_band,high (30-50),52,42,31,9,2,0.775,0.5703361644842467,0.8645418319695956
dimension_band,high (30-50),53,42,31,9,2,0.775,0.5703361644842467,0.8561462582562887
dimension_band,high (30-50),54,42,31,9,2,0.775,0.5703361644842467,0.8561462582562887
dimension_band,high (30-50),55,42,31,9,2,0.775,0.5621344794199825,0.8481025147244539
dimension_band,high (30-50),56,42,31,9,2,0.775,0.5621344794199825,0.8481025147244539
dimension_band,high (30-50),57,42,31,9,2,0.775,0.5621344794199825,0.8481025147244539
dimension_band,high (30-50),58,42,32,8,2,0.8,0.5535909035265023,0.8481025147244539
dimension_band,high (30-50),59,42,32,8,2,0.8,0.5377318442222898,0.8481025147244539
dimension_band,high (30-50),60,42,32,8,2,0.8,0.5195736513395106,0.8430403822819099
dimension_band,high (30-50),61,42,34,6,2,0.85,0.4999196476012584,0.8430403822819099
dimension_band,high (30-50),62,42,34,6,2,0.85,0.4999196476012584,0.8395608396309078
dimension_band,high (30-50),63,42,34,6,2,0.85,0.4999196476012584,0.8395608396309078
dimension_band,high (30-50),64,42,34,6,2,0.85,0.4999196476012584,0.8301001610310319
dimension_band,high (30-50),65,42,32,8,2,0.8,0.4999196476012584,0.8189802094421215
dimension_band,high (30-50),66,42,32,8,2,0.8,0.4725734025853472,0.8189802094421215
dimension_band,high (30-50),67,42,32,8,2,0.8,0.4725734025853472,0.8189802094421215
dimension_band,high (30-50),68,42,32,8,2,0.8,0.4725734025853472,0.8089943239768538
dimension_band,high (30-50),69,42,32,8,2,0.8,0.4725734025853472,0.8089943239768538
dimension_band,high (30-50),70,42,32,8,2,0.8,0.4725734025853472,0.8089943239768538
dimension_band,high (30-50),71,42,33,7,2,0.825,0.4725734025853472,0.8089943239768538
dimension_band,high (30-50),72,42,33,7,2,0.825,0.44674493711069196,0.8046585326671303
dimension_band,high (30-50),73,42,33,7,2,0.825,0.41687649462022935,0.8046585326671303
dimension_band,high (30-50),74,42,33,7,2,0.825,0.41112656348876286,0.7707498114368007
dimension_band,high (30-50),75,42,33,7,2,0.825,0.41112656348876286,0.7707498114368007
dimension_band,high (30-50),76,42,33,7,2,0.825,0.41112656348876286,0.7625780751673064
dimension_band,high (30-50),77,42,33,7,2,0.825,0.3979656570008623,0.7625780751673064
dimension_band,high (30-50),78,42,33,7,2,0.825,0.38930313842312203,0.7625780751673064
dimension_band,high (30-50),79,42,33,7,2,0.825,0.37630896582554424,0.7625780751673064
dimension_band,high (30-50),80,42,34,7,1,0.8292682926829268,0.3560160772736968,0.7617287249258908
dimension_band,high (30-50),81,42,34,7,1,0.8292682926829268,0.3506731072197077,0.7617287249258908
dimension_band,high (30-50),82,42,34,7,1,0.8292682926829268,0.33350010302978805,0.7435718143291122
dimension_band,high (30-50),83,42,34,7,1,0.8292682926829268,0.33350010302978805,0.7252953686520405
dimension_band,high (30-50),84,42,34,7,1,0.8292682926829268,0.33350010302978805,0.7242101117943514
dimension_band,high (30-50),85,42,34,7,1,0.8292682926829268,0.3195175115145106,0.7242101117943514
dimension_band,high (30-50),86,42,34,7,1,0.8292682926829268,0.30347833862210416,0.7032928016176667
dimension_band,high (30-50),87,42,34,7,1,0.8292682926829268,0.2971960911652741,0.7032928016176667
dimension_band,high (30-50),88,42,35,6,1,0.8536585365853658,0.2971960911652741,0.7032928016176667
dimension_band,high (30-50),89,42,35,6,1,0.8536585365853658,0.29121466653630135,0.7032928016176667
dimension_band,high (30-50),90,42,35,6,1,0.8536585365853658,0.29121466653630135,0.7032928016176667
dimension_band,high (30-50),91,42,35,6,1,0.8536585365853658,0.2815767025816033,0.7032928016176667
dimension_band,high (30-50),92,42,34,7,1,0.8292682926829268,0.274829290583987,0.6997088429630188
dimension_band,high (30-50),93,42,34,7,1,0.8292682926829268,0.274829290583987,0.6997088429630188
dimension_band,high (30-50),94,42,34,7,1,0.8292682926829268,0.2623211414315112,0.6824987551626198
dimension_band,high (30-50),95,42,34,7,1,0.8292682926829268,0.25945712627814155,0.6824987551626198
dimension_band,high (30-50),96,42,34,7,1,0.8292682926829268,0.25945712627814155,0.6824987551626198
dimension_band,high (30-50),97,42,34,7,1,0.8292682926829268,0.25945712627814155,0.6824987551626198
dimension_band,high (30-50),98,42,34,7,1,0.8292682926829268,0.24209525906923146,0.6824987551626198
dimension_band,high (30-50),99,42,34,7,1,0.8292682926829268,0.24209525906923146,0.6824987551626198
dimension_band,high (30-50),100,42,34,7,1,0.8292682926829268,0.21201073915826965,0.6824987551626198
dimension_band,high (30-50),101,42,34,7,1,0.8292682926829268,0.2117557786490089,0.6824987551626198
dimension_band,high (30-50),102,42,34,7,1,0.8292682926829268,0.2117557786490089,0.6724984679704031
dimension_band,high (30-50),103,42,34,7,1,0.8292682926829268,0.21129819513683068,0.6724984679704031
dimension_band,high (30-50),104,42,34,7,1,0.8292682926829268,0.21129819513683068,0.6724984679704031
dimension_band,high (30-50),105,42,35,7,0,0.8333333333333334,0.21129819513683068,0.6724984679704031
dimension_band,high (30-50),106,42,35,7,0,0.8333333333333334,0.2056682438266079,0.6724984679704031
dimension_band,high (30-50),107,42,35,7,0,0.8333333333333334,0.2056682438266079,0.6609772922468844
dimension_band,high (30-50),108,42,35,7,0,0.8333333333333334,0.2056682438266079,0.6609772922468844
dimension_band,high (30-50),109,42,35,7,0,0.8333333333333334,0.2056682438266079,0.6609772922468844
dimension_band,high (30-50),110,42,35,7,0,0.8333333333333334,0.2056682438266079,0.6609772922468844
dimension_band,high (30-50),111,42,35,7,0,0.8333333333333334,0.2023309924370093,0.6609772922468844
dimension_band,high (30-50),112,42,35,7,0,0.8333333333333334,0.2023309924370093,0.6577875176548211
dimension_band,high (30-50),113,42,35,7,0,0.8333333333333334,0.2023309924370093,0.6577875176548211
dimension_band,high (30-50),114,42,35,7,0,0.8333333333333334,0.2023309924370093,0.63108357923419
dimension_band,high (30-50),115,42,35,7,0,0.8333333333333334,0.2023309924370093,0.63108357923419
dimension_band,high (30-50),116,42,35,7,0,0.8333333333333334,0.2023309924370093,0.63108357923419
dimension_band,high (30-50),117,42,35,7,0,0.8333333333333334,0.15204188659541845,0.63108357923419
dimension_band,high (30-50),118,42,35,7,0,0.8333333333333334,0.15204188659541845,0.63108357923419
dimension_band,high (30-50),119,42,35,7,0,0.8333333333333334,0.15204188659541845,0.63108357923419
dimension_band,high (30-50),120,42,35,7,0,0.8333333333333334,0.15204188659541845,0.6233658334381504
category,composition,1,6,0,0,6,0.5,2.3646248712105775,2.3646248712105775
category,composition,2,6,0,0,6,0.5,1.934800342748241,1.934800342748241
category,composition,3,6,0,0,6,0.5,1.496168884737728,1.496168884737728
category,composition,4,6,0,0,6,0.5,1.1480491519547003,1.1480491519547003
category,composition,5,6,0,0,6,0.5,1.1480491519547003,1.1480491519547003
category,composition,6,6,0,0,6,0.5,1.1480491519547003,1.1480491519547003
category,composition,7,6,0,0,6,0.5,1.1480491519547003,1.1480491519547003
category,composition,8,6,0,0,6,0.5,1.1480491519547003,1.1480491519547003
category,composition,9,6,0,0,6,0.5,1.1480491519547003,1.1480491519547003
category,composition,10,6,0,0,6,0.5,1.1480491519547003,1.1480491519547003
category,composition,11,6,0,0,6,0.5,1.0,1.0
category,composition,12,6,0,0,6,0.5,1.0,1.0
category,composition,13,6,0,0,6,0.5,1.0,1.0
category,composition,14,6,0,0,6,0.5,1.0,1.0
category,composition,15,6,0,0,6,0.5,1.0,1.0
category,composition,16,6,0,0,6,0.5,1.0,1.0
category,composition,17,6,0,0,6,0.5,1.0,1.0
category,composition,18,6,0,0,6,0.5,1.0,1.0
category,composition,19,6,0,0,6,0.5,1.0,1.0
category,composition,20,6,0,0,6,0.5,1.0,1.0
category,composition,21,6,1,0,5,1.0,1.0,1.0
category,composition,22,6,1,1,4,0.5,1.0,1.0
category,composition,23,6,1,1,4,0.5,1.0,1.0
category,composition,24,6,3,1,2,0.75,0.9916441668611355,1.0
category,composition,25,6,4,1,1,0.8,0.8168292573016921,1.0
category,composition,26,6,4,1,1,0.8,0.6083164184540115,1.0
category,composition,27,6,4,1,1,0.8,0.6083164184540115,1.0
category,composition,28,6,4,1,1,0.8,0.6083164184540115,1.0
category,composition,29,6,4,1,1,0.8,0.6083164184540115,0.94879009729317
category,composition,30,6,5,0,1,1.0,0.5922765324691062,0.94879009729317
category,composition,31,6,5,0,1,1.0,0.5922765324691062,0.94879009729317
category,composition,32,6,5,0,1,1.0,0.5922765324691062,0.94879009729317
category,composition,33,6,5,0,1,1.0,0.5922765324691062,0.94879009729317
category,composition,34,6,5,0,1,1.0,0.5922765324691062,0.94879009729317
category,composition,35,6,5,0,1,1.0,0.5922765324691062,0.94879009729317
category,composition,36,6,5,0,1,1.0,0.5922765324691062,0.94879009729317
category,composition,37,6,5,0,1,1.0,0.5922765324691062,0.94879009729317
category,composition,38,6,5,0,1,1.0,0.5922765324691062,0.8699235125463225
category,composition,39,6,5,0,1,1.0,0.5922765324691062,0.8699235125463225
category,composition,40,6,5,0,1,1.0,0.5922765324691062,0.8699235125463225
category,composition,41,6,5,0,1,1.0,0.5922765324691062,0.829870941452318
category,composition,42,6,4,1,1,0.8,0.5922765324691062,0.829870941452318
category,composition,43,6,5,1,0,0.8333333333333334,0.5922765324691062,0.829870941452318
category,composition,44,6,5,1,0,0.8333333333333334,0.5922765324691062,0.829870941452318
category,composition,45,6,5,1,0,0.8333333333333334,0.5922765324691062,0.829870941452318
category,composition,46,6,5,1,0,0.8333333333333334,0.503892222970864,0.829870941452318
category,composition,47,6,5,1,0,0.8333333333333334,0.503892222970864,0.829870941452318
category,composition,48,6,5,1,0,0.8333333333333334,0.4552485941233876,0.829870941452318
category,composition,49,6,5,1,0,0.8333333333333334,0.4552485941233876,0.829870941452318
category,composition,50,6,5,1,0,0.8333333333333334,0.4552485941233876,0.829870941452318
category,composition,51,6,4,2,0,0.6666666666666666,0.4552485941233876,0.6785315693434364
category,composition,52,6,4,2,0,0.6666666666666666,0.4552485941233876,0.6785315693434364
category,composition,53,6,4,2,0,0.6666666666666666,0.4552485941233876,0.6785315693434364
category,composition,54,6,4,2,0,0.6666666666666666,0.4552485941233876,0.6785315693434364
category,composition,55,6,4,2,0,0.6666666666666666,0.4552485941233876,0.6047801694863338
category,composition,56,6,4,2,0,0.6666666666666666,0.4552485941233876,0.6047801694863338
category,composition,57,6,4,2,0,0.6666666666666666,0.4538857415634668,0.6047801694863338
category,composition,58,6,4,2,0,0.6666666666666666,0.4538857415634668,0.5687875284494986
category,composition,59,6,4,2,0,0.6666666666666666,0.4538857415634668,0.5687875284494986
category,composition,60,6,4,2,0,0.6666666666666666,0.4538857415634668,0.5687875284494986
category,composition,61,6,5,1,0,0.8333333333333334,0.4442816890492698,0.5687875284494986
category,composition,62,6,5,1,0,0.8333333333333334,0.4442816890492698,0.5687875284494986
category,composition,63,6,5,1,0,0.8333333333333334,0.4442816890492698,0.5687875284494986
category,composition,64,6,5,1,0,0.8333333333333334,0.4442816890492698,0.5687875284494986
category,composition,65,6,5,1,0,0.8333333333333334,0.4442816890492698,0.5687875284494986
category,composition,66,6,5,1,0,0.8333333333333334,0.4442816890492698,0.5687875284494986
category,composition,67,6,5,1,0,0.8333333333333334,0.4442816890492698,0.5687875284494986
category,composition,68,6,5,1,0,0.8333333333333334,0.4442816890492698,0.5687875284494986
category,composition,69,6,5,1,0,0.8333333333333334,0.4442816890492698,0.5687875284494986
category,composition,70,6,5,1,0,0.8333333333333334,0.4442816890492698,0.5687875284494986
category,composition,71,6,5,1,0,0.8333333333333334,0.4442816890492698,0.5687875284494986
category,composition,72,6,5,1,0,0.8333333333333334,0.3951123967644592,0.5687875284494986
category,composition,73,6,5,1,0,0.8333333333333334,0.37401774618794137,0.5687875284494986
category,composition,74,6,5,1,0,0.8333333333333334,0.37401774618794137,0.5687875284494986
category,composition,75,6,5,1,0,0.8333333333333334,0.37401774618794137,0.5687875284494986
category,composition,76,6,5,1,0,0.8333333333333334,0.37401774618794137,0.5687875284494986
category,composition,77,6,5,1,0,0.8333333333333334,0.37401774618794137,0.5687875284494986
category,composition,78,6,5,1,0,0.8333333333333334,0.37401774618794137,0.5687875284494986
category,composition,79,6,5,1,0,0.8333333333333334,0.37401774618794137,0.5687875284494986
category,composition,80,6,5,1,0,0.8333333333333334,0.37401774618794137,0.5596999307140595
category,composition,81,6,5,1,0,0.8333333333333334,0.37401774618794137,0.5596999307140595
category,composition,82,6,5,1,0,0.8333333333333334,0.37401774618794137,0.5308410195079054
category,composition,83,6,5,1,0,0.8333333333333334,0.37401774618794137,0.5249999868839301
category,composition,84,6,5,1,0,0.8333333333333334,0.37401774618794137,0.5249999868839301
category,composition,85,6,5,1,0,0.8333333333333334,0.37401774618794137,0.5249999868839301
category,composition,86,6,5,1,0,0.8333333333333334,0.37401774618794137,0.5249999868839301
category,composition,87,6,5,1,0,0.8333333333333334,0.37401774618794137,0.5249999868839301
category,composition,88,6,5,1,0,0.8333333333333334,0.3495722168981843,0.5249999868839301
category,composition,89,6,5,1,0,0.8333333333333334,0.3495722168981843,0.5249999868839301
category,composition,90,6,5,1,0,0.8333333333333334,0.3495722168981843,0.5249999868839301
category,composition,91,6,5,1,0,0.8333333333333334,0.3253456069432102,0.5249999868839301
category,composition,92,6,5,1,0,0.8333333333333334,0.3253456069432102,0.5249999868839301
category,composition,93,6,4,2,0,0.6666666666666666,0.3253456069432102,0.5249999868839301
category,composition,94,6,4,2,0,0.6666666666666666,0.3253456069432102,0.5249999868839301
category,composition,95,6,4,2,0,0.6666666666666666,0.3253456069432102,0.5249999868839301
category,composition,96,6,4,2,0,0.6666666666666666,0.3253456069432102,0.5249999868839301
category,composition,97,6,4,2,0,0.6666666666666666,0.3253456069432102,0.5249999868839301
category,composition,98,6,4,2,0,0.6666666666666666,0.3253456069432102,0.5111645414504913
category,composition,99,6,4,2,0,0.6666666666666666,0.3253456069432102,0.5111645414504913
category,composition,100,6,4,2,0,0.6666666666666666,0.3253456069432102,0.5111645414504913
category,composition,101,6,4,2,0,0.6666666666666666,0.3253456069432102,0.5105393267915272
category,composition,102,6,4,2,0,0.6666666666666666,0.3253456069432102,0.5105393267915272
category,composition,103,6,4,2,0,0.6666666666666666,0.3253456069432102,0.5105393267915272
category,composition,104,6,4,2,0,0.6666666666666666,0.3253456069432102,0.5105393267915272
category,composition,105,6,4,2,0,0.6666666666666666,0.3253456069432102,0.5105393267915272
category,composition,106,6,4,2,0,0.6666666666666666,0.3253456069432102,0.5105393267915272
category,composition,107,6,4,2,0,0.6666666666666666,0.3253456069432102,0.5105393267915272
category,composition,108,6,4,2,0,0.6666666666666666,0.3253456069432102,0.5105393267915272
category,composition,109,6,4,2,0,0.6666666666666666,0.3253456069432102,0.48776964413321255
category,composition,110,6,4,2,0,0.6666666666666666,0.3253456069432102,0.47121408426360967
category,composition,111,6,4,2,0,0.6666666666666666,0.3253456069432102,0.47121408426360967
category,composition,112,6,4,2,0,0.6666666666666666,0.3253456069432102,0.47121408426360967
category,composition,113,6,4,2,0,0.6666666666666666,0.3253456069432102,0.47121408426360967
category,composition,114,6,4,2,0,0.6666666666666666,0.3253456069432102,0.47121408426360967
category,composition,115,6,4,2,0,0.6666666666666666,0.3253456069432102,0.47121408426360967
category,composition,116,6,4,2,0,0.6666666666666666,0.3253456069432102,0.47121408426360967
category,composition,117,6,4,2,0,0.6666666666666666,0.3253456069432102,0.47121408426360967
category,composition,118,6,4,2,0,0.6666666666666666,0.3253456069432102,0.47121408426360967
category,composition,119,6,4,2,0,0.6666666666666666,0.3253456069432102,0.47121408426360967
category,composition,120,6,4,2,0,0.6666666666666666,0.3253456069432102,0.47121408426360967
category,discontinuous,1,12,0,0,12,0.5,1.0181085743054243,1.0181085743054243
category,discontinuous,2,12,0,0,12,0.5,1.0121326731461529,1.0121326731461529
category,discontinuous,3,12,0,0,12,0.5,1.0107104024975362,1.0107104024975362
category,discontinuous,4,12,0,0,12,0.5,1.0084015361605665,1.0084015361605665
category,discontinuous,5,12,0,0,12,0.5,1.0069318746423157,1.0069318746423157
category,discontinuous,6,12,0,0,12,0.5,1.006756778399959,1.006756778399959
category,discontinuous,7,12,0,0,12,0.5,1.0049712601578098,1.0049712601578098
category,discontinuous,8,12,0,0,12,0.5,1.0049712601578098,1.0049712601578098
category,discontinuous,9,12,0,0,12,0.5,1.0035923433961729,1.0035923433961729
category,discontinuous,10,12,0,0,12,0.5,1.0,1.0
category,discontinuous,11,12,0,0,12,0.5,1.0,1.0
category,discontinuous,12,12,0,0,12,0.5,1.0,1.0
category,discontinuous,13,12,0,0,12,0.5,1.0,1.0
category,discontinuous,14,12,0,0,12,0.5,1.0,1.0
category,discontinuous,15,12,0,0,12,0.5,1.0,1.0
category,discontinuous,16,12,0,0,12,0.5,1.0,1.0
category,discontinuous,17,12,0,0,12,0.5,1.0,1.0
category,discontinuous,18,12,0,0,12,0.5,1.0,1.0
category,discontinuous,19,12,0,0,12,0.5,1.0,1.0
category,discontinuous,20,12,0,0,12,0.5,1.0,1.0
category,discontinuous,21,12,3,3,6,0.5,1.0,1.0
category,discontinuous,22,12,4,3,5,0.5714285714285714,1.0,1.0
category,discontinuous,23,12,7,2,3,0.7777777777777778,0.9949915904271623,1.0
category,discontinuous,24,12,8,1,3,0.8888888888888888,0.9942693777333523,0.9991370488496432
category,discontinuous,25,12,7,2,3,0.7777777777777778,0.9933463857358461,0.9990025844177876
category,discontinuous,26,12,8,2,2,0.8,0.9918198044278668,0.9989864320606541
category,discontinuous,27,12,9,2,1,0.8181818181818182,0.9849788466549394,0.9989864320606541
category,discontinuous,28,12,9,2,1,0.8181818181818182,0.9849788466549394,0.9989864320606541
category,discontinuous,29,12,8,3,1,0.7272727272727273,0.9849788466549394,0.9961032118299655
category,discontinuous,30,12,8,3,1,0.7272727272727273,0.9849788466549394,0.9961032118299655
category,discontinuous,31,12,8,3,1,0.7272727272727273,0.9849788466549394,0.9961032118299655
category,discontinuous,32,12,8,3,1,0.7272727272727273,0.983969336017501,0.9961032118299655
category,discontinuous,33,12,8,3,1,0.7272727272727273,0.983969336017501,0.9961032118299655
category,discontinuous,34,12,9,2,1,0.8181818181818182,0.9825686134434856,0.9961032118299655
category,discontinuous,35,12,9,2,1,0.8181818181818182,0.9825686134434856,0.9961032118299655
category,discontinuous,36,12,9,2,1,0.8181818181818182,0.9825686134434856,0.9961032118299655
category,discontinuous,37,12,10,2,0,0.8333333333333334,0.9785669434378149,0.9961032118299655
category,discontinuous,38,12,10,2,0,0.8333333333333334,0.9782284634528273,0.9960316809040497
category,discontinuous,39,12,10,2,0,0.8333333333333334,0.9782284634528273,0.9960316809040497
category,discontinuous,40,12,10,2,0,0.8333333333333334,0.9782284634528273,0.9960316809040497
category,discontinuous,41,12,10,2,0,0.8333333333333334,0.9751450776008835,0.9960316809040497
category,discontinuous,42,12,10,2,0,0.8333333333333334,0.9751450776008835,0.9960316809040497
category,discontinuous,43,12,11,1,0,0.9166666666666666,0.9751450776008835,0.9960316809040497
category,discontinuous,44,12,11,1,0,0.9166666666666666,0.9751450776008835,0.9960316809040497
category,discontinuous,45,12,11,1,0,0.9166666666666666,0.9744521504412856,0.9960316809040497
category,discontinuous,46,12,11,1,0,0.9166666666666666,0.9744521504412856,0.9929415111107865
category,discontinuous,47,12,11,1,0,0.9166666666666666,0.9744521504412856,0.9927564245156733
category,discontinuous,48,12,11,1,0,0.9166666666666666,0.973707332484866,0.9927564245156733
category,discontinuous,49,12,11,1,0,0.9166666666666666,0.973707332484866,0.9927564245156733
category,discontinuous,50,12,11,1,0,0.9166666666666666,0.973707332484866,0.9905706446325093
category,discontinuous,51,12,11,1,0,0.9166666666666666,0.973707332484866,0.9905706446325093
category,discontinuous,52,12,11,1,0,0.9166666666666666,0.973707332484866,0.9905706446325093
category,discontinuous,53,12,11,1,0,0.9166666666666666,0.973707332484866,0.9905706446325093
category,discontinuous,54,12,11,1,0,0.9166666666666666,0.973707332484866,0.9905706446325093
category,discontinuous,55,12,11,1,0,0.9166666666666666,0.973707332484866,0.9905706446325093
category,discontinuous,56,12,11,1,0,0.9166666666666666,0.973707332484866,0.9905706446325093
category,discontinuous,57,12,11,1,0,0.9166666666666666,0.973707332484866,0.9895691652884284
category,discontinuous,58,12,11,1,0,0.9166666666666666,0.973707332484866,0.9895691652884284
category,discontinuous,59,12,11,1,0,0.9166666666666666,0.973707332484866,0.9895691652884284
category,discontinuous,60,12,11,1,0,0.9166666666666666,0.973707332484866,0.9895691652884284
category,discontinuous,61,12,11,1,0,0.9166666666666666,0.973707332484866,0.9895691652884284
category,discontinuous,62,12,11,1,0,0.9166666666666666,0.973707332484866,0.9895691652884284
category,discontinuous,63,12,11,1,0,0.9166666666666666,0.973707332484866,0.9895691652884284
category,discontinuous,64,12,11,1,0,0.9166666666666666,0.973707332484866,0.9895691652884284
category,discontinuous,65,12,11,1,0,0.9166666666666666,0.973707332484866,0.9895691652884284
category,discontinuous,66,12,11,1,0,0.9166666666666666,0.973707332484866,0.9895691652884284
category,discontinuous,67,12,11,1,0,0.9166666666666666,0.973707332484866,0.9887046231154863
category,discontinuous,68,12,11,1,0,0.9166666666666666,0.973707332484866,0.9887046231154863
category,discontinuous,69,12,11,1,0,0.9166666666666666,0.9729924254480687,0.9868425924379964
category,discontinuous,70,12,11,1,0,0.9166666666666666,0.9724824198996787,0.9868425924379964
category,discontinuous,71,12,11,1,0,0.9166666666666666,0.9724824198996787,0.9868425924379964
category,discontinuous,72,12,11,1,0,0.9166666666666666,0.9724824198996787,0.9868425924379964
category,discontinuous,73,12,11,1,0,0.9166666666666666,0.9724824198996787,0.9868425924379964
category,discontinuous,74,12,11,1,0,0.9166666666666666,0.9724824198996787,0.9868425924379964
category,discontinuous,75,12,11,1,0,0.9166666666666666,0.9724824198996787,0.9868425924379964
category,discontinuous,76,12,11,1,0,0.9166666666666666,0.9724824198996787,0.9868425924379964
category,discontinuous,77,12,11,1,0,0.9166666666666666,0.9724824198996787,0.9868425924379964
category,discontinuous,78,12,11,1,0,0.9166666666666666,0.9724824198996787,0.9868425924379964
category,discontinuous,79,12,11,1,0,0.9166666666666666,0.9724824198996787,0.9868425924379964
category,discontinuous,80,12,11,1,0,0.9166666666666666,0.9724824198996787,0.9866993739302843
category,discontinuous,81,12,11,1,0,0.9166666666666666,0.9724824198996787,0.9861695752033379
category,discontinuous,82,12,11,1,0,0.9166666666666666,0.9724824198996787,0.9861695752033379
category,discontinuous,83,12,11,1,0,0.9166666666666666,0.9724824198996787,0.9861695752033379
category,discontinuous,84,12,11,1,0,0.9166666666666666,0.9724824198996787,0.98561353832244
category,discontinuous,85,12,11,1,0,0.9166666666666666,0.9724824198996787,0.98561353832244
category,discontinuous,86,12,11,1,0,0.9166666666666666,0.9724824198996787,0.9848813160362033
category,discontinuous,87,12,11,1,0,0.9166666666666666,0.9724824198996787,0.9848813160362033
category,discontinuous,88,12,11,1,0,0.9166666666666666,0.9724824198996787,0.9848813160362033
category,discontinuous,89,12,11,1,0,0.9166666666666666,0.9724824198996787,0.9848813160362033
category,discontinuous,90,12,11,1,0,0.9166666666666666,0.9724824198996787,0.9848813160362033
category,discontinuous,91,12,11,1,0,0.9166666666666666,0.9724824198996787,0.9848813160362033
category,discontinuous,92,12,11,1,0,0.9166666666666666,0.9724824198996787,0.9833493374596791
category,discontinuous,93,12,11,1,0,0.9166666666666666,0.9724824198996787,0.9833493374596791
category,discontinuous,94,12,11,1,0,0.9166666666666666,0.9724824198996787,0.9833493374596791
category,discontinuous,95,12,11,1,0,0.9166666666666666,0.9724824198996787,0.9833493374596791
category,discontinuous,96,12,11,1,0,0.9166666666666666,0.9724824198996787,0.9833493374596791
category,discontinuous,97,12,11,1,0,0.9166666666666666,0.9724824198996787,0.9833493374596791
category,discontinuous,98,12,11,1,0,0.9166666666666666,0.9724824198996787,0.9833493374596791
category,discontinuous,99,12,11,1,0,0.9166666666666666,0.9724824198996787,0.9833493374596791
category,discontinuous,100,12,11,1,0,0.9166666666666666,0.9724824198996787,0.9833493374596791
category,discontinuous,101,12,11,1,0,0.9166666666666666,0.9724824198996787,0.9833493374596791
category,discontinuous,102,12,11,1,0,0.9166666666666666,0.9724824198996787,0.9833493374596791
category,discontinuous,103,12,11,1,0,0.9166666666666666,0.9724824198996787,0.9826783045173996
category,discontinuous,104,12,11,1,0,0.9166666666666666,0.9724824198996787,0.9820773327513109
category,discontinuous,105,12,11,1,0,0.9166666666666666,0.9724824198996787,0.9820773327513109
category,discontinuous,106,12,11,1,0,0.9166666666666666,0.9724824198996787,0.9820773327513109
category,discontinuous,107,12,11,1,0,0.9166666666666666,0.9724824198996787,0.9820773327513109
category,discontinuous,108,12,11,1,0,0.9166666666666666,0.9724824198996787,0.9820773327513109
category,discontinuous,109,12,11,1,0,0.9166666666666666,0.9724824198996787,0.981999284440849
category,discontinuous,110,12,11,1,0,0.9166666666666666,0.9724824198996787,0.981999284440849
category,discontinuous,111,12,11,1,0,0.9166666666666666,0.9724824198996787,0.981999284440849
category,discontinuous,112,12,11,1,0,0.9166666666666666,0.9724824198996787,0.981999284440849
category,discontinuous,113,12,11,1,0,0.9166666666666666,0.9724824198996787,0.981999284440849
category,discontinuous,114,12,11,1,0,0.9166666666666666,0.9724824198996787,0.981999284440849
category,discontinuous,115,12,11,1,0,0.9166666666666666,0.9724824198996787,0.981999284440849
category,discontinuous,116,12,11,1,0,0.9166666666666666,0.9724824198996787,0.981999284440849
category,discontinuous,117,12,11,1,0,0.9166666666666666,0.9724824198996787,0.981999284440849
category,discontinuous,118,12,11,1,0,0.9166666666666666,0.9724824198996787,0.981999284440849
category,discontinuous,119,12,10,2,0,0.8333333333333334,0.9724824198996787,0.9812092751324628
category,discontinuous,120,12,10,2,0,0.8333333333333334,0.9724824198996787,0.9807617430072965
category,hybrid,1,6,0,0,6,0.5,46.890657842444725,46.890657842444725
category,hybrid,2,6,0,0,6,0.5,6.21570634034207,6.21570634034207
category,hybrid,3,6,0,0,6,0.5,2.6351416614258625,2.6351416614258625
category,hybrid,4,6,0,0,6,0.5,2.6351416614258625,2.6351416614258625
category,hybrid,5,6,0,0,6,0.5,2.6351416614258625,2.6351416614258625
category,hybrid,6,6,0,0,6,0.5,2.6351416614258625,2.6351416614258625
category,hybrid,7,6,0,0,6,0.5,2.6351416614258625,2.6351416614258625
category,hybrid,8,6,0,0,6,0.5,1.4360195256041786,1.4360195256041786
category,hybrid,9,6,0,0,6,0.5,1.0,1.0
category,hybrid,10,6,0,0,6,0.5,1.0,1.0
category,hybrid,11,6,0,0,6,0.5,1.0,1.0
category,hybrid,12,6,0,0,6,0.5,1.0,1.0
category,hybrid,13,6,0,0,6,0.5,1.0,1.0
category,hybrid,14,6,0,0,6,0.5,1.0,1.0
category,hybrid,15,6,0,0,6,0.5,1.0,1.0
category,hybrid,16,6,0,0,6,0.5,1.0,1.0
category,hybrid,17,6,0,0,6,0.5,1.0,1.0
category,hybrid,18,6,0,0,6,0.5,1.0,1.0
category,hybrid,19,6,0,0,6,0.5,1.0,1.0
category,hybrid,20,6,0,0,6,0.5,1.0,1.0
category,hybrid,21,6,2,1,3,0.6666666666666666,1.0,1.0
category,hybrid,22,6,2,1,3,0.6666666666666666,0.9143641788222967,1.0
category,hybrid,23,6,3,1,2,0.75,0.8190185805719525,1.0
category,hybrid,24,6,3,1,2,0.75,0.8190185805719525,1.0
category,hybrid,25,6,4,1,1,0.8,0.7848964201734703,1.0
category,hybrid,26,6,3,2,1,0.6,0.7848964201734703,1.0
category,hybrid,27,6,3,2,1,0.6,0.7848964201734703,1.0
category,hybrid,28,6,3,2,1,0.6,0.7848964201734703,1.0
category,hybrid,29,6,3,2,1,0.6,0.7848964201734703,1.0
category,hybrid,30,6,2,3,1,0.4,0.7848964201734703,0.7092176610056483
category,hybrid,31,6,2,3,1,0.4,0.7848964201734703,0.7092176610056483
category,hybrid,32,6,2,3,1,0.4,0.7632892773614554,0.7092176610056483
category,hybrid,33,6,2,3,1,0.4,0.6460541319850284,0.7092176610056483
category,hybrid,34,6,2,3,1,0.4,0.6460541319850284,0.7092176610056483
category,hybrid,35,6,2,3,1,0.4,0.6460541319850284,0.7092176610056483
category,hybrid,36,6,2,3,1,0.4,0.5960824730318041,0.7092176610056483
category,hybrid,37,6,2,3,1,0.4,0.5960824730318041,0.6835072754939684
category,hybrid,38,6,2,3,1,0.4,0.5960824730318041,0.6835072754939684
category,hybrid,39,6,2,3,1,0.4,0.5089050012998202,0.40526914661763047
category,hybrid,40,6,2,3,1,0.4,0.5089050012998202,0.40526914661763047
category,hybrid,41,6,2,3,1,0.4,0.5089050012998202,0.40526914661763047
category,hybrid,42,6,3,2,1,0.6,0.26591813875413306,0.40526914661763047
category,hybrid,43,6,3,2,1,0.6,0.26591813875413306,0.40526914661763047
category,hybrid,44,6,3,2,1,0.6,0.26591813875413306,0.40526914661763047
category,hybrid,45,6,3,2,1,0.6,0.26591813875413306,0.37236940542170927
category,hybrid,46,6,3,2,1,0.6,0.26591813875413306,0.37236940542170927
category,hybrid,47,6,3,2,1,0.6,0.26591813875413306,0.37236940542170927
category,hybrid,48,6,3,2,1,0.6,0.26591813875413306,0.37236940542170927
category,hybrid,49,6,3,2,1,0.6,0.26591813875413306,0.2624294982358157
category,hybrid,50,6,3,2,1,0.6,0.26591813875413306,0.2624294982358157
category,hybrid,51,6,3,2,1,0.6,0.26591813875413306,0.2624294982358157
category,hybrid,52,6,3,2,1,0.6,0.26591813875413306,0.2624294982358157
category,hybrid,53,6,3,2,1,0.6,0.26591813875413306,0.2624294982358157
category,hybrid,54,6,2,3,1,0.4,0.26591813875413306,0.2624294982358157
category,hybrid,55,6,2,3,1,0.4,0.26591813875413306,0.2624294982358157
category,hybrid,56,6,2,3,1,0.4,0.2255492365984897,0.2624294982358157
category,hybrid,57,6,2,3,1,0.4,0.2255492365984897,0.2624294982358157
category,hybrid,58,6,3,2,1,0.6,0.2255492365984897,0.22484400747157857
category,hybrid,59,6,3,2,1,0.6,0.2255492365984897,0.22484400747157857
category,hybrid,60,6,4,1,1,0.8,0.2255492365984897,0.22484400747157857
category,hybrid,61,6,5,0,1,1.0,0.10122721919827712,0.22484400747157857
category,hybrid,62,6,4,1,1,0.8,0.10122721919827712,0.22484400747157857
category,hybrid,63,6,3,2,1,0.6,0.10122721919827712,0.22484400747157857
category,hybrid,64,6,3,2,1,0.6,0.0932530582745998,0.22484400747157857
category,hybrid,65,6,2,3,1,0.4,0.0932530582745998,0.09592039580759035
category,hybrid,66,6,2,3,1,0.4,0.0932530582745998,0.09592039580759035
category,hybrid,67,6,2,3,1,0.4,0.0932530582745998,0.04600484664313357
category,hybrid,68,6,2,3,1,0.4,0.0932530582745998,0.04600484664313357
category,hybrid,69,6,2,3,1,0.4,0.021948597026319423,0.04600484664313357
category,hybrid,70,6,2,3,1,0.4,0.021948597026319423,0.04600484664313357
category,hybrid,71,6,2,3,1,0.4,0.021948597026319423,0.04600484664313357
category,hybrid,72,6,2,3,1,0.4,0.021948597026319423,0.04600484664313357
category,hybrid,73,6,2,3,1,0.4,0.021948597026319423,0.04600484664313357
category,hybrid,74,6,2,3,1,0.4,0.021948597026319423,0.04600484664313357
category,hybrid,75,6,2,3,1,0.4,0.021948597026319423,0.04600484664313357
category,hybrid,76,6,2,3,1,0.4,0.021948597026319423,0.04600484664313357
category,hybrid,77,6,2,3,1,0.4,0.021948597026319423,0.04600484664313357
category,hybrid,78,6,2,3,1,0.4,0.021948597026319423,0.04600484664313357
category,hybrid,79,6,2,3,1,0.4,0.021948597026319423,0.04600484664313357
category,hybrid,80,6,2,3,1,0.4,0.021948597026319423,0.04600484664313357
category,hybrid,81,6,2,3,1,0.4,0.021948597026319423,0.04600484664313357
category,hybrid,82,6,2,3,1,0.4,0.021948597026319423,0.04600484664313357
category,hybrid,83,6,2,3,1,0.4,0.021948597026319423,0.04600484664313357
category,hybrid,84,6,2,3,1,0.4,0.021948597026319423,0.04600484664313357
category,hybrid,85,6,2,3,1,0.4,0.021948597026319423,0.04600484664313357
category,hybrid,86,6,2,3,1,0.4,0.021948597026319423,0.04600484664313357
category,hybrid,87,6,2,3,1,0.4,0.021948597026319423,0.04600484664313357
category,hybrid,88,6,2,3,1,0.4,0.021948597026319423,0.04600484664313357
category,hybrid,89,6,2,3,1,0.4,0.021948597026319423,0.04600484664313357
category,hybrid,90,6,2,3,1,0.4,0.021948597026319423,0.04600484664313357
category,hybrid,91,6,2,3,1,0.4,0.021948597026319423,0.04600484664313357
category,hybrid,92,6,2,3,1,0.4,0.021948597026319423,0.04600484664313357
category,hybrid,93,6,2,3,1,0.4,0.021948597026319423,0.04600484664313357
category,hybrid,94,6,2,3,1,0.4,0.021948597026319423,0.04600484664313357
category,hybrid,95,6,2,3,1,0.4,0.021948597026319423,0.04600484664313357
category,hybrid,96,6,2,3,1,0.4,0.021948597026319423,0.04600484664313357
category,hybrid,97,6,2,3,1,0.4,0.021948597026319423,0.04600484664313357
category,hybrid,98,6,2,3,1,0.4,0.021948597026319423,0.04600484664313357
category,hybrid,99,6,2,3,1,0.4,0.021948597026319423,0.04600484664313357
category,hybrid,100,6,2,3,1,0.4,0.021948597026319423,0.04600484664313357
category,hybrid,101,6,2,3,1,0.4,0.021948597026319423,0.04186561022879308
category,hybrid,102,6,2,3,1,0.4,0.021948597026319423,0.04186561022879308
category,hybrid,103,6,2,3,1,0.4,0.021948597026319423,0.04186561022879308
category,hybrid,104,6,2,3,1,0.4,0.021948597026319423,0.039381463327471326
category,hybrid,105,6,3,3,0,0.5,0.021948597026319423,0.039381463327471326
category,hybrid,106,6,3,3,0,0.5,0.021948597026319423,0.039381463327471326
category,hybrid,107,6,3,3,0,0.5,0.021948597026319423,0.039381463327471326
category,hybrid,108,6,3,3,0,0.5,0.021948597026319423,0.039381463327471326
category,hybrid,109,6,3,3,0,0.5,0.021948597026319423,0.039381463327471326
category,hybrid,110,6,3,3,0,0.5,0.021948597026319423,0.039381463327471326
category,hybrid,111,6,2,4,0,0.3333333333333333,0.021948597026319423,0.03479260445453429
category,hybrid,112,6,2,4,0,0.3333333333333333,0.021948597026319423,0.03479260445453429
category,hybrid,113,6,2,4,0,0.3333333333333333,0.021948597026319423,0.03479260445453429
category,hybrid,114,6,2,4,0,0.3333333333333333,0.021948597026319423,0.03479260445453429
category,hybrid,115,6,2,4,0,0.3333333333333333,0.021948597026319423,0.03403537006778678
category,hybrid,116,6,2,4,0,0.3333333333333333,0.021948597026319423,0.03403537006778678
category,hybrid,117,6,2,4,0,0.3333333333333333,0.021948597026319423,0.03403537006778678
category,hybrid,118,6,2,4,0,0.3333333333333333,0.021948597026319423,0.03403537006778678
category,hybrid,119,6,2,4,0,0.3333333333333333,0.021948597026319423,0.03403537006778678
category,hybrid,120,6,2,4,0,0.3333333333333333,0.021948597026319423,0.03403537006778678
category,ill_conditioned,1,18,0,0,18,0.5,1.5578465727554298,1.5578465727554298
category,ill_conditioned,2,18,0,0,18,0.5,1.3555497181923042,1.3555497181923042
category,ill_conditioned,3,18,0,0,18,0.5,1.31301121620471,1.31301121620471
category,ill_conditioned,4,18,0,0,18,0.5,1.2378586614926608,1.2378586614926608
category,ill_conditioned,5,18,0,0,18,0.5,1.1976472466068921,1.1976472466068921
category,ill_conditioned,6,18,0,0,18,0.5,1.0931072236496178,1.0931072236496178
category,ill_conditioned,7,18,0,0,18,0.5,1.033986035471317,1.033986035471317
category,ill_conditioned,8,18,0,0,18,0.5,1.021616413754105,1.021616413754105
category,ill_conditioned,9,18,0,0,18,0.5,1.0143340959917326,1.0143340959917326
category,ill_conditioned,10,18,0,0,18,0.5,1.0143340959917326,1.0143340959917326
category,ill_conditioned,11,18,0,0,18,0.5,1.004289493712601,1.004289493712601
category,ill_conditioned,12,18,0,0,18,0.5,1.004289493712601,1.004289493712601
category,ill_conditioned,13,18,0,0,18,0.5,1.004289493712601,1.004289493712601
category,ill_conditioned,14,18,0,0,18,0.5,1.0,1.0
category,ill_conditioned,15,18,0,0,18,0.5,1.0,1.0
category,ill_conditioned,16,18,0,0,18,0.5,1.0,1.0
category,ill_conditioned,17,18,0,0,18,0.5,1.0,1.0
category,ill_conditioned,18,18,0,0,18,0.5,1.0,1.0
category,ill_conditioned,19,18,0,0,18,0.5,1.0,1.0
category,ill_conditioned,20,18,0,0,18,0.5,1.0,1.0
category,ill_conditioned,21,18,9,3,6,0.75,0.9675987372602044,1.0
category,ill_conditioned,22,18,11,2,5,0.8461538461538461,0.8535459544803119,1.0
category,ill_conditioned,23,18,14,1,3,0.9333333333333333,0.6963648226380555,1.0
category,ill_conditioned,24,18,14,1,3,0.9333333333333333,0.5852059841664832,1.0
category,ill_conditioned,25,18,13,2,3,0.8666666666666667,0.5852059841664832,0.9987834612879675
category,ill_conditioned,26,18,14,2,2,0.875,0.5825633111875994,0.990428508361914
category,ill_conditioned,27,18,14,2,2,0.875,0.5825633111875994,0.9731725675050326
category,ill_conditioned,28,18,14,2,2,0.875,0.5764995343123056,0.9731725675050326
category,ill_conditioned,29,18,15,2,1,0.8823529411764706,0.4973073096728625,0.9731725675050326
category,ill_conditioned,30,18,15,2,1,0.8823529411764706,0.4973073096728625,0.9731725675050326
category,ill_conditioned,31,18,15,2,1,0.8823529411764706,0.4378258860396105,0.9731725675050326
category,ill_conditioned,32,18,15,2,1,0.8823529411764706,0.4378258860396105,0.9731725675050326
category,ill_conditioned,33,18,15,2,1,0.8823529411764706,0.4378258860396105,0.9511828026266897
category,ill_conditioned,34,18,15,2,1,0.8823529411764706,0.4378258860396105,0.9153824574420226
category,ill_conditioned,35,18,15,2,1,0.8823529411764706,0.4378258860396105,0.8832458136603479
category,ill_conditioned,36,18,15,2,1,0.8823529411764706,0.4107320150286302,0.8832458136603479
category,ill_conditioned,37,18,15,2,1,0.8823529411764706,0.4107320150286302,0.8832458136603479
category,ill_conditioned,38,18,14,3,1,0.8235294117647058,0.4107320150286302,0.8832458136603479
category,ill_conditioned,39,18,14,3,1,0.8235294117647058,0.4107320150286302,0.8832288416000053
category,ill_conditioned,40,18,14,3,1,0.8235294117647058,0.4107320150286302,0.8832288416000053
category,ill_conditioned,41,18,14,4,0,0.7777777777777778,0.4107320150286302,0.836300542838093
category,ill_conditioned,42,18,14,4,0,0.7777777777777778,0.4107320150286302,0.836300542838093
category,ill_conditioned,43,18,15,3,0,0.8333333333333334,0.4107320150286302,0.7616287185993572
category,ill_conditioned,44,18,15,3,0,0.8333333333333334,0.4107320150286302,0.7616287185993572
category,ill_conditioned,45,18,15,3,0,0.8333333333333334,0.4107320150286302,0.7616287185993572
category,ill_conditioned,46,18,15,3,0,0.8333333333333334,0.3019009122044619,0.7616287185993572
category,ill_conditioned,47,18,15,3,0,0.8333333333333334,0.3019009122044619,0.7616287185993572
category,ill_conditioned,48,18,16,2,0,0.8888888888888888,0.3019009122044619,0.7616287185993572
category,ill_conditioned,49,18,16,2,0,0.8888888888888888,0.3019009122044619,0.7455815296573192
category,ill_conditioned,50,18,16,2,0,0.8888888888888888,0.3019009122044619,0.7455815296573192
category,ill_conditioned,51,18,16,2,0,0.8888888888888888,0.3019009122044619,0.7455815296573192
category,ill_conditioned,52,18,16,2,0,0.8888888888888888,0.3019009122044619,0.7455815296573192
category,ill_conditioned,53,18,17,1,0,0.9444444444444444,0.3019009122044619,0.7455815296573192
category,ill_conditioned,54,18,17,1,0,0.9444444444444444,0.3019009122044619,0.7455815296573192
category,ill_conditioned,55,18,17,1,0,0.9444444444444444,0.3019009122044619,0.7455815296573192
category,ill_conditioned,56,18,17,1,0,0.9444444444444444,0.28274905459329697,0.7455815296573192
category,ill_conditioned,57,18,17,1,0,0.9444444444444444,0.28274905459329697,0.7455815296573192
category,ill_conditioned,58,18,17,1,0,0.9444444444444444,0.2034333123799415,0.7453771122350361
category,ill_conditioned,59,18,17,1,0,0.9444444444444444,0.11154001264862688,0.7453771122350361
category,ill_conditioned,60,18,17,1,0,0.9444444444444444,0.11154001264862688,0.7453771122350361
category,ill_conditioned,61,18,18,0,0,1.0,0.11154001264862688,0.7453771122350361
category,ill_conditioned,62,18,18,0,0,1.0,0.11154001264862688,0.7453771122350361
category,ill_conditioned,63,18,18,0,0,1.0,0.11154001264862688,0.7453771122350361
category,ill_conditioned,64,18,18,0,0,1.0,0.09197150474272864,0.7453771122350361
category,ill_conditioned,65,18,18,0,0,1.0,0.09197150474272864,0.7453771122350361
category,ill_conditioned,66,18,18,0,0,1.0,0.09197150474272864,0.7453771122350361
category,ill_conditioned,67,18,18,0,0,1.0,0.09197150474272864,0.7453771122350361
category,ill_conditioned,68,18,18,0,0,1.0,0.09197150474272864,0.7132106422852631
category,ill_conditioned,69,18,18,0,0,1.0,0.06106536630308786,0.7132106422852631
category,ill_conditioned,70,18,18,0,0,1.0,0.06106536630308786,0.7132106422852631
category,ill_conditioned,71,18,18,0,0,1.0,0.06106536630308786,0.7132106422852631
category,ill_conditioned,72,18,18,0,0,1.0,0.06106536630308786,0.7132106422852631
category,ill_conditioned,73,18,18,0,0,1.0,0.06106536630308786,0.7132106422852631
category,ill_conditioned,74,18,18,0,0,1.0,0.06106536630308786,0.6933676762871337
category,ill_conditioned,75,18,18,0,0,1.0,0.06106536630308786,0.6933676762871337
category,ill_conditioned,76,18,18,0,0,1.0,0.049786165178506106,0.6572957865999314
category,ill_conditioned,77,18,18,0,0,1.0,0.049786165178506106,0.6572957865999314
category,ill_conditioned,78,18,18,0,0,1.0,0.04756707448955362,0.6572957865999314
category,ill_conditioned,79,18,18,0,0,1.0,0.04756707448955362,0.6572957865999314
category,ill_conditioned,80,18,18,0,0,1.0,0.04756707448955362,0.6572957865999314
category,ill_conditioned,81,18,18,0,0,1.0,0.041217140060029016,0.59779066332739
category,ill_conditioned,82,18,18,0,0,1.0,0.041217140060029016,0.59779066332739
category,ill_conditioned,83,18,18,0,0,1.0,0.03749954659187621,0.5421867200859153
category,ill_conditioned,84,18,18,0,0,1.0,0.03749954659187621,0.5421867200859153
category,ill_conditioned,85,18,18,0,0,1.0,0.03749954659187621,0.5358068751995344
category,ill_conditioned,86,18,18,0,0,1.0,0.035579131869559785,0.5358068751995344
category,ill_conditioned,87,18,18,0,0,1.0,0.035579131869559785,0.5358068751995344
category,ill_conditioned,88,18,18,0,0,1.0,0.035579131869559785,0.5358068751995344
category,ill_conditioned,89,18,18,0,0,1.0,0.035579131869559785,0.5358068751995344
category,ill_conditioned,90,18,18,0,0,1.0,0.027927586152219828,0.5358068751995344
category,ill_conditioned,91,18,18,0,0,1.0,0.027927586152219828,0.5358068751995344
category,ill_conditioned,92,18,18,0,0,1.0,0.027927586152219828,0.5358068751995344
category,ill_conditioned,93,18,18,0,0,1.0,0.02241879526565528,0.5358068751995344
category,ill_conditioned,94,18,18,0,0,1.0,0.02241879526565528,0.5190952615788206
category,ill_conditioned,95,18,18,0,0,1.0,0.02241879526565528,0.5190952615788206
category,ill_conditioned,96,18,18,0,0,1.0,0.02241879526565528,0.4795988060812415
category,ill_conditioned,97,18,18,0,0,1.0,0.019604076829730234,0.4795988060812415
category,ill_conditioned,98,18,18,0,0,1.0,0.019604076829730234,0.4795988060812415
category,ill_conditioned,99,18,18,0,0,1.0,0.016485263784064303,0.4795988060812415
category,ill_conditioned,100,18,18,0,0,1.0,0.016485263784064303,0.4795988060812415
category,ill_conditioned,101,18,18,0,0,1.0,0.015132419948215608,0.4795988060812415
category,ill_conditioned,102,18,18,0,0,1.0,0.015132419948215608,0.4795988060812415
category,ill_conditioned,103,18,18,0,0,1.0,0.013863341860591724,0.4795988060812415
category,ill_conditioned,104,18,18,0,0,1.0,0.012401149612979145,0.4795988060812415
category,ill_conditioned,105,18,18,0,0,1.0,0.01119949002737713,0.4795988060812415
category,ill_conditioned,106,18,18,0,0,1.0,0.01119949002737713,0.4795988060812415
category,ill_conditioned,107,18,18,0,0,1.0,0.01119949002737713,0.4795988060812415
category,ill_conditioned,108,18,18,0,0,1.0,0.01119949002737713,0.4795988060812415
category,ill_conditioned,109,18,18,0,0,1.0,0.01119949002737713,0.4795988060812415
category,ill_conditioned,110,18,18,0,0,1.0,0.01119949002737713,0.4795988060812415
category,ill_conditioned,111,18,18,0,0,1.0,0.01119949002737713,0.4795988060812415
category,ill_conditioned,112,18,18,0,0,1.0,0.011146831669380762,0.4795988060812415
category,ill_conditioned,113,18,18,0,0,1.0,0.011146831669380762,0.4795988060812415
category,ill_conditioned,114,18,18,0,0,1.0,0.010546044510605436,0.4403527809478897
category,ill_conditioned,115,18,18,0,0,1.0,0.009511984533306695,0.4403527809478897
category,ill_conditioned,116,18,18,0,0,1.0,0.005643953700872494,0.4403527809478897
category,ill_conditioned,117,18,18,0,0,1.0,0.005643953700872494,0.4403527809478897
category,ill_conditioned,118,18,18,0,0,1.0,0.005643953700872494,0.4403527809478897
category,ill_conditioned,119,18,18,0,0,1.0,0.005643953700872494,0.4403527809478897
category,ill_conditioned,120,18,18,0,0,1.0,0.005643953700872494,0.4403527809478897
category,ill_conditioned_rotated,1,15,0,0,15,0.5,7.089560738480871,7.089560738480871
category,ill_conditioned_rotated,2,15,0,0,15,0.5,7.089560738480871,7.089560738480871
category,ill_conditioned_rotated,3,15,0,0,15,0.5,7.089560738480871,7.089560738480871
category,ill_conditioned_rotated,4,15,0,0,15,0.5,6.199988314390389,6.199988314390389
category,ill_conditioned_rotated,5,15,0,0,15,0.5,1.6622048465946133,1.6622048465946133
category,ill_conditioned_rotated,6,15,0,0,15,0.5,1.6622048465946133,1.6622048465946133
category,ill_conditioned_rotated,7,15,0,0,15,0.5,1.3429868978649804,1.3429868978649804
category,ill_conditioned_rotated,8,15,0,0,15,0.5,1.3429868978649804,1.3429868978649804
category,ill_conditioned_rotated,9,15,0,0,15,0.5,1.0,1.0
category,ill_conditioned_rotated,10,15,0,0,15,0.5,1.0,1.0
category,ill_conditioned_rotated,11,15,0,0,15,0.5,1.0,1.0
category,ill_conditioned_rotated,12,15,0,0,15,0.5,1.0,1.0
category,ill_conditioned_rotated,13,15,0,0,15,0.5,1.0,1.0
category,ill_conditioned_rotated,14,15,0,0,15,0.5,1.0,1.0
category,ill_conditioned_rotated,15,15,0,0,15,0.5,1.0,1.0
category,ill_conditioned_rotated,16,15,0,0,15,0.5,1.0,1.0
category,ill_conditioned_rotated,17,15,0,0,15,0.5,1.0,1.0
category,ill_conditioned_rotated,18,15,0,0,15,0.5,1.0,1.0
category,ill_conditioned_rotated,19,15,0,0,15,0.5,1.0,1.0
category,ill_conditioned_rotated,20,15,0,0,15,0.5,1.0,1.0
category,ill_conditioned_rotated,21,15,1,1,13,0.5,1.0,1.0
category,ill_conditioned_rotated,22,15,3,2,10,0.6,1.0,1.0
category,ill_conditioned_rotated,23,15,4,1,10,0.8,1.0,1.0
category,ill_conditioned_rotated,24,15,5,1,9,0.8333333333333334,1.0,1.0
category,ill_conditioned_rotated,25,15,7,1,7,0.875,0.9984492171054152,1.0
category,ill_conditioned_rotated,26,15,7,2,6,0.7777777777777778,0.9984492171054152,1.0
category,ill_conditioned_rotated,27,15,7,2,6,0.7777777777777778,0.9984492171054152,1.0
category,ill_conditioned_rotated,28,15,7,2,6,0.7777777777777778,0.9984492171054152,1.0
category,ill_conditioned_rotated,29,15,8,3,4,0.7272727272727273,0.8807499186704886,1.0
category,ill_conditioned_rotated,30,15,8,3,4,0.7272727272727273,0.8807499186704886,1.0
category,ill_conditioned_rotated,31,15,8,3,4,0.7272727272727273,0.8807499186704886,1.0
category,ill_conditioned_rotated,32,15,8,3,4,0.7272727272727273,0.8807499186704886,1.0
category,ill_conditioned_rotated,33,15,7,4,4,0.6363636363636364,0.8807499186704886,1.0
category,ill_conditioned_rotated,34,15,7,4,4,0.6363636363636364,0.8807499186704886,1.0
category,ill_conditioned_rotated,35,15,7,4,4,0.6363636363636364,0.8807499186704886,1.0
category,ill_conditioned_rotated,36,15,8,3,4,0.7272727272727273,0.742529824656092,0.958716296364235
category,ill_conditioned_rotated,37,15,8,3,4,0.7272727272727273,0.7124245682616709,0.958716296364235
category,ill_conditioned_rotated,38,15,8,3,4,0.7272727272727273,0.7124245682616709,0.958716296364235
category,ill_conditioned_rotated,39,15,9,2,4,0.8181818181818182,0.5694226033656811,0.958716296364235
category,ill_conditioned_rotated,40,15,8,3,4,0.7272727272727273,0.5694226033656811,0.958716296364235
category,ill_conditioned_rotated,41,15,7,5,3,0.5833333333333334,0.5694226033656811,0.9397757988062093
category,ill_conditioned_rotated,42,15,8,4,3,0.6666666666666666,0.5694226033656811,0.9397757988062093
category,ill_conditioned_rotated,43,15,8,4,3,0.6666666666666666,0.5694226033656811,0.9397757988062093
category,ill_conditioned_rotated,44,15,8,4,3,0.6666666666666666,0.47892634686226293,0.9397757988062093
category,ill_conditioned_rotated,45,15,7,5,3,0.5833333333333334,0.47892634686226293,0.9397757988062093
category,ill_conditioned_rotated,46,15,7,5,3,0.5833333333333334,0.47892634686226293,0.9397757988062093
category,ill_conditioned_rotated,47,15,7,5,3,0.5833333333333334,0.47892634686226293,0.7974447285699616
category,ill_conditioned_rotated,48,15,7,5,3,0.5833333333333334,0.47892634686226293,0.7974447285699616
category,ill_conditioned_rotated,49,15,8,4,3,0.6666666666666666,0.47513550063063265,0.7974447285699616
category,ill_conditioned_rotated,50,15,8,4,3,0.6666666666666666,0.4723412136847839,0.7974447285699616
category,ill_conditioned_rotated,51,15,7,5,3,0.5833333333333334,0.4723412136847839,0.7220818800389779
category,ill_conditioned_rotated,52,15,6,6,3,0.5,0.4723412136847839,0.7220818800389779
category,ill_conditioned_rotated,53,15,6,6,3,0.5,0.4723412136847839,0.7220818800389779
category,ill_conditioned_rotated,54,15,6,7,2,0.46153846153846156,0.4723412136847839,0.6034540518935897
category,ill_conditioned_rotated,55,15,6,7,2,0.46153846153846156,0.4723412136847839,0.4667183037830815
category,ill_conditioned_rotated,56,15,6,7,2,0.46153846153846156,0.4723412136847839,0.4667183037830815
category,ill_conditioned_rotated,57,15,6,7,2,0.46153846153846156,0.4723412136847839,0.4667183037830815
category,ill_conditioned_rotated,58,15,6,7,2,0.46153846153846156,0.4613265757813398,0.4667183037830815
category,ill_conditioned_rotated,59,15,5,8,2,0.38461538461538464,0.4613265757813398,0.4667183037830815
category,ill_conditioned_rotated,60,15,5,8,2,0.38461538461538464,0.33692481676848407,0.4667183037830815
category,ill_conditioned_rotated,61,15,5,8,2,0.38461538461538464,0.33692481676848407,0.4667183037830815
category,ill_conditioned_rotated,62,15,5,8,2,0.38461538461538464,0.33692481676848407,0.4667183037830815
category,ill_conditioned_rotated,63,15,5,8,2,0.38461538461538464,0.33692481676848407,0.4667183037830815
category,ill_conditioned_rotated,64,15,5,8,2,0.38461538461538464,0.33692481676848407,0.4667183037830815
category,ill_conditioned_rotated,65,15,4,9,2,0.3076923076923077,0.33692481676848407,0.4267366107693274
category,ill_conditioned_rotated,66,15,4,9,2,0.3076923076923077,0.33692481676848407,0.4267366107693274
category,ill_conditioned_rotated,67,15,4,9,2,0.3076923076923077,0.33692481676848407,0.4267366107693274
category,ill_conditioned_rotated,68,15,4,9,2,0.3076923076923077,0.33692481676848407,0.4267366107693274
category,ill_conditioned_rotated,69,15,4,9,2,0.3076923076923077,0.33692481676848407,0.4267366107693274
category,ill_conditioned_rotated,70,15,4,9,2,0.3076923076923077,0.33692481676848407,0.3239709911519046
category,ill_conditioned_rotated,71,15,4,9,2,0.3076923076923077,0.33692481676848407,0.3239709911519046
category,ill_conditioned_rotated,72,15,4,9,2,0.3076923076923077,0.33692481676848407,0.3239709911519046
category,ill_conditioned_rotated,73,15,4,9,2,0.3076923076923077,0.33692481676848407,0.3239709911519046
category,ill_conditioned_rotated,74,15,4,9,2,0.3076923076923077,0.33692481676848407,0.3239709911519046
category,ill_conditioned_rotated,75,15,5,8,2,0.38461538461538464,0.3108271838527111,0.3239709911519046
category,ill_conditioned_rotated,76,15,5,8,2,0.38461538461538464,0.3108271838527111,0.3239709911519046
category,ill_conditioned_rotated,77,15,5,8,2,0.38461538461538464,0.3108271838527111,0.3239709911519046
category,ill_conditioned_rotated,78,15,4,9,2,0.3076923076923077,0.3108271838527111,0.3239709911519046
category,ill_conditioned_rotated,79,15,4,9,2,0.3076923076923077,0.3108271838527111,0.3239709911519046
category,ill_conditioned_rotated,80,15,5,9,1,0.35714285714285715,0.3108271838527111,0.3239709911519046
category,ill_conditioned_rotated,81,15,5,9,1,0.35714285714285715,0.3108271838527111,0.3239709911519046
category,ill_conditioned_rotated,82,15,5,9,1,0.35714285714285715,0.3108271838527111,0.3239709911519046
category,ill_conditioned_rotated,83,15,5,9,1,0.35714285714285715,0.3108271838527111,0.321359861469403
category,ill_conditioned_rotated,84,15,5,10,0,0.3333333333333333,0.3108271838527111,0.321359861469403
category,ill_conditioned_rotated,85,15,5,10,0,0.3333333333333333,0.3108271838527111,0.321359861469403
category,ill_conditioned_rotated,86,15,5,10,0,0.3333333333333333,0.3108271838527111,0.321359861469403
category,ill_conditioned_rotated,87,15,5,10,0,0.3333333333333333,0.3108271838527111,0.321359861469403
category,ill_conditioned_rotated,88,15,5,10,0,0.3333333333333333,0.3108271838527111,0.321359861469403
category,ill_conditioned_rotated,89,15,5,10,0,0.3333333333333333,0.3108271838527111,0.321359861469403
category,ill_conditioned_rotated,90,15,5,10,0,0.3333333333333333,0.3108271838527111,0.321359861469403
category,ill_conditioned_rotated,91,15,5,10,0,0.3333333333333333,0.3108271838527111,0.321359861469403
category,ill_conditioned_rotated,92,15,4,11,0,0.26666666666666666,0.3108271838527111,0.321359861469403
category,ill_conditioned_rotated,93,15,4,11,0,0.26666666666666666,0.3108271838527111,0.321359861469403
category,ill_conditioned_rotated,94,15,4,11,0,0.26666666666666666,0.3108271838527111,0.321359861469403
category,ill_conditioned_rotated,95,15,4,11,0,0.26666666666666666,0.3108271838527111,0.321359861469403
category,ill_conditioned_rotated,96,15,4,11,0,0.26666666666666666,0.3108271838527111,0.321359861469403
category,ill_conditioned_rotated,97,15,4,11,0,0.26666666666666666,0.302093362676164,0.321359861469403
category,ill_conditioned_rotated,98,15,4,11,0,0.26666666666666666,0.302093362676164,0.26037910386798563
category,ill_conditioned_rotated,99,15,4,11,0,0.26666666666666666,0.302093362676164,0.26037910386798563
category,ill_conditioned_rotated,100,15,4,11,0,0.26666666666666666,0.302093362676164,0.26037910386798563
category,ill_conditioned_rotated,101,15,4,11,0,0.26666666666666666,0.302093362676164,0.26037910386798563
category,ill_conditioned_rotated,102,15,4,11,0,0.26666666666666666,0.302093362676164,0.26037910386798563
category,ill_conditioned_rotated,103,15,4,11,0,0.26666666666666666,0.302093362676164,0.26037910386798563
category,ill_conditioned_rotated,104,15,4,11,0,0.26666666666666666,0.302093362676164,0.2498800591690692
category,ill_conditioned_rotated,105,15,4,11,0,0.26666666666666666,0.302093362676164,0.2445299136886328
category,ill_conditioned_rotated,106,15,4,11,0,0.26666666666666666,0.23860961406477313,0.2445299136886328
category,ill_conditioned_rotated,107,15,4,11,0,0.26666666666666666,0.23860961406477313,0.2285439956345113
category,ill_conditioned_rotated,108,15,4,11,0,0.26666666666666666,0.23860961406477313,0.2285439956345113
category,ill_conditioned_rotated,109,15,4,11,0,0.26666666666666666,0.23860961406477313,0.2285439956345113
category,ill_conditioned_rotated,110,15,4,11,0,0.26666666666666666,0.23860961406477313,0.2285439956345113
category,ill_conditioned_rotated,111,15,4,11,0,0.26666666666666666,0.23860961406477313,0.2285439956345113
category,ill_conditioned_rotated,112,15,4,11,0,0.26666666666666666,0.23860961406477313,0.2285439956345113
category,ill_conditioned_rotated,113,15,4,11,0,0.26666666666666666,0.23860961406477313,0.2285439956345113
category,ill_conditioned_rotated,114,15,4,11,0,0.26666666666666666,0.23860961406477313,0.2285439956345113
category,ill_conditioned_rotated,115,15,4,11,0,0.26666666666666666,0.23860961406477313,0.2285439956345113
category,ill_conditioned_rotated,116,15,4,11,0,0.26666666666666666,0.23860961406477313,0.2285439956345113
category,ill_conditioned_rotated,117,15,4,11,0,0.26666666666666666,0.2155413962844044,0.2285439956345113
category,ill_conditioned_rotated,118,15,4,11,0,0.26666666666666666,0.2155413962844044,0.2285439956345113
category,ill_conditioned_rotated,119,15,4,11,0,0.26666666666666666,0.2155413962844044,0.2285439956345113
category,ill_conditioned_rotated,120,15,4,11,0,0.26666666666666666,0.2155413962844044,0.199740487528785
category,multimodal,1,51,0,0,51,0.5,1.269605884830928,1.269605884830928
category,multimodal,2,51,0,0,51,0.5,1.1467608382798973,1.1467608382798973
category,multimodal,3,51,0,0,51,0.5,1.1173665651391704,1.1173665651391704
category,multimodal,4,51,0,0,51,0.5,1.0632636642176143,1.0632636642176143
category,multimodal,5,51,0,0,51,0.5,1.0246849254129313,1.0246849254129313
category,multimodal,6,51,0,0,51,0.5,1.0211777217353608,1.0211777217353608
category,multimodal,7,51,0,0,51,0.5,1.0085889915164477,1.0085889915164477
category,multimodal,8,51,0,0,51,0.5,1.0057367017038847,1.0057367017038847
category,multimodal,9,51,0,0,51,0.5,1.000370770749314,1.000370770749314
category,multimodal,10,51,0,0,51,0.5,1.0,1.0
category,multimodal,11,51,0,0,51,0.5,1.0,1.0
category,multimodal,12,51,0,0,51,0.5,1.0,1.0
category,multimodal,13,51,0,0,51,0.5,1.0,1.0
category,multimodal,14,51,0,0,51,0.5,1.0,1.0
category,multimodal,15,51,0,0,51,0.5,1.0,1.0
category,multimodal,16,51,0,0,51,0.5,1.0,1.0
category,multimodal,17,51,0,0,51,0.5,1.0,1.0
category,multimodal,18,51,0,0,51,0.5,1.0,1.0
category,multimodal,19,51,0,0,51,0.5,1.0,1.0
category,multimodal,20,51,0,0,51,0.5,1.0,1.0
category,multimodal,21,51,14,6,31,0.7,1.0,1.0
category,multimodal,22,51,19,7,25,0.7307692307692307,1.0,1.0
category,multimodal,23,51,21,8,22,0.7241379310344828,1.0,1.0
category,multimodal,24,51,24,8,19,0.75,0.9960479666994566,1.0
category,multimodal,25,51,27,7,17,0.7941176470588235,0.9801155046931967,1.0
category,multimodal,26,51,27,11,13,0.7105263157894737,0.9673659861907826,1.0
category,multimodal,27,51,28,12,11,0.7,0.946485045652931,0.9970621127683711
category,multimodal,28,51,28,12,11,0.7,0.946485045652931,0.9970621127683711
category,multimodal,29,51,28,13,10,0.6829268292682927,0.7679072830169231,0.992501757838586
category,multimodal,30,51,29,12,10,0.7073170731707317,0.760675245666172,0.9916817455847502
category,multimodal,31,51,30,11,10,0.7317073170731707,0.760675245666172,0.9916817455847502
category,multimodal,32,51,30,12,9,0.7142857142857143,0.760675245666172,0.9897317374979747
category,multimodal,33,51,31,11,9,0.7380952380952381,0.7120069122691957,0.9897317374979747
category,multimodal,34,51,32,12,7,0.7272727272727273,0.7120069122691957,0.9758853312423115
category,multimodal,35,51,32,12,7,0.7272727272727273,0.7120069122691957,0.9671193553428667
category,multimodal,36,51,32,12,7,0.7272727272727273,0.7120069122691957,0.9671193553428667
category,multimodal,37,51,32,12,7,0.7272727272727273,0.7120069122691957,0.9671193553428667
category,multimodal,38,51,34,11,6,0.7555555555555555,0.7062578819627053,0.9638658849304683
category,multimodal,39,51,35,10,6,0.7777777777777778,0.7062578819627053,0.9638658849304683
category,multimodal,40,51,35,10,6,0.7777777777777778,0.7062578819627053,0.9638658849304683
category,multimodal,41,51,35,10,6,0.7777777777777778,0.7062578819627053,0.9638658849304683
category,multimodal,42,51,36,11,4,0.7659574468085106,0.6933611913568938,0.9000451611966485
category,multimodal,43,51,37,11,3,0.7708333333333334,0.6933611913568938,0.9000451611966485
category,multimodal,44,51,38,10,3,0.7916666666666666,0.6933611913568938,0.897565134608179
category,multimodal,45,51,37,11,3,0.7708333333333334,0.6731926227792626,0.8910004432004285
category,multimodal,46,51,37,11,3,0.7708333333333334,0.6423982036042934,0.8910004432004285
category,multimodal,47,51,38,10,3,0.7916666666666666,0.6333116085789232,0.8910004432004285
category,multimodal,48,51,38,10,3,0.7916666666666666,0.6333116085789232,0.8910004432004285
category,multimodal,49,51,38,10,3,0.7916666666666666,0.6333116085789232,0.8910004432004285
category,multimodal,50,51,37,11,3,0.7708333333333334,0.6333116085789232,0.8910004432004285
category,multimodal,51,51,36,14,1,0.72,0.6126527371928868,0.8855183353577764
category,multimodal,52,51,36,14,1,0.72,0.6033113221308585,0.8622118372927396
category,multimodal,53,51,37,14,0,0.7254901960784313,0.5955764787895366,0.8622118372927396
category,multimodal,54,51,37,14,0,0.7254901960784313,0.5785162185889299,0.8622118372927396
category,multimodal,55,51,38,13,0,0.7450980392156863,0.5548463554742838,0.8622118372927396
category,multimodal,56,51,39,12,0,0.7647058823529411,0.5523354515787208,0.8622118372927396
category,multimodal,57,51,39,12,0,0.7647058823529411,0.5523354515787208,0.8445637693656821
category,multimodal,58,51,39,12,0,0.7647058823529411,0.551178886024891,0.8445637693656821
category,multimodal,59,51,39,12,0,0.7647058823529411,0.551178886024891,0.8445637693656821
category,multimodal,60,51,39,12,0,0.7647058823529411,0.5331833295515291,0.8441651670366159
category,multimodal,61,51,40,11,0,0.7843137254901961,0.5185449360599406,0.8410048486559123
category,multimodal,62,51,40,11,0,0.7843137254901961,0.5185449360599406,0.8410048486559123
category,multimodal,63,51,40,11,0,0.7843137254901961,0.5097206431398841,0.8410048486559123
category,multimodal,64,51,40,11,0,0.7843137254901961,0.5097206431398841,0.7835511936788296
category,multimodal,65,51,39,12,0,0.7647058823529411,0.5023392181019157,0.7835511936788296
category,multimodal,66,51,40,11,0,0.7843137254901961,0.4161793834349867,0.7835511936788296
category,multimodal,67,51,40,11,0,0.7843137254901961,0.4161793834349867,0.7816115099065362
category,multimodal,68,51,40,11,0,0.7843137254901961,0.367136286831355,0.7669680608538227
category,multimodal,69,51,40,11,0,0.7843137254901961,0.367136286831355,0.750695390787376
category,multimodal,70,51,40,11,0,0.7843137254901961,0.367136286831355,0.7390841436908016
category,multimodal,71,51,41,10,0,0.803921568627451,0.367136286831355,0.7145285699156476
category,multimodal,72,51,40,11,0,0.7843137254901961,0.367136286831355,0.7145285699156476
category,multimodal,73,51,39,12,0,0.7647058823529411,0.367136286831355,0.7145285699156476
category,multimodal,74,51,39,12,0,0.7647058823529411,0.367136286831355,0.7145285699156476
category,multimodal,75,51,39,12,0,0.7647058823529411,0.367136286831355,0.7145285699156476
category,multimodal,76,51,39,12,0,0.7647058823529411,0.367136286831355,0.6950059130345605
category,multimodal,77,51,39,12,0,0.7647058823529411,0.367136286831355,0.6950059130345605
category,multimodal,78,51,39,12,0,0.7647058823529411,0.367136286831355,0.6950059130345605
category,multimodal,79,51,39,12,0,0.7647058823529411,0.3510002397676065,0.6950059130345605
category,multimodal,80,51,38,13,0,0.7450980392156863,0.34947830699124427,0.6950059130345605
category,multimodal,81,51,38,13,0,0.7450980392156863,0.32961284542904984,0.6856027699847976
category,multimodal,82,51,38,13,0,0.7450980392156863,0.32961284542904984,0.6856027699847976
category,multimodal,83,51,37,14,0,0.7254901960784313,0.32961284542904984,0.6856027699847976
category,multimodal,84,51,37,14,0,0.7254901960784313,0.32961284542904984,0.6856027699847976
category,multimodal,85,51,37,14,0,0.7254901960784313,0.32961284542904984,0.6856027699847976
category,multimodal,86,51,37,14,0,0.7254901960784313,0.29777914901238883,0.6469558334703158
category,multimodal,87,51,36,15,0,0.7058823529411765,0.29777914901238883,0.6468358124635587
category,multimodal,88,51,37,14,0,0.7254901960784313,0.29777914901238883,0.6468358124635587
category,multimodal,89,51,37,14,0,0.7254901960784313,0.29777914901238883,0.6468358124635587
category,multimodal,90,51,37,14,0,0.7254901960784313,0.29777914901238883,0.6468358124635587
category,multimodal,91,51,38,13,0,0.7450980392156863,0.29777914901238883,0.6468358124635587
category,multimodal,92,51,39,12,0,0.7647058823529411,0.22137179783593575,0.6468358124635587
category,multimodal,93,51,39,12,0,0.7647058823529411,0.22137179783593575,0.6468358124635587
category,multimodal,94,51,39,12,0,0.7647058823529411,0.22137179783593575,0.6468358124635587
category,multimodal,95,51,39,12,0,0.7647058823529411,0.22137179783593575,0.6468358124635587
category,multimodal,96,51,39,12,0,0.7647058823529411,0.21382937756617698,0.6468358124635587
category,multimodal,97,51,39,12,0,0.7647058823529411,0.21382937756617698,0.5837420688098792
category,multimodal,98,51,39,12,0,0.7647058823529411,0.21382937756617698,0.5837420688098792
category,multimodal,99,51,39,12,0,0.7647058823529411,0.21382937756617698,0.5837420688098792
category,multimodal,100,51,39,12,0,0.7647058823529411,0.21382937756617698,0.5837420688098792
category,multimodal,101,51,38,13,0,0.7450980392156863,0.21382937756617698,0.5785263802852125
category,multimodal,102,51,38,13,0,0.7450980392156863,0.21382937756617698,0.5785263802852125
category,multimodal,103,51,39,12,0,0.7647058823529411,0.20363090854548418,0.5785263802852125
category,multimodal,104,51,39,12,0,0.7647058823529411,0.20363090854548418,0.5785263802852125
category,multimodal,105,51,39,12,0,0.7647058823529411,0.20363090854548418,0.5785263802852125
category,multimodal,106,51,39,12,0,0.7647058823529411,0.20363090854548418,0.5785263802852125
category,multimodal,107,51,38,13,0,0.7450980392156863,0.20363090854548418,0.5785263802852125
category,multimodal,108,51,38,13,0,0.7450980392156863,0.19717150797676863,0.5785263802852125
category,multimodal,109,51,38,13,0,0.7450980392156863,0.19717150797676863,0.5785263802852125
category,multimodal,110,51,38,13,0,0.7450980392156863,0.19717150797676863,0.5785263802852125
category,multimodal,111,51,38,13,0,0.7450980392156863,0.19717150797676863,0.5785263802852125
category,multimodal,112,51,38,13,0,0.7450980392156863,0.19717150797676863,0.5785263802852125
category,multimodal,113,51,38,13,0,0.7450980392156863,0.17256675878241967,0.5785263802852125
category,multimodal,114,51,38,13,0,0.7450980392156863,0.17256675878241967,0.5785263802852125
category,multimodal,115,51,38,13,0,0.7450980392156863,0.17256675878241967,0.5785263802852125
category,multimodal,116,51,38,13,0,0.7450980392156863,0.17256675878241967,0.5785263802852125
category,multimodal,117,51,38,13,0,0.7450980392156863,0.17256675878241967,0.5461444448758135
category,multimodal,118,51,38,13,0,0.7450980392156863,0.17256675878241967,0.5461444448758135
category,multimodal,119,51,38,13,0,0.7450980392156863,0.17256675878241967,0.5461444448758135
category,multimodal,120,51,38,13,0,0.7450980392156863,0.17256675878241967,0.5461444448758135
category,multimodal_rotated,1,21,0,0,21,0.5,1.3683616827450769,1.3683616827450769
category,multimodal_rotated,2,21,0,0,21,0.5,1.1546516388036108,1.1546516388036108
category,multimodal_rotated,3,21,0,0,21,0.5,1.08338261951994,1.08338261951994
category,multimodal_rotated,4,21,0,0,21,0.5,1.0263770968378945,1.0263770968378945
category,multimodal_rotated,5,21,0,0,21,0.5,1.0209188048509814,1.0209188048509814
category,multimodal_rotated,6,21,0,0,21,0.5,1.0044350883028028,1.0044350883028028
category,multimodal_rotated,7,21,0,0,21,0.5,1.000924383286013,1.000924383286013
category,multimodal_rotated,8,21,0,0,21,0.5,1.000924383286013,1.000924383286013
category,multimodal_rotated,9,21,0,0,21,0.5,1.0,1.0
category,multimodal_rotated,10,21,0,0,21,0.5,1.0,1.0
category,multimodal_rotated,11,21,0,0,21,0.5,1.0,1.0
category,multimodal_rotated,12,21,0,0,21,0.5,1.0,1.0
category,multimodal_rotated,13,21,0,0,21,0.5,1.0,1.0
category,multimodal_rotated,14,21,0,0,21,0.5,1.0,1.0
category,multimodal_rotated,15,21,0,0,21,0.5,1.0,1.0
category,multimodal_rotated,16,21,0,0,21,0.5,1.0,1.0
category,multimodal_rotated,17,21,0,0,21,0.5,1.0,1.0
category,multimodal_rotated,18,21,0,0,21,0.5,1.0,1.0
category,multimodal_rotated,19,21,0,0,21,0.5,1.0,1.0
category,multimodal_rotated,20,21,0,0,21,0.5,1.0,1.0
category,multimodal_rotated,21,21,9,0,12,1.0,1.0,1.0
category,multimodal_rotated,22,21,9,2,10,0.8181818181818182,1.0,1.0
category,multimodal_rotated,23,21,9,3,9,0.75,1.0,1.0
category,multimodal_rotated,24,21,10,3,8,0.7692307692307693,1.0,1.0
category,multimodal_rotated,25,21,10,4,7,0.7142857142857143,0.9800848138774676,1.0
category,multimodal_rotated,26,21,12,3,6,0.8,0.9688719961472112,1.0
category,multimodal_rotated,27,21,13,4,4,0.7647058823529411,0.889861896356344,1.0
category,multimodal_rotated,28,21,14,4,3,0.7777777777777778,0.8462416124001216,1.0
category,multimodal_rotated,29,21,14,4,3,0.7777777777777778,0.8462416124001216,1.0
category,multimodal_rotated,30,21,14,4,3,0.7777777777777778,0.8462416124001216,1.0
category,multimodal_rotated,31,21,15,4,2,0.7894736842105263,0.797086615742857,1.0
category,multimodal_rotated,32,21,14,5,2,0.7368421052631579,0.797086615742857,0.9952383404286705
category,multimodal_rotated,33,21,15,6,0,0.7142857142857143,0.7961309512926521,0.9952383404286705
category,multimodal_rotated,34,21,15,6,0,0.7142857142857143,0.7939184504913662,0.9952383404286705
category,multimodal_rotated,35,21,16,5,0,0.7619047619047619,0.7780289661929065,0.9952383404286705
category,multimodal_rotated,36,21,16,5,0,0.7619047619047619,0.7780289661929065,0.9946854299655632
category,multimodal_rotated,37,21,16,5,0,0.7619047619047619,0.7780289661929065,0.9821644981973261
category,multimodal_rotated,38,21,16,5,0,0.7619047619047619,0.7780289661929065,0.9821644981973261
category,multimodal_rotated,39,21,16,5,0,0.7619047619047619,0.7665218452217254,0.9821644981973261
category,multimodal_rotated,40,21,16,5,0,0.7619047619047619,0.7665218452217254,0.979685194036285
category,multimodal_rotated,41,21,16,5,0,0.7619047619047619,0.7638485215499656,0.9595613590712334
category,multimodal_rotated,42,21,17,4,0,0.8095238095238095,0.7638485215499656,0.9595613590712334
category,multimodal_rotated,43,21,18,3,0,0.8571428571428571,0.7513799426103073,0.9429319457069373
category,multimodal_rotated,44,21,18,3,0,0.8571428571428571,0.7513799426103073,0.9429319457069373
category,multimodal_rotated,45,21,18,3,0,0.8571428571428571,0.7513799426103073,0.9429319457069373
category,multimodal_rotated,46,21,19,2,0,0.9047619047619048,0.7256347649315097,0.9413740341774
category,multimodal_rotated,47,21,19,2,0,0.9047619047619048,0.7256347649315097,0.9222894186558385
category,multimodal_rotated,48,21,19,2,0,0.9047619047619048,0.7256347649315097,0.9222894186558385
category,multimodal_rotated,49,21,19,2,0,0.9047619047619048,0.7256347649315097,0.9198563934432218
category,multimodal_rotated,50,21,19,2,0,0.9047619047619048,0.7256347649315097,0.9198563934432218
category,multimodal_rotated,51,21,19,2,0,0.9047619047619048,0.7256347649315097,0.9150906671250126
category,multimodal_rotated,52,21,18,3,0,0.8571428571428571,0.7256347649315097,0.9150906671250126
category,multimodal_rotated,53,21,18,3,0,0.8571428571428571,0.7183692970314174,0.8878625657414085
category,multimodal_rotated,54,21,19,2,0,0.9047619047619048,0.7183692970314174,0.8720529672345835
category,multimodal_rotated,55,21,19,2,0,0.9047619047619048,0.6892566618270204,0.868142388814063
category,multimodal_rotated,56,21,19,2,0,0.9047619047619048,0.6892566618270204,0.8622901751459056
category,multimodal_rotated,57,21,20,1,0,0.9523809523809523,0.6878559282038469,0.8622901751459056
category,multimodal_rotated,58,21,19,2,0,0.9047619047619048,0.6878559282038469,0.8622901751459056
category,multimodal_rotated,59,21,19,2,0,0.9047619047619048,0.6878559282038469,0.8622901751459056
category,multimodal_rotated,60,21,19,2,0,0.9047619047619048,0.6878559282038469,0.8622901751459056
category,multimodal_rotated,61,21,19,2,0,0.9047619047619048,0.6878559282038469,0.8622901751459056
category,multimodal_rotated,62,21,19,2,0,0.9047619047619048,0.6878559282038469,0.8467603990701178
category,multimodal_rotated,63,21,19,2,0,0.9047619047619048,0.6731611626759437,0.8467603990701178
category,multimodal_rotated,64,21,19,2,0,0.9047619047619048,0.6731611626759437,0.8450759159079076
category,multimodal_rotated,65,21,19,2,0,0.9047619047619048,0.6731611626759437,0.8433749059718822
category,multimodal_rotated,66,21,19,2,0,0.9047619047619048,0.6731611626759437,0.8433749059718822
category,multimodal_rotated,67,21,19,2,0,0.9047619047619048,0.6666933187383702,0.8433749059718822
category,multimodal_rotated,68,21,18,3,0,0.8571428571428571,0.6666933187383702,0.8382865096618505
category,multimodal_rotated,69,21,18,3,0,0.8571428571428571,0.6666933187383702,0.8382865096618505
category,multimodal_rotated,70,21,17,4,0,0.8095238095238095,0.6666933187383702,0.8381168306059031
category,multimodal_rotated,71,21,17,4,0,0.8095238095238095,0.6422824697523384,0.8381168306059031
category,multimodal_rotated,72,21,17,4,0,0.8095238095238095,0.6422824697523384,0.8381168306059031
category,multimodal_rotated,73,21,17,4,0,0.8095238095238095,0.6422824697523384,0.832154436935589
category,multimodal_rotated,74,21,17,4,0,0.8095238095238095,0.6422824697523384,0.832154436935589
category,multimodal_rotated,75,21,17,4,0,0.8095238095238095,0.6422824697523384,0.832154436935589
category,multimodal_rotated,76,21,17,4,0,0.8095238095238095,0.6422824697523384,0.8167801138871118
category,multimodal_rotated,77,21,17,4,0,0.8095238095238095,0.6422824697523384,0.8167801138871118
category,multimodal_rotated,78,21,17,4,0,0.8095238095238095,0.6422824697523384,0.8167801138871118
category,multimodal_rotated,79,21,17,4,0,0.8095238095238095,0.6347852656325538,0.8167801138871118
category,multimodal_rotated,80,21,17,4,0,0.8095238095238095,0.6347852656325538,0.8158769274280823
category,multimodal_rotated,81,21,17,4,0,0.8095238095238095,0.6347852656325538,0.8158769274280823
category,multimodal_rotated,82,21,17,4,0,0.8095238095238095,0.6290709237335478,0.7898453971576357
category,multimodal_rotated,83,21,17,4,0,0.8095238095238095,0.6290709237335478,0.7898453971576357
category,multimodal_rotated,84,21,17,4,0,0.8095238095238095,0.6187019460369881,0.7898453971576357
category,multimodal_rotated,85,21,17,4,0,0.8095238095238095,0.6187019460369881,0.7770966653671898
category,multimodal_rotated,86,21,17,4,0,0.8095238095238095,0.6187019460369881,0.7770966653671898
category,multimodal_rotated,87,21,17,4,0,0.8095238095238095,0.6187019460369881,0.7770966653671898
category,multimodal_rotated,88,21,17,4,0,0.8095238095238095,0.6187019460369881,0.7626185033434835
category,multimodal_rotated,89,21,17,4,0,0.8095238095238095,0.5929392313287533,0.7626185033434835
category,multimodal_rotated,90,21,17,4,0,0.8095238095238095,0.5711369711109376,0.7626185033434835
category,multimodal_rotated,91,21,17,4,0,0.8095238095238095,0.5711369711109376,0.7626185033434835
category,multimodal_rotated,92,21,17,4,0,0.8095238095238095,0.5711369711109376,0.7626185033434835
category,multimodal_rotated,93,21,17,4,0,0.8095238095238095,0.5711369711109376,0.7626185033434835
category,multimodal_rotated,94,21,17,4,0,0.8095238095238095,0.5711369711109376,0.7626185033434835
category,multimodal_rotated,95,21,17,4,0,0.8095238095238095,0.5711369711109376,0.7617317805558529
category,multimodal_rotated,96,21,17,4,0,0.8095238095238095,0.5711369711109376,0.7617317805558529
category,multimodal_rotated,97,21,17,4,0,0.8095238095238095,0.5711369711109376,0.7617317805558529
category,multimodal_rotated,98,21,17,4,0,0.8095238095238095,0.5711369711109376,0.7617317805558529
category,multimodal_rotated,99,21,18,3,0,0.8571428571428571,0.5711369711109376,0.7617317805558529
category,multimodal_rotated,100,21,18,3,0,0.8571428571428571,0.5711369711109376,0.7569179220037262
category,multimodal_rotated,101,21,18,3,0,0.8571428571428571,0.5711369711109376,0.7512705318230039
category,multimodal_rotated,102,21,18,3,0,0.8571428571428571,0.5519212580844318,0.7512705318230039
category,multimodal_rotated,103,21,18,3,0,0.8571428571428571,0.5519212580844318,0.7401533193859119
category,multimodal_rotated,104,21,18,3,0,0.8571428571428571,0.5519212580844318,0.7401533193859119
category,multimodal_rotated,105,21,18,3,0,0.8571428571428571,0.5231282368658589,0.7401533193859119
category,multimodal_rotated,106,21,18,3,0,0.8571428571428571,0.5231282368658589,0.7401533193859119
category,multimodal_rotated,107,21,18,3,0,0.8571428571428571,0.5231282368658589,0.7255459809290251
category,multimodal_rotated,108,21,18,3,0,0.8571428571428571,0.5231282368658589,0.7255459809290251
category,multimodal_rotated,109,21,18,3,0,0.8571428571428571,0.5231282368658589,0.7255459809290251
category,multimodal_rotated,110,21,18,3,0,0.8571428571428571,0.5231282368658589,0.7255459809290251
category,multimodal_rotated,111,21,18,3,0,0.8571428571428571,0.5231282368658589,0.7135347112407313
category,multimodal_rotated,112,21,18,3,0,0.8571428571428571,0.5231282368658589,0.7135347112407313
category,multimodal_rotated,113,21,18,3,0,0.8571428571428571,0.5231282368658589,0.7135347112407313
category,multimodal_rotated,114,21,18,3,0,0.8571428571428571,0.5231282368658589,0.7135347112407313
category,multimodal_rotated,115,21,18,3,0,0.8571428571428571,0.5231282368658589,0.7135347112407313
category,multimodal_rotated,116,21,18,3,0,0.8571428571428571,0.5231282368658589,0.7135347112407313
category,multimodal_rotated,117,21,18,3,0,0.8571428571428571,0.5231282368658589,0.7135347112407313
category,multimodal_rotated,118,21,18,3,0,0.8571428571428571,0.5231282368658589,0.7135347112407313
category,multimodal_rotated,119,21,18,3,0,0.8571428571428571,0.5231282368658589,0.7135347112407313
category,multimodal_rotated,120,21,17,4,0,0.8095238095238095,0.5231282368658589,0.7135347112407313
category,multiple_global_minima,1,3,0,0,3,0.5,10.248347381799096,10.248347381799096
category,multiple_global_minima,2,3,0,0,3,0.5,6.682610407274719,6.682610407274719
category,multiple_global_minima,3,3,0,0,3,0.5,6.682610407274719,6.682610407274719
category,multiple_global_minima,4,3,0,0,3,0.5,3.3894924739047894,3.3894924739047894
category,multiple_global_minima,5,3,0,0,3,0.5,2.093788961258907,2.093788961258907
category,multiple_global_minima,6,3,0,0,3,0.5,2.093788961258907,2.093788961258907
category,multiple_global_minima,7,3,0,0,3,0.5,2.093788961258907,2.093788961258907
category,multiple_global_minima,8,3,0,0,3,0.5,2.093788961258907,2.093788961258907
category,multiple_global_minima,9,3,0,0,3,0.5,2.093788961258907,2.093788961258907
category,multiple_global_minima,10,3,0,0,3,0.5,2.093788961258907,2.093788961258907
category,multiple_global_minima,11,3,0,0,3,0.5,1.4911455860565797,1.4911455860565797
category,multiple_global_minima,12,3,0,0,3,0.5,1.4911455860565797,1.4911455860565797
category,multiple_global_minima,13,3,0,0,3,0.5,1.3844839459505798,1.3844839459505798
category,multiple_global_minima,14,3,0,0,3,0.5,1.3844839459505798,1.3844839459505798
category,multiple_global_minima,15,3,0,0,3,0.5,1.0,1.0
category,multiple_global_minima,16,3,0,0,3,0.5,1.0,1.0
category,multiple_global_minima,17,3,0,0,3,0.5,1.0,1.0
category,multiple_global_minima,18,3,0,0,3,0.5,1.0,1.0
category,multiple_global_minima,19,3,0,0,3,0.5,1.0,1.0
category,multiple_global_minima,20,3,0,0,3,0.5,1.0,1.0
category,multiple_global_minima,21,3,1,0,2,1.0,1.0,1.0
category,multiple_global_minima,22,3,0,1,2,0.0,1.0,1.0
category,multiple_global_minima,23,3,0,1,2,0.0,1.0,1.0
category,multiple_global_minima,24,3,0,1,2,0.0,1.0,1.0
category,multiple_global_minima,25,3,1,2,0,0.3333333333333333,0.9327029588212474,0.6468096228968513
category,multiple_global_minima,26,3,2,1,0,0.6666666666666666,0.22528007094425787,0.6468096228968513
category,multiple_global_minima,27,3,2,1,0,0.6666666666666666,0.22528007094425787,0.6468096228968513
category,multiple_global_minima,28,3,2,1,0,0.6666666666666666,0.22528007094425787,0.6468096228968513
category,multiple_global_minima,29,3,2,1,0,0.6666666666666666,0.22528007094425787,0.6468096228968513
category,multiple_global_minima,30,3,2,1,0,0.6666666666666666,0.22528007094425787,0.6468096228968513
category,multiple_global_minima,31,3,2,1,0,0.6666666666666666,0.22528007094425787,0.6468096228968513
category,multiple_global_minima,32,3,3,0,0,1.0,0.19675862044232909,0.6468096228968513
category,multiple_global_minima,33,3,3,0,0,1.0,0.19675862044232909,0.6468096228968513
category,multiple_global_minima,34,3,3,0,0,1.0,0.19675862044232909,0.6468096228968513
category,multiple_global_minima,35,3,3,0,0,1.0,0.19675862044232909,0.6468096228968513
category,multiple_global_minima,36,3,3,0,0,1.0,0.19675862044232909,0.6468096228968513
category,multiple_global_minima,37,3,3,0,0,1.0,0.19675862044232909,0.6468096228968513
category,multiple_global_minima,38,3,3,0,0,1.0,0.19675862044232909,0.6468096228968513
category,multiple_global_minima,39,3,3,0,0,1.0,0.19675862044232909,0.6468096228968513
category,multiple_global_minima,40,3,3,0,0,1.0,0.036184491466831885,0.6468096228968513
category,multiple_global_minima,41,3,3,0,0,1.0,0.036184491466831885,0.6468096228968513
category,multiple_global_minima,42,3,3,0,0,1.0,0.036184491466831885,0.6468096228968513
category,multiple_global_minima,43,3,3,0,0,1.0,0.036184491466831885,0.6468096228968513
category,multiple_global_minima,44,3,3,0,0,1.0,0.036184491466831885,0.6468096228968513
category,multiple_global_minima,45,3,3,0,0,1.0,0.036184491466831885,0.6468096228968513
category,multiple_global_minima,46,3,3,0,0,1.0,0.034060711791463166,0.6468096228968513
category,multiple_global_minima,47,3,3,0,0,1.0,0.023203868191977315,0.6468096228968513
category,multiple_global_minima,48,3,3,0,0,1.0,0.016753608483040236,0.6468096228968513
category,multiple_global_minima,49,3,3,0,0,1.0,0.016753608483040236,0.6468096228968513
category,multiple_global_minima,50,3,3,0,0,1.0,0.016753608483040236,0.5055650180469944
category,multiple_global_minima,51,3,3,0,0,1.0,0.016753608483040236,0.5055650180469944
category,multiple_global_minima,52,3,3,0,0,1.0,0.016753608483040236,0.5055650180469944
category,multiple_global_minima,53,3,3,0,0,1.0,0.016753608483040236,0.5055650180469944
category,multiple_global_minima,54,3,3,0,0,1.0,0.013631544856343075,0.5055650180469944
category,multiple_global_minima,55,3,3,0,0,1.0,0.013631544856343075,0.5055650180469944
category,multiple_global_minima,56,3,3,0,0,1.0,0.008640114167684548,0.5055650180469944
category,multiple_global_minima,57,3,3,0,0,1.0,0.008640114167684548,0.5055650180469944
category,multiple_global_minima,58,3,3,0,0,1.0,0.008640114167684548,0.5055650180469944
category,multiple_global_minima,59,3,3,0,0,1.0,0.008640114167684548,0.5055650180469944
category,multiple_global_minima,60,3,3,0,0,1.0,0.008640114167684548,0.5055650180469944
category,multiple_global_minima,61,3,3,0,0,1.0,0.0045833746957940355,0.5055650180469944
category,multiple_global_minima,62,3,3,0,0,1.0,0.0045833746957940355,0.5055650180469944
category,multiple_global_minima,63,3,3,0,0,1.0,0.0045833746957940355,0.5055650180469944
category,multiple_global_minima,64,3,3,0,0,1.0,0.0045833746957940355,0.5055650180469944
category,multiple_global_minima,65,3,3,0,0,1.0,0.0035510206194795655,0.5055650180469944
category,multiple_global_minima,66,3,3,0,0,1.0,0.0035510206194795655,0.5055650180469944
category,multiple_global_minima,67,3,3,0,0,1.0,0.0035510206194795655,0.3361098554752609
category,multiple_global_minima,68,3,3,0,0,1.0,0.0027747519964222978,0.3361098554752609
category,multiple_global_minima,69,3,3,0,0,1.0,0.0027747519964222978,0.3361098554752609
category,multiple_global_minima,70,3,3,0,0,1.0,0.0027747519964222978,0.3361098554752609
category,multiple_global_minima,71,3,3,0,0,1.0,0.0014406456241922519,0.3361098554752609
category,multiple_global_minima,72,3,3,0,0,1.0,0.0014406456241922519,0.3361098554752609
category,multiple_global_minima,73,3,3,0,0,1.0,0.0014406456241922519,0.3361098554752609
category,multiple_global_minima,74,3,3,0,0,1.0,0.0002317205370417075,0.3361098554752609
category,multiple_global_minima,75,3,3,0,0,1.0,0.0002317205370417075,0.3361098554752609
category,multiple_global_minima,76,3,3,0,0,1.0,0.0002317205370417075,0.3361098554752609
category,multiple_global_minima,77,3,3,0,0,1.0,0.0002317205370417075,0.3361098554752609
category,multiple_global_minima,78,3,3,0,0,1.0,0.0002317205370417075,0.3361098554752609
category,multiple_global_minima,79,3,3,0,0,1.0,0.0002317205370417075,0.3361098554752609
category,multiple_global_minima,80,3,3,0,0,1.0,0.0002317205370417075,0.3361098554752609
category,multiple_global_minima,81,3,3,0,0,1.0,0.0002317205370417075,0.3361098554752609
category,multiple_global_minima,82,3,3,0,0,1.0,0.0002317205370417075,0.3361098554752609
category,multiple_global_minima,83,3,3,0,0,1.0,4.1835866050928524e-05,0.3361098554752609
category,multiple_global_minima,84,3,3,0,0,1.0,4.1835866050928524e-05,0.3361098554752609
category,multiple_global_minima,85,3,3,0,0,1.0,4.1835866050928524e-05,0.3361098554752609
category,multiple_global_minima,86,3,3,0,0,1.0,4.1835866050928524e-05,0.3361098554752609
category,multiple_global_minima,87,3,3,0,0,1.0,4.1835866050928524e-05,0.3361098554752609
category,multiple_global_minima,88,3,3,0,0,1.0,4.1835866050928524e-05,0.0499473864354529
category,multiple_global_minima,89,3,3,0,0,1.0,4.1835866050928524e-05,0.0499473864354529
category,multiple_global_minima,90,3,3,0,0,1.0,4.1835866050928524e-05,0.0499473864354529
category,multiple_global_minima,91,3,3,0,0,1.0,4.1835866050928524e-05,0.0499473864354529
category,multiple_global_minima,92,3,3,0,0,1.0,4.1835866050928524e-05,0.0499473864354529
category,multiple_global_minima,93,3,3,0,0,1.0,4.1835866050928524e-05,0.0499473864354529
category,multiple_global_minima,94,3,3,0,0,1.0,4.1835866050928524e-05,0.0499473864354529
category,multiple_global_minima,95,3,3,0,0,1.0,4.1835866050928524e-05,0.0499473864354529
category,multiple_global_minima,96,3,3,0,0,1.0,4.1835866050928524e-05,0.0499473864354529
category,multiple_global_minima,97,3,3,0,0,1.0,4.1835866050928524e-05,0.0499473864354529
category,multiple_global_minima,98,3,3,0,0,1.0,4.1835866050928524e-05,0.0499473864354529
category,multiple_global_minima,99,3,3,0,0,1.0,4.1835866050928524e-05,0.0499473864354529
category,multiple_global_minima,100,3,3,0,0,1.0,4.1835866050928524e-05,0.0499473864354529
category,multiple_global_minima,101,3,3,0,0,1.0,4.1835866050928524e-05,0.0499473864354529
category,multiple_global_minima,102,3,3,0,0,1.0,4.1835866050928524e-05,0.0499473864354529
category,multiple_global_minima,103,3,3,0,0,1.0,4.1835866050928524e-05,0.0499473864354529
category,multiple_global_minima,104,3,3,0,0,1.0,4.1835866050928524e-05,0.0499473864354529
category,multiple_global_minima,105,3,3,0,0,1.0,4.1835866050928524e-05,0.0499473864354529
category,multiple_global_minima,106,3,3,0,0,1.0,4.1835866050928524e-05,0.0499473864354529
category,multiple_global_minima,107,3,3,0,0,1.0,9.020907183662408e-06,0.0499473864354529
category,multiple_global_minima,108,3,3,0,0,1.0,9.020907183662408e-06,0.0499473864354529
category,multiple_global_minima,109,3,3,0,0,1.0,9.020907183662408e-06,0.03810383950091867
category,multiple_global_minima,110,3,3,0,0,1.0,9.020907183662408e-06,0.03810383950091867
category,multiple_global_minima,111,3,3,0,0,1.0,9.020907183662408e-06,0.03810383950091867
category,multiple_global_minima,112,3,3,0,0,1.0,9.020907183662408e-06,0.03810383950091867
category,multiple_global_minima,113,3,3,0,0,1.0,9.020907183662408e-06,0.03810383950091867
category,multiple_global_minima,114,3,3,0,0,1.0,9.020907183662408e-06,0.03810383950091867
category,multiple_global_minima,115,3,3,0,0,1.0,9.020907183662408e-06,0.03810383950091867
category,multiple_global_minima,116,3,3,0,0,1.0,9.020907183662408e-06,0.03810383950091867
category,multiple_global_minima,117,3,3,0,0,1.0,9.020907183662408e-06,0.03810383950091867
category,multiple_global_minima,118,3,3,0,0,1.0,7.888640652755077e-06,0.03810383950091867
category,multiple_global_minima,119,3,3,0,0,1.0,7.888640652755077e-06,0.03810383950091867
category,multiple_global_minima,120,3,3,0,0,1.0,7.888640652755077e-06,0.03810383950091867
category,smooth_coupled,1,27,0,0,27,0.5,5.988476997051344,5.988476997051344
category,smooth_coupled,2,27,0,0,27,0.5,2.9148212617179046,2.9148212617179046
category,smooth_coupled,3,27,0,0,27,0.5,2.8687171222603003,2.8687171222603003
category,smooth_coupled,4,27,0,0,27,0.5,2.1017015144374027,2.1017015144374027
category,smooth_coupled,5,27,0,0,27,0.5,1.4706470240275598,1.4706470240275598
category,smooth_coupled,6,27,0,0,27,0.5,1.4706470240275598,1.4706470240275598
category,smooth_coupled,7,27,0,0,27,0.5,1.129198311716714,1.129198311716714
category,smooth_coupled,8,27,0,0,27,0.5,1.0,1.0
category,smooth_coupled,9,27,0,0,27,0.5,1.0,1.0
category,smooth_coupled,10,27,0,0,27,0.5,1.0,1.0
category,smooth_coupled,11,27,0,0,27,0.5,1.0,1.0
category,smooth_coupled,12,27,0,0,27,0.5,1.0,1.0
category,smooth_coupled,13,27,0,0,27,0.5,1.0,1.0
category,smooth_coupled,14,27,0,0,27,0.5,1.0,1.0
category,smooth_coupled,15,27,0,0,27,0.5,1.0,1.0
category,smooth_coupled,16,27,0,0,27,0.5,1.0,1.0
category,smooth_coupled,17,27,0,0,27,0.5,1.0,1.0
category,smooth_coupled,18,27,0,0,27,0.5,1.0,1.0
category,smooth_coupled,19,27,0,0,27,0.5,1.0,1.0
category,smooth_coupled,20,27,0,0,27,0.5,1.0,1.0
category,smooth_coupled,21,27,8,3,16,0.7272727272727273,1.0,1.0
category,smooth_coupled,22,27,10,3,14,0.7692307692307693,1.0,1.0
category,smooth_coupled,23,27,11,3,13,0.7857142857142857,1.0,1.0
category,smooth_coupled,24,27,13,5,9,0.7222222222222222,0.9734512699601144,1.0
category,smooth_coupled,25,27,15,3,9,0.8333333333333334,0.44084658435971136,1.0
category,smooth_coupled,26,27,14,5,8,0.7368421052631579,0.44084658435971136,1.0
category,smooth_coupled,27,27,15,5,7,0.75,0.40136574813861076,1.0
category,smooth_coupled,28,27,15,5,7,0.75,0.40136574813861076,1.0
category,smooth_coupled,29,27,16,5,6,0.7619047619047619,0.40136574813861076,0.947051872209175
category,smooth_coupled,30,27,16,6,5,0.7272727272727273,0.40136574813861076,0.893543333660921
category,smooth_coupled,31,27,16,7,4,0.6956521739130435,0.40136574813861076,0.8666821408805305
category,smooth_coupled,32,27,16,7,4,0.6956521739130435,0.40136574813861076,0.8666821408805305
category,smooth_coupled,33,27,16,7,4,0.6956521739130435,0.3698282156844859,0.7809955666584217
category,smooth_coupled,34,27,16,7,4,0.6956521739130435,0.3698282156844859,0.7735124932920915
category,smooth_coupled,35,27,16,7,4,0.6956521739130435,0.3698282156844859,0.7479307794605641
category,smooth_coupled,36,27,17,6,4,0.7391304347826086,0.2877514899389701,0.7479307794605641
category,smooth_coupled,37,27,18,5,4,0.782608695652174,0.2877514899389701,0.7479307794605641
category,smooth_coupled,38,27,18,5,4,0.782608695652174,0.253905855448523,0.7365180616462341
category,smooth_coupled,39,27,18,5,4,0.782608695652174,0.253905855448523,0.7365180616462341
category,smooth_coupled,40,27,18,5,4,0.782608695652174,0.2483158563021518,0.7365180616462341
category,smooth_coupled,41,27,18,5,4,0.782608695652174,0.2483158563021518,0.7073439513675297
category,smooth_coupled,42,27,17,7,3,0.7083333333333334,0.2483158563021518,0.6733791569112758
category,smooth_coupled,43,27,18,7,2,0.72,0.2483158563021518,0.5958711282775745
category,smooth_coupled,44,27,20,5,2,0.8,0.21280039195539402,0.5958711282775745
category,smooth_coupled,45,27,20,5,2,0.8,0.21280039195539402,0.5833404814814385
category,smooth_coupled,46,27,20,5,2,0.8,0.21280039195539402,0.5679272827758637
category,smooth_coupled,47,27,20,5,2,0.8,0.15248053865873895,0.5609390889196119
category,smooth_coupled,48,27,20,5,2,0.8,0.15248053865873895,0.5609390889196119
category,smooth_coupled,49,27,20,5,2,0.8,0.15248053865873895,0.5609390889196119
category,smooth_coupled,50,27,20,5,2,0.8,0.15248053865873895,0.5392217654923812
category,smooth_coupled,51,27,20,5,2,0.8,0.15248053865873895,0.5247794637888008
category,smooth_coupled,52,27,19,7,1,0.7307692307692307,0.11807902669491563,0.45773378558324
category,smooth_coupled,53,27,20,7,0,0.7407407407407407,0.11807902669491563,0.41583615123665285
category,smooth_coupled,54,27,20,7,0,0.7407407407407407,0.11807902669491563,0.41583615123665285
category,smooth_coupled,55,27,20,7,0,0.7407407407407407,0.11807902669491563,0.41583615123665285
category,smooth_coupled,56,27,20,7,0,0.7407407407407407,0.11807902669491563,0.41583615123665285
category,smooth_coupled,57,27,20,7,0,0.7407407407407407,0.11807902669491563,0.4085290680449139
category,smooth_coupled,58,27,20,7,0,0.7407407407407407,0.11807902669491563,0.4085290680449139
category,smooth_coupled,59,27,20,7,0,0.7407407407407407,0.11807902669491563,0.4085290680449139
category,smooth_coupled,60,27,20,7,0,0.7407407407407407,0.11807902669491563,0.4085290680449139
category,smooth_coupled,61,27,20,7,0,0.7407407407407407,0.11807902669491563,0.4085290680449139
category,smooth_coupled,62,27,20,7,0,0.7407407407407407,0.11807902669491563,0.4085290680449139
category,smooth_coupled,63,27,20,7,0,0.7407407407407407,0.11807902669491563,0.4085290680449139
category,smooth_coupled,64,27,20,7,0,0.7407407407407407,0.11807902669491563,0.4085290680449139
category,smooth_coupled,65,27,20,7,0,0.7407407407407407,0.11807902669491563,0.4085290680449139
category,smooth_coupled,66,27,20,7,0,0.7407407407407407,0.11807902669491563,0.37203969145345944
category,smooth_coupled,67,27,20,7,0,0.7407407407407407,0.11807902669491563,0.36376426261567624
category,smooth_coupled,68,27,19,8,0,0.7037037037037037,0.11807902669491563,0.3361052101717255
category,smooth_coupled,69,27,19,8,0,0.7037037037037037,0.11807902669491563,0.3361052101717255
category,smooth_coupled,70,27,19,8,0,0.7037037037037037,0.11807902669491563,0.3361052101717255
category,smooth_coupled,71,27,19,8,0,0.7037037037037037,0.11807902669491563,0.22740402467719176
category,smooth_coupled,72,27,19,8,0,0.7037037037037037,0.11807902669491563,0.22740402467719176
category,smooth_coupled,73,27,19,8,0,0.7037037037037037,0.11807902669491563,0.22740402467719176
category,smooth_coupled,74,27,19,8,0,0.7037037037037037,0.11807902669491563,0.22740402467719176
category,smooth_coupled,75,27,19,8,0,0.7037037037037037,0.11807902669491563,0.22740402467719176
category,smooth_coupled,76,27,19,8,0,0.7037037037037037,0.11807902669491563,0.22740402467719176
category,smooth_coupled,77,27,20,7,0,0.7407407407407407,0.10422072119237821,0.22740402467719176
category,smooth_coupled,78,27,20,7,0,0.7407407407407407,0.10422072119237821,0.22740402467719176
category,smooth_coupled,79,27,20,7,0,0.7407407407407407,0.10422072119237821,0.22740402467719176
category,smooth_coupled,80,27,20,7,0,0.7407407407407407,0.10422072119237821,0.22740402467719176
category,smooth_coupled,81,27,20,7,0,0.7407407407407407,0.10422072119237821,0.21131204420495756
category,smooth_coupled,82,27,20,7,0,0.7407407407407407,0.10422072119237821,0.18385322610311008
category,smooth_coupled,83,27,20,7,0,0.7407407407407407,0.10422072119237821,0.18385322610311008
category,smooth_coupled,84,27,20,7,0,0.7407407407407407,0.10422072119237821,0.18385322610311008
category,smooth_coupled,85,27,20,7,0,0.7407407407407407,0.10422072119237821,0.18385322610311008
category,smooth_coupled,86,27,19,8,0,0.7037037037037037,0.10422072119237821,0.18385322610311008
category,smooth_coupled,87,27,19,8,0,0.7037037037037037,0.10422072119237821,0.18385322610311008
category,smooth_coupled,88,27,19,8,0,0.7037037037037037,0.10422072119237821,0.1562262912321091
category,smooth_coupled,89,27,18,9,0,0.6666666666666666,0.10422072119237821,0.1562262912321091
category,smooth_coupled,90,27,18,9,0,0.6666666666666666,0.10422072119237821,0.1562262912321091
category,smooth_coupled,91,27,18,9,0,0.6666666666666666,0.10422072119237821,0.1562262912321091
category,smooth_coupled,92,27,18,9,0,0.6666666666666666,0.10422072119237821,0.1562262912321091
category,smooth_coupled,93,27,18,9,0,0.6666666666666666,0.10422072119237821,0.13107932878715522
category,smooth_coupled,94,27,16,11,0,0.5925925925925926,0.10422072119237821,0.12002504748010115
category,smooth_coupled,95,27,16,11,0,0.5925925925925926,0.10422072119237821,0.12002504748010115
category,smooth_coupled,96,27,15,12,0,0.5555555555555556,0.10422072119237821,0.12002504748010115
category,smooth_coupled,97,27,15,12,0,0.5555555555555556,0.10422072119237821,0.10375487135336733
category,smooth_coupled,98,27,15,12,0,0.5555555555555556,0.10422072119237821,0.10375487135336733
category,smooth_coupled,99,27,15,12,0,0.5555555555555556,0.10422072119237821,0.10375487135336733
category,smooth_coupled,100,27,15,12,0,0.5555555555555556,0.10422072119237821,0.10375487135336733
category,smooth_coupled,101,27,15,12,0,0.5555555555555556,0.10422072119237821,0.10375487135336733
category,smooth_coupled,102,27,15,12,0,0.5555555555555556,0.10422072119237821,0.10375487135336733
category,smooth_coupled,103,27,15,12,0,0.5555555555555556,0.09747275086062646,0.10375487135336733
category,smooth_coupled,104,27,15,12,0,0.5555555555555556,0.09747275086062646,0.10375487135336733
category,smooth_coupled,105,27,15,12,0,0.5555555555555556,0.09747275086062646,0.10375487135336733
category,smooth_coupled,106,27,15,12,0,0.5555555555555556,0.09747275086062646,0.09408551798079139
category,smooth_coupled,107,27,15,12,0,0.5555555555555556,0.09747275086062646,0.09408551798079139
category,smooth_coupled,108,27,15,12,0,0.5555555555555556,0.09747275086062646,0.09325507513342603
category,smooth_coupled,109,27,15,12,0,0.5555555555555556,0.09747275086062646,0.09325507513342603
category,smooth_coupled,110,27,15,12,0,0.5555555555555556,0.09747275086062646,0.09325507513342603
category,smooth_coupled,111,27,15,12,0,0.5555555555555556,0.09747275086062646,0.0833343164697709
category,smooth_coupled,112,27,15,12,0,0.5555555555555556,0.09747275086062646,0.0833343164697709
category,smooth_coupled,113,27,15,12,0,0.5555555555555556,0.09747275086062646,0.0833343164697709
category,smooth_coupled,114,27,14,13,0,0.5185185185185185,0.09747275086062646,0.0833343164697709
category,smooth_coupled,115,27,14,13,0,0.5185185185185185,0.09747275086062646,0.0833343164697709
category,smooth_coupled,116,27,15,12,0,0.5555555555555556,0.09747275086062646,0.0833343164697709
category,smooth_coupled,117,27,14,13,0,0.5185185185185185,0.09747275086062646,0.08173105536849369
category,smooth_coupled,118,27,14,13,0,0.5185185185185185,0.09747275086062646,0.08173105536849369
category,smooth_coupled,119,27,14,13,0,0.5185185185185185,0.09747275086062646,0.08173105536849369
category,smooth_coupled,120,27,14,13,0,0.5185185185185185,0.09747275086062646,0.08173105536849369
category,valley,1,15,0,0,15,0.5,8.01007089176171,8.01007089176171
category,valley,2,15,0,0,15,0.5,2.679371037545848,2.679371037545848
category,valley,3,15,0,0,15,0.5,2.370732623774685,2.370732623774685
category,valley,4,15,0,0,15,0.5,1.8532455607892575,1.8532455607892575
category,valley,5,15,0,0,15,0.5,1.662790861021789,1.662790861021789
category,valley,6,15,0,0,15,0.5,1.0,1.0
category,valley,7,15,0,0,15,0.5,1.0,1.0
category,valley,8,15,0,0,15,0.5,1.0,1.0
category,valley,9,15,0,0,15,0.5,1.0,1.0
category,valley,10,15,0,0,15,0.5,1.0,1.0
category,valley,11,15,0,0,15,0.5,1.0,1.0
category,valley,12,15,0,0,15,0.5,1.0,1.0
category,valley,13,15,0,0,15,0.5,1.0,1.0
category,valley,14,15,0,0,15,0.5,1.0,1.0
category,valley,15,15,0,0,15,0.5,1.0,1.0
category,valley,16,15,0,0,15,0.5,1.0,1.0
category,valley,17,15,0,0,15,0.5,1.0,1.0
category,valley,18,15,0,0,15,0.5,1.0,1.0
category,valley,19,15,0,0,15,0.5,1.0,1.0
category,valley,20,15,0,0,15,0.5,1.0,1.0
category,valley,21,15,4,2,9,0.6666666666666666,1.0,1.0
category,valley,22,15,4,2,9,0.6666666666666666,1.0,1.0
category,valley,23,15,6,1,8,0.8571428571428571,1.0,1.0
category,valley,24,15,5,2,8,0.7142857142857143,1.0,1.0
category,valley,25,15,7,3,5,0.7,0.9113828728422882,1.0
category,valley,26,15,7,3,5,0.7,0.9113828728422882,1.0
category,valley,27,15,7,3,5,0.7,0.9113828728422882,1.0
category,valley,28,15,7,3,5,0.7,0.9113828728422882,1.0
category,valley,29,15,8,3,4,0.7272727272727273,0.6830660305385707,1.0
category,valley,30,15,8,3,4,0.7272727272727273,0.5901693681688164,1.0
category,valley,31,15,9,3,3,0.75,0.5901693681688164,1.0
category,valley,32,15,9,3,3,0.75,0.5901693681688164,1.0
category,valley,33,15,9,3,3,0.75,0.5901693681688164,1.0
category,valley,34,15,9,3,3,0.75,0.5901693681688164,1.0
category,valley,35,15,9,3,3,0.75,0.5901693681688164,1.0
category,valley,36,15,9,3,3,0.75,0.5901693681688164,1.0
category,valley,37,15,9,3,3,0.75,0.4992607412852191,1.0
category,valley,38,15,10,2,3,0.8333333333333334,0.4046489274007415,1.0
category,valley,39,15,10,2,3,0.8333333333333334,0.4046489274007415,1.0
category,valley,40,15,10,2,3,0.8333333333333334,0.3289971335443765,0.9389887454588979
category,valley,41,15,10,3,2,0.7692307692307693,0.3289971335443765,0.7697889533419539
category,valley,42,15,10,3,2,0.7692307692307693,0.3289971335443765,0.7697889533419539
category,valley,43,15,10,3,2,0.7692307692307693,0.3289971335443765,0.718297125904235
category,valley,44,15,10,3,2,0.7692307692307693,0.3289971335443765,0.718297125904235
category,valley,45,15,10,3,2,0.7692307692307693,0.3289971335443765,0.6392520997890186
category,valley,46,15,10,3,2,0.7692307692307693,0.3289971335443765,0.6392520997890186
category,valley,47,15,11,3,1,0.7857142857142857,0.3134716474492001,0.6392520997890186
category,valley,48,15,11,3,1,0.7857142857142857,0.3134716474492001,0.6392520997890186
category,valley,49,15,11,3,1,0.7857142857142857,0.3134716474492001,0.6392520997890186
category,valley,50,15,11,3,1,0.7857142857142857,0.3134716474492001,0.6392520997890186
category,valley,51,15,11,3,1,0.7857142857142857,0.3134716474492001,0.5972073898122866
category,valley,52,15,11,3,1,0.7857142857142857,0.22148207959989402,0.5972073898122866
category,valley,53,15,12,2,1,0.8571428571428571,0.22148207959989402,0.5972073898122866
category,valley,54,15,12,2,1,0.8571428571428571,0.22148207959989402,0.5972073898122866
category,valley,55,15,12,2,1,0.8571428571428571,0.22148207959989402,0.5972073898122866
category,valley,56,15,12,2,1,0.8571428571428571,0.22148207959989402,0.5972073898122866
category,valley,57,15,12,2,1,0.8571428571428571,0.22148207959989402,0.5972073898122866
category,valley,58,15,12,2,1,0.8571428571428571,0.22148207959989402,0.5972073898122866
category,valley,59,15,12,2,1,0.8571428571428571,0.22148207959989402,0.5972073898122866
category,valley,60,15,12,2,1,0.8571428571428571,0.22148207959989402,0.5972073898122866
category,valley,61,15,12,2,1,0.8571428571428571,0.18608888448662028,0.5972073898122866
category,valley,62,15,12,2,1,0.8571428571428571,0.18608888448662028,0.5972073898122866
category,valley,63,15,12,2,1,0.8571428571428571,0.18608888448662028,0.5972073898122866
category,valley,64,15,12,2,1,0.8571428571428571,0.18608888448662028,0.5972073898122866
category,valley,65,15,12,2,1,0.8571428571428571,0.18608888448662028,0.5972073898122866
category,valley,66,15,12,2,1,0.8571428571428571,0.16423256634786884,0.5972073898122866
category,valley,67,15,12,2,1,0.8571428571428571,0.16423256634786884,0.5972073898122866
category,valley,68,15,12,2,1,0.8571428571428571,0.16423256634786884,0.5972073898122866
category,valley,69,15,12,2,1,0.8571428571428571,0.16423256634786884,0.5972073898122866
category,valley,70,15,12,2,1,0.8571428571428571,0.16423256634786884,0.5972073898122866
category,valley,71,15,12,2,1,0.8571428571428571,0.16423256634786884,0.4951297284789367
category,valley,72,15,12,2,1,0.8571428571428571,0.12003685491497099,0.4951297284789367
category,valley,73,15,12,2,1,0.8571428571428571,0.12003685491497099,0.4951297284789367
category,valley,74,15,12,2,1,0.8571428571428571,0.12003685491497099,0.4951297284789367
category,valley,75,15,12,2,1,0.8571428571428571,0.12003685491497099,0.4951297284789367
category,valley,76,15,12,2,1,0.8571428571428571,0.11487620634838952,0.4951297284789367
category,valley,77,15,12,2,1,0.8571428571428571,0.09216977440444235,0.4951297284789367
category,valley,78,15,12,2,1,0.8571428571428571,0.09216977440444235,0.4951297284789367
category,valley,79,15,12,2,1,0.8571428571428571,0.07519318011893515,0.4951297284789367
category,valley,80,15,12,2,1,0.8571428571428571,0.07519318011893515,0.40219216469511404
category,valley,81,15,12,2,1,0.8571428571428571,0.07519318011893515,0.3924132464886863
category,valley,82,15,12,2,1,0.8571428571428571,0.07519318011893515,0.3205254429426857
category,valley,83,15,12,2,1,0.8571428571428571,0.07519318011893515,0.3140096980129502
category,valley,84,15,12,2,1,0.8571428571428571,0.071803212037032,0.3140096980129502
category,valley,85,15,12,2,1,0.8571428571428571,0.071803212037032,0.3140096980129502
category,valley,86,15,12,2,1,0.8571428571428571,0.071803212037032,0.3140096980129502
category,valley,87,15,12,2,1,0.8571428571428571,0.06260976768784668,0.3140096980129502
category,valley,88,15,11,3,1,0.7857142857142857,0.06260976768784668,0.3140096980129502
category,valley,89,15,11,3,1,0.7857142857142857,0.06260976768784668,0.28889571209808135
category,valley,90,15,11,3,1,0.7857142857142857,0.06260976768784668,0.28889571209808135
category,valley,91,15,11,3,1,0.7857142857142857,0.06260976768784668,0.28889571209808135
category,valley,92,15,11,3,1,0.7857142857142857,0.06260976768784668,0.28889571209808135
category,valley,93,15,11,3,1,0.7857142857142857,0.06260976768784668,0.28889571209808135
category,valley,94,15,11,3,1,0.7857142857142857,0.06260976768784668,0.28889571209808135
category,valley,95,15,11,4,0,0.7333333333333333,0.06260976768784668,0.28889571209808135
category,valley,96,15,11,4,0,0.7333333333333333,0.06260976768784668,0.28889571209808135
category,valley,97,15,11,4,0,0.7333333333333333,0.06260976768784668,0.28889571209808135
category,valley,98,15,11,4,0,0.7333333333333333,0.06260976768784668,0.28889571209808135
category,valley,99,15,11,4,0,0.7333333333333333,0.06260976768784668,0.28889571209808135
category,valley,100,15,11,4,0,0.7333333333333333,0.06260976768784668,0.28889571209808135
category,valley,101,15,11,4,0,0.7333333333333333,0.06260976768784668,0.28889571209808135
category,valley,102,15,12,3,0,0.8,0.03310087359095257,0.27507557058775156
category,valley,103,15,12,3,0,0.8,0.03310087359095257,0.27507557058775156
category,valley,104,15,12,3,0,0.8,0.03310087359095257,0.27507557058775156
category,valley,105,15,12,3,0,0.8,0.03310087359095257,0.27507557058775156
category,valley,106,15,12,3,0,0.8,0.03310087359095257,0.27507557058775156
category,valley,107,15,12,3,0,0.8,0.03310087359095257,0.27507557058775156
category,valley,108,15,12,3,0,0.8,0.03310087359095257,0.27507557058775156
category,valley,109,15,12,3,0,0.8,0.03310087359095257,0.27507557058775156
category,valley,110,15,11,4,0,0.7333333333333333,0.03310087359095257,0.27507557058775156
category,valley,111,15,10,5,0,0.6666666666666666,0.03310087359095257,0.27507557058775156
category,valley,112,15,10,5,0,0.6666666666666666,0.03310087359095257,0.27507557058775156
category,valley,113,15,10,5,0,0.6666666666666666,0.03310087359095257,0.2348896995384559
category,valley,114,15,10,5,0,0.6666666666666666,0.03310087359095257,0.2348896995384559
category,valley,115,15,10,5,0,0.6666666666666666,0.03310087359095257,0.2348896995384559
category,valley,116,15,10,5,0,0.6666666666666666,0.03310087359095257,0.2348896995384559
category,valley,117,15,10,5,0,0.6666666666666666,0.03310087359095257,0.2348896995384559
category,valley,118,15,10,5,0,0.6666666666666666,0.03310087359095257,0.2348896995384559
category,valley,119,15,10,5,0,0.6666666666666666,0.03310087359095257,0.2348896995384559
category,valley,120,15,10,5,0,0.6666666666666666,0.03310087359095257,0.2348896995384559
category,valley_rotated,1,6,0,0,6,0.5,2.3106315227681486,2.3106315227681486
category,valley_rotated,2,6,0,0,6,0.5,2.0959442791057024,2.0959442791057024
category,valley_rotated,3,6,0,0,6,0.5,1.7623233513722987,1.7623233513722987
category,valley_rotated,4,6,0,0,6,0.5,1.5535980274719923,1.5535980274719923
category,valley_rotated,5,6,0,0,6,0.5,1.4801689380759466,1.4801689380759466
category,valley_rotated,6,6,0,0,6,0.5,1.233676397041692,1.233676397041692
category,valley_rotated,7,6,0,0,6,0.5,1.0055749599758603,1.0055749599758603
category,valley_rotated,8,6,0,0,6,0.5,1.0,1.0
category,valley_rotated,9,6,0,0,6,0.5,1.0,1.0
category,valley_rotated,10,6,0,0,6,0.5,1.0,1.0
category,valley_rotated,11,6,0,0,6,0.5,1.0,1.0
category,valley_rotated,12,6,0,0,6,0.5,1.0,1.0
category,valley_rotated,13,6,0,0,6,0.5,1.0,1.0
category,valley_rotated,14,6,0,0,6,0.5,1.0,1.0
category,valley_rotated,15,6,0,0,6,0.5,1.0,1.0
category,valley_rotated,16,6,0,0,6,0.5,1.0,1.0
category,valley_rotated,17,6,0,0,6,0.5,1.0,1.0
category,valley_rotated,18,6,0,0,6,0.5,1.0,1.0
category,valley_rotated,19,6,0,0,6,0.5,1.0,1.0
category,valley_rotated,20,6,0,0,6,0.5,1.0,1.0
category,valley_rotated,21,6,4,0,2,1.0,0.6676313784239813,1.0
category,valley_rotated,22,6,4,0,2,1.0,0.6676313784239813,0.9608238408252648
category,valley_rotated,23,6,5,0,1,1.0,0.6676313784239813,0.9608238408252648
category,valley_rotated,24,6,5,0,1,1.0,0.5877670553241354,0.9608238408252648
category,valley_rotated,25,6,5,0,1,1.0,0.47042684988460914,0.9608238408252648
category,valley_rotated,26,6,5,0,1,1.0,0.47042684988460914,0.8672910966462644
category,valley_rotated,27,6,5,0,1,1.0,0.47042684988460914,0.8050639853738271
category,valley_rotated,28,6,5,0,1,1.0,0.47042684988460914,0.8050639853738271
category,valley_rotated,29,6,5,0,1,1.0,0.47042684988460914,0.8050639853738271
category,valley_rotated,30,6,5,0,1,1.0,0.47042684988460914,0.8050639853738271
category,valley_rotated,31,6,5,0,1,1.0,0.47042684988460914,0.8050639853738271
category,valley_rotated,32,6,6,0,0,1.0,0.4427036060628059,0.8050639853738271
category,valley_rotated,33,6,6,0,0,1.0,0.3249083324857305,0.8050639853738271
category,valley_rotated,34,6,6,0,0,1.0,0.3249083324857305,0.8050639853738271
category,valley_rotated,35,6,6,0,0,1.0,0.3249083324857305,0.8050639853738271
category,valley_rotated,36,6,6,0,0,1.0,0.3249083324857305,0.8050639853738271
category,valley_rotated,37,6,6,0,0,1.0,0.3249083324857305,0.8050639853738271
category,valley_rotated,38,6,6,0,0,1.0,0.3249083324857305,0.8050639853738271
category,valley_rotated,39,6,6,0,0,1.0,0.3249083324857305,0.7232733193787302
category,valley_rotated,40,6,6,0,0,1.0,0.3249083324857305,0.6953535220921437
category,valley_rotated,41,6,6,0,0,1.0,0.3249083324857305,0.6953535220921437
category,valley_rotated,42,6,6,0,0,1.0,0.3249083324857305,0.6953535220921437
category,valley_rotated,43,6,6,0,0,1.0,0.3249083324857305,0.6953535220921437
category,valley_rotated,44,6,6,0,0,1.0,0.3249083324857305,0.6953535220921437
category,valley_rotated,45,6,6,0,0,1.0,0.3249083324857305,0.6953535220921437
category,valley_rotated,46,6,6,0,0,1.0,0.3249083324857305,0.6953535220921437
category,valley_rotated,47,6,6,0,0,1.0,0.3249083324857305,0.6953535220921437
category,valley_rotated,48,6,6,0,0,1.0,0.3249083324857305,0.6953535220921437
category,valley_rotated,49,6,6,0,0,1.0,0.3249083324857305,0.6945899712553592
category,valley_rotated,50,6,6,0,0,1.0,0.3249083324857305,0.6945899712553592
category,valley_rotated,51,6,6,0,0,1.0,0.3202327729000437,0.6437954503805408
category,valley_rotated,52,6,6,0,0,1.0,0.3202327729000437,0.6437954503805408
category,valley_rotated,53,6,6,0,0,1.0,0.2775645195085006,0.6437954503805408
category,valley_rotated,54,6,6,0,0,1.0,0.2623025023639486,0.6437954503805408
category,valley_rotated,55,6,6,0,0,1.0,0.2623025023639486,0.6044558176300068
category,valley_rotated,56,6,6,0,0,1.0,0.2623025023639486,0.6044558176300068
category,valley_rotated,57,6,6,0,0,1.0,0.2623025023639486,0.4927784625093441
category,valley_rotated,58,6,6,0,0,1.0,0.21512927541467414,0.4927784625093441
category,valley_rotated,59,6,6,0,0,1.0,0.21512927541467414,0.4927784625093441
category,valley_rotated,60,6,6,0,0,1.0,0.21512927541467414,0.4927784625093441
category,valley_rotated,61,6,6,0,0,1.0,0.21512927541467414,0.4927784625093441
category,valley_rotated,62,6,6,0,0,1.0,0.21512927541467414,0.4927784625093441
category,valley_rotated,63,6,6,0,0,1.0,0.21512927541467414,0.48860683548156036
category,valley_rotated,64,6,6,0,0,1.0,0.21512927541467414,0.48860683548156036
category,valley_rotated,65,6,6,0,0,1.0,0.21512927541467414,0.48860683548156036
category,valley_rotated,66,6,6,0,0,1.0,0.21512927541467414,0.40348028561320337
category,valley_rotated,67,6,6,0,0,1.0,0.21512927541467414,0.40348028561320337
category,valley_rotated,68,6,6,0,0,1.0,0.21512927541467414,0.40348028561320337
category,valley_rotated,69,6,6,0,0,1.0,0.21512927541467414,0.40348028561320337
category,valley_rotated,70,6,6,0,0,1.0,0.21512927541467414,0.40348028561320337
category,valley_rotated,71,6,6,0,0,1.0,0.21512927541467414,0.40348028561320337
category,valley_rotated,72,6,6,0,0,1.0,0.21512927541467414,0.40348028561320337
category,valley_rotated,73,6,6,0,0,1.0,0.21512927541467414,0.40348028561320337
category,valley_rotated,74,6,6,0,0,1.0,0.21512927541467414,0.40348028561320337
category,valley_rotated,75,6,6,0,0,1.0,0.21512927541467414,0.40348028561320337
category,valley_rotated,76,6,6,0,0,1.0,0.21512927541467414,0.40348028561320337
category,valley_rotated,77,6,6,0,0,1.0,0.21512927541467414,0.40348028561320337
category,valley_rotated,78,6,6,0,0,1.0,0.20096165863305698,0.40348028561320337
category,valley_rotated,79,6,6,0,0,1.0,0.20096165863305698,0.40348028561320337
category,valley_rotated,80,6,6,0,0,1.0,0.20096165863305698,0.40348028561320337
category,valley_rotated,81,6,6,0,0,1.0,0.20096165863305698,0.40348028561320337
category,valley_rotated,82,6,6,0,0,1.0,0.16618200309980394,0.3119951376903425
category,valley_rotated,83,6,6,0,0,1.0,0.16618200309980394,0.3119951376903425
category,valley_rotated,84,6,6,0,0,1.0,0.16618200309980394,0.3119951376903425
category,valley_rotated,85,6,6,0,0,1.0,0.13381855705444035,0.3061008109407559
category,valley_rotated,86,6,6,0,0,1.0,0.13381855705444035,0.3061008109407559
category,valley_rotated,87,6,6,0,0,1.0,0.13381855705444035,0.3061008109407559
category,valley_rotated,88,6,6,0,0,1.0,0.13381855705444035,0.3061008109407559
category,valley_rotated,89,6,6,0,0,1.0,0.13381855705444035,0.3061008109407559
category,valley_rotated,90,6,5,1,0,0.8333333333333334,0.13381855705444035,0.3061008109407559
category,valley_rotated,91,6,5,1,0,0.8333333333333334,0.13381855705444035,0.3061008109407559
category,valley_rotated,92,6,5,1,0,0.8333333333333334,0.13381855705444035,0.23125141220120332
category,valley_rotated,93,6,5,1,0,0.8333333333333334,0.13381855705444035,0.23125141220120332
category,valley_rotated,94,6,5,1,0,0.8333333333333334,0.13381855705444035,0.23125141220120332
category,valley_rotated,95,6,5,1,0,0.8333333333333334,0.13381855705444035,0.23125141220120332
category,valley_rotated,96,6,5,1,0,0.8333333333333334,0.13381855705444035,0.23125141220120332
category,valley_rotated,97,6,5,1,0,0.8333333333333334,0.13381855705444035,0.23125141220120332
category,valley_rotated,98,6,5,1,0,0.8333333333333334,0.13381855705444035,0.23125141220120332
category,valley_rotated,99,6,5,1,0,0.8333333333333334,0.13070807455773165,0.23125141220120332
category,valley_rotated,100,6,5,1,0,0.8333333333333334,0.13070807455773165,0.2224837527511053
category,valley_rotated,101,6,5,1,0,0.8333333333333334,0.13070807455773165,0.2224837527511053
category,valley_rotated,102,6,5,1,0,0.8333333333333334,0.13070807455773165,0.2224837527511053
category,valley_rotated,103,6,5,1,0,0.8333333333333334,0.13070807455773165,0.2224837527511053
category,valley_rotated,104,6,5,1,0,0.8333333333333334,0.13070807455773165,0.2224837527511053
category,valley_rotated,105,6,5,1,0,0.8333333333333334,0.13070807455773165,0.2224837527511053
category,valley_rotated,106,6,5,1,0,0.8333333333333334,0.13070807455773165,0.2224837527511053
category,valley_rotated,107,6,5,1,0,0.8333333333333334,0.13070807455773165,0.2224837527511053
category,valley_rotated,108,6,5,1,0,0.8333333333333334,0.13070807455773165,0.2224837527511053
category,valley_rotated,109,6,5,1,0,0.8333333333333334,0.13070807455773165,0.21500372503256587
category,valley_rotated,110,6,5,1,0,0.8333333333333334,0.13070807455773165,0.21500372503256587
category,valley_rotated,111,6,5,1,0,0.8333333333333334,0.11980638520210857,0.19823303577932197
category,valley_rotated,112,6,5,1,0,0.8333333333333334,0.11980638520210857,0.19823303577932197
category,valley_rotated,113,6,5,1,0,0.8333333333333334,0.11980638520210857,0.19823303577932197
category,valley_rotated,114,6,5,1,0,0.8333333333333334,0.11980638520210857,0.19823303577932197
category,valley_rotated,115,6,5,1,0,0.8333333333333334,0.11980638520210857,0.19823303577932197
category,valley_rotated,116,6,5,1,0,0.8333333333333334,0.11980638520210857,0.19823303577932197
category,valley_rotated,117,6,5,1,0,0.8333333333333334,0.11980638520210857,0.19823303577932197
category,valley_rotated,118,6,5,1,0,0.8333333333333334,0.11980638520210857,0.19823303577932197
category,valley_rotated,119,6,5,1,0,0.8333333333333334,0.11980638520210857,0.19823303577932197
category,valley_rotated,120,6,5,1,0,0.8333333333333334,0.11980638520210857,0.19823303577932197
family,Ackley01,1,21,0,0,21,0.5,1.029547869775647,1.029547869775647
family,Ackley01,2,21,0,0,21,0.5,1.0281665289166095,1.0281665289166095
family,Ackley01,3,21,0,0,21,0.5,1.0241775269745603,1.0241775269745603
family,Ackley01,4,21,0,0,21,0.5,1.0148192195929577,1.0148192195929577
family,Ackley01,5,21,0,0,21,0.5,1.0148192195929577,1.0148192195929577
family,Ackley01,6,21,0,0,21,0.5,1.0102056069235148,1.0102056069235148
family,Ackley01,7,21,0,0,21,0.5,1.0036295242393862,1.0036295242393862
family,Ackley01,8,21,0,0,21,0.5,1.0032390250598808,1.0032390250598808
family,Ackley01,9,21,0,0,21,0.5,1.0,1.0
family,Ackley01,10,21,0,0,21,0.5,1.0,1.0
family,Ackley01,11,21,0,0,21,0.5,1.0,1.0
family,Ackley01,12,21,0,0,21,0.5,1.0,1.0
family,Ackley01,13,21,0,0,21,0.5,1.0,1.0
family,Ackley01,14,21,0,0,21,0.5,1.0,1.0
family,Ackley01,15,21,0,0,21,0.5,1.0,1.0
family,Ackley01,16,21,0,0,21,0.5,1.0,1.0
family,Ackley01,17,21,0,0,21,0.5,1.0,1.0
family,Ackley01,18,21,0,0,21,0.5,1.0,1.0
family,Ackley01,19,21,0,0,21,0.5,1.0,1.0
family,Ackley01,20,21,0,0,21,0.5,1.0,1.0
family,Ackley01,21,21,5,2,14,0.7142857142857143,1.0,1.0
family,Ackley01,22,21,8,2,11,0.8,1.0,1.0
family,Ackley01,23,21,8,3,10,0.7272727272727273,1.0,1.0
family,Ackley01,24,21,10,3,8,0.7692307692307693,0.9960479666994566,1.0
family,Ackley01,25,21,11,3,7,0.7857142857142857,0.9867909016259377,1.0
family,Ackley01,26,21,11,4,6,0.7333333333333333,0.981725520333054,1.0
family,Ackley01,27,21,11,4,6,0.7333333333333333,0.981725520333054,1.0
family,Ackley01,28,21,11,4,6,0.7333333333333333,0.9779274141000373,1.0
family,Ackley01,29,21,10,5,6,0.6666666666666666,0.9779274141000373,1.0
family,Ackley01,30,21,10,5,6,0.6666666666666666,0.9779274141000373,1.0
family,Ackley01,31,21,10,5,6,0.6666666666666666,0.9779274141000373,1.0
family,Ackley01,32,21,10,6,5,0.625,0.9779274141000373,0.9997483139338443
family,Ackley01,33,21,10,6,5,0.625,0.9779274141000373,0.9997483139338443
family,Ackley01,34,21,11,6,4,0.6470588235294118,0.9779274141000373,0.9997483139338443
family,Ackley01,35,21,11,6,4,0.6470588235294118,0.9779274141000373,0.9997483139338443
family,Ackley01,36,21,11,6,4,0.6470588235294118,0.9779274141000373,0.9997483139338443
family,Ackley01,37,21,11,6,4,0.6470588235294118,0.9779274141000373,0.9997483139338443
family,Ackley01,38,21,12,6,3,0.6666666666666666,0.9779274141000373,0.9970621127683711
family,Ackley01,39,21,12,6,3,0.6666666666666666,0.9594147167131898,0.9970621127683711
family,Ackley01,40,21,12,6,3,0.6666666666666666,0.9594147167131898,0.9970621127683711
family,Ackley01,41,21,12,6,3,0.6666666666666666,0.9594147167131898,0.9916817455847502
family,Ackley01,42,21,12,7,2,0.631578947368421,0.9590398272936758,0.9914717574829625
family,Ackley01,43,21,13,7,1,0.65,0.957426025703868,0.9864702945180829
family,Ackley01,44,21,13,7,1,0.65,0.9564695220699718,0.9864702945180829
family,Ackley01,45,21,13,7,1,0.65,0.9564695220699718,0.9864702945180829
family,Ackley01,46,21,13,7,1,0.65,0.9564695220699718,0.9864702945180829
family,Ackley01,47,21,13,7,1,0.65,0.9404273473988944,0.9864702945180829
family,Ackley01,48,21,13,7,1,0.65,0.9404273473988944,0.9864702945180829
family,Ackley01,49,21,13,7,1,0.65,0.9401076141213097,0.9864702945180829
family,Ackley01,50,21,13,7,1,0.65,0.9401076141213097,0.9864702945180829
family,Ackley01,51,21,13,8,0,0.6190476190476191,0.9354038685200402,0.9864702945180829
family,Ackley01,52,21,13,8,0,0.6190476190476191,0.9354038685200402,0.9864702945180829
family,Ackley01,53,21,13,8,0,0.6190476190476191,0.9354038685200402,0.9864702945180829
family,Ackley01,54,21,13,8,0,0.6190476190476191,0.9303083613294781,0.9864702945180829
family,Ackley01,55,21,13,8,0,0.6190476190476191,0.9274781255716449,0.9857994025313734
family,Ackley01,56,21,13,8,0,0.6190476190476191,0.9274781255716449,0.9850922815889653
family,Ackley01,57,21,13,8,0,0.6190476190476191,0.9274781255716449,0.9850922815889653
family,Ackley01,58,21,13,8,0,0.6190476190476191,0.9274781255716449,0.9850922815889653
family,Ackley01,59,21,13,8,0,0.6190476190476191,0.9274781255716449,0.9850922815889653
family,Ackley01,60,21,13,8,0,0.6190476190476191,0.913706052629611,0.9850922815889653
family,Ackley01,61,21,13,8,0,0.6190476190476191,0.913706052629611,0.9850922815889653
family,Ackley01,62,21,13,8,0,0.6190476190476191,0.913706052629611,0.984610019054078
family,Ackley01,63,21,13,8,0,0.6190476190476191,0.913706052629611,0.984610019054078
family,Ackley01,64,21,13,8,0,0.6190476190476191,0.913706052629611,0.984610019054078
family,Ackley01,65,21,13,8,0,0.6190476190476191,0.913706052629611,0.984610019054078
family,Ackley01,66,21,14,7,0,0.6666666666666666,0.913706052629611,0.984610019054078
family,Ackley01,67,21,14,7,0,0.6666666666666666,0.913706052629611,0.984610019054078
family,Ackley01,68,21,14,7,0,0.6666666666666666,0.913706052629611,0.984610019054078
family,Ackley01,69,21,14,7,0,0.6666666666666666,0.913706052629611,0.984610019054078
family,Ackley01,70,21,14,7,0,0.6666666666666666,0.913706052629611,0.984610019054078
family,Ackley01,71,21,15,6,0,0.7142857142857143,0.913706052629611,0.984610019054078
family,Ackley01,72,21,15,6,0,0.7142857142857143,0.913706052629611,0.9826554201758683
family,Ackley01,73,21,15,6,0,0.7142857142857143,0.913706052629611,0.9815855769698701
family,Ackley01,74,21,15,6,0,0.7142857142857143,0.913706052629611,0.9815855769698701
family,Ackley01,75,21,15,6,0,0.7142857142857143,0.913706052629611,0.9815855769698701
family,Ackley01,76,21,15,6,0,0.7142857142857143,0.913706052629611,0.9815855769698701
family,Ackley01,77,21,15,6,0,0.7142857142857143,0.913706052629611,0.9815855769698701
family,Ackley01,78,21,15,6,0,0.7142857142857143,0.913706052629611,0.9815855769698701
family,Ackley01,79,21,15,6,0,0.7142857142857143,0.913706052629611,0.9815855769698701
family,Ackley01,80,21,15,6,0,0.7142857142857143,0.8950150233564141,0.9815855769698701
family,Ackley01,81,21,15,6,0,0.7142857142857143,0.8950150233564141,0.9796895796672936
family,Ackley01,82,21,15,6,0,0.7142857142857143,0.8661689682905347,0.9744474110967609
family,Ackley01,83,21,15,6,0,0.7142857142857143,0.8661689682905347,0.9744474110967609
family,Ackley01,84,21,15,6,0,0.7142857142857143,0.8661689682905347,0.9744474110967609
family,Ackley01,85,21,15,6,0,0.7142857142857143,0.8661689682905347,0.9744474110967609
family,Ackley01,86,21,14,7,0,0.6666666666666666,0.8661689682905347,0.9417179690292529
family,Ackley01,87,21,14,7,0,0.6666666666666666,0.8504928293004623,0.9417179690292529
family,Ackley01,88,21,15,6,0,0.7142857142857143,0.8504928293004623,0.9417179690292529
family,Ackley01,89,21,15,6,0,0.7142857142857143,0.8504928293004623,0.9417179690292529
family,Ackley01,90,21,15,6,0,0.7142857142857143,0.8504928293004623,0.9417179690292529
family,Ackley01,91,21,16,5,0,0.7619047619047619,0.8504928293004623,0.9417179690292529
family,Ackley01,92,21,16,5,0,0.7619047619047619,0.8504928293004623,0.9417179690292529
family,Ackley01,93,21,16,5,0,0.7619047619047619,0.8504928293004623,0.9417179690292529
family,Ackley01,94,21,16,5,0,0.7619047619047619,0.836269091507461,0.9417179690292529
family,Ackley01,95,21,16,5,0,0.7619047619047619,0.836269091507461,0.9417179690292529
family,Ackley01,96,21,16,5,0,0.7619047619047619,0.836269091507461,0.9417179690292529
family,Ackley01,97,21,16,5,0,0.7619047619047619,0.836269091507461,0.9417179690292529
family,Ackley01,98,21,16,5,0,0.7619047619047619,0.836269091507461,0.9417179690292529
family,Ackley01,99,21,16,5,0,0.7619047619047619,0.8336714015732288,0.9417179690292529
family,Ackley01,100,21,16,5,0,0.7619047619047619,0.8336714015732288,0.9417179690292529
family,Ackley01,101,21,16,5,0,0.7619047619047619,0.7402093666230878,0.9417179690292529
family,Ackley01,102,21,16,5,0,0.7619047619047619,0.7402093666230878,0.9417179690292529
family,Ackley01,103,21,16,5,0,0.7619047619047619,0.7402093666230878,0.9417179690292529
family,Ackley01,104,21,16,5,0,0.7619047619047619,0.7402093666230878,0.9417179690292529
family,Ackley01,105,21,16,5,0,0.7619047619047619,0.7374870921817024,0.9417179690292529
family,Ackley01,106,21,16,5,0,0.7619047619047619,0.6192175513113466,0.9372173419857042
family,Ackley01,107,21,16,5,0,0.7619047619047619,0.6192175513113466,0.9372173419857042
family,Ackley01,108,21,16,5,0,0.7619047619047619,0.6192175513113466,0.9372173419857042
family,Ackley01,109,21,16,5,0,0.7619047619047619,0.6192175513113466,0.9372173419857042
family,Ackley01,110,21,16,5,0,0.7619047619047619,0.6192175513113466,0.9372173419857042
family,Ackley01,111,21,16,5,0,0.7619047619047619,0.6192175513113466,0.9372173419857042
family,Ackley01,112,21,16,5,0,0.7619047619047619,0.6192175513113466,0.9372173419857042
family,Ackley01,113,21,16,5,0,0.7619047619047619,0.5711574908712239,0.9372173419857042
family,Ackley01,114,21,16,5,0,0.7619047619047619,0.5711574908712239,0.9372173419857042
family,Ackley01,115,21,16,5,0,0.7619047619047619,0.5711574908712239,0.9191636042803272
family,Ackley01,116,21,16,5,0,0.7619047619047619,0.5711574908712239,0.9191636042803272
family,Ackley01,117,21,16,5,0,0.7619047619047619,0.5711574908712239,0.9191636042803272
family,Ackley01,118,21,16,5,0,0.7619047619047619,0.5513766809045474,0.9191636042803272
family,Ackley01,119,21,16,5,0,0.7619047619047619,0.4878295843694407,0.9191636042803272
family,Ackley01,120,21,16,5,0,0.7619047619047619,0.4878295843694407,0.9183904740781204
family,Beale,1,3,0,0,3,0.5,187.64276484006118,187.64276484006118
family,Beale,2,3,0,0,3,0.5,3.391767648390962,3.391767648390962
family,Beale,3,3,0,0,3,0.5,3.391767648390962,3.391767648390962
family,Beale,4,3,0,0,3,0.5,3.391767648390962,3.391767648390962
family,Beale,5,3,0,0,3,0.5,3.391767648390962,3.391767648390962
family,Beale,6,3,0,0,3,0.5,1.0,1.0
family,Beale,7,3,0,0,3,0.5,1.0,1.0
family,Beale,8,3,0,0,3,0.5,1.0,1.0
family,Beale,9,3,0,0,3,0.5,1.0,1.0
family,Beale,10,3,0,0,3,0.5,1.0,1.0
family,Beale,11,3,0,0,3,0.5,1.0,1.0
family,Beale,12,3,0,0,3,0.5,1.0,1.0
family,Beale,13,3,0,0,3,0.5,1.0,1.0
family,Beale,14,3,0,0,3,0.5,1.0,1.0
family,Beale,15,3,0,0,3,0.5,1.0,1.0
family,Beale,16,3,0,0,3,0.5,1.0,1.0
family,Beale,17,3,0,0,3,0.5,1.0,1.0
family,Beale,18,3,0,0,3,0.5,1.0,1.0
family,Beale,19,3,0,0,3,0.5,1.0,1.0
family,Beale,20,3,0,0,3,0.5,1.0,1.0
family,Beale,21,3,0,0,3,0.5,1.0,1.0
family,Beale,22,3,0,0,3,0.5,1.0,1.0
family,Beale,23,3,0,0,3,0.5,1.0,1.0
family,Beale,24,3,0,0,3,0.5,1.0,1.0
family,Beale,25,3,0,0,3,0.5,1.0,1.0
family,Beale,26,3,0,0,3,0.5,1.0,1.0
family,Beale,27,3,0,0,3,0.5,1.0,1.0
family,Beale,28,3,0,0,3,0.5,1.0,1.0
family,Beale,29,3,0,0,3,0.5,1.0,1.0
family,Beale,30,3,0,0,3,0.5,1.0,1.0
family,Beale,31,3,1,0,2,1.0,1.0,1.0
family,Beale,32,3,1,0,2,1.0,1.0,1.0
family,Beale,33,3,1,0,2,1.0,1.0,1.0
family,Beale,34,3,1,0,2,1.0,1.0,1.0
family,Beale,35,3,1,0,2,1.0,1.0,1.0
family,Beale,36,3,1,0,2,1.0,1.0,1.0
family,Beale,37,3,1,0,2,1.0,1.0,1.0
family,Beale,38,3,1,0,2,1.0,1.0,1.0
family,Beale,39,3,1,0,2,1.0,1.0,1.0
family,Beale,40,3,1,0,2,1.0,1.0,1.0
family,Beale,41,3,1,0,2,1.0,1.0,1.0
family,Beale,42,3,1,0,2,1.0,1.0,1.0
family,Beale,43,3,1,0,2,1.0,1.0,1.0
family,Beale,44,3,1,0,2,1.0,1.0,1.0
family,Beale,45,3,1,0,2,1.0,1.0,1.0
family,Beale,46,3,1,0,2,1.0,1.0,1.0
family,Beale,47,3,2,0,1,1.0,0.9931913466698188,1.0
family,Beale,48,3,2,0,1,1.0,0.9931913466698188,1.0
family,Beale,49,3,2,0,1,1.0,0.8372254554564571,0.9996199020105645
family,Beale,50,3,2,0,1,1.0,0.8372254554564571,0.9996199020105645
family,Beale,51,3,2,0,1,1.0,0.8372254554564571,0.9996199020105645
family,Beale,52,3,2,0,1,1.0,0.8372254554564571,0.9996199020105645
family,Beale,53,3,2,0,1,1.0,0.8372254554564571,0.9996199020105645
family,Beale,54,3,2,0,1,1.0,0.8372254554564571,0.9996199020105645
family,Beale,55,3,2,0,1,1.0,0.8372254554564571,0.9996199020105645
family,Beale,56,3,2,0,1,1.0,0.8372254554564571,0.9996199020105645
family,Beale,57,3,2,0,1,1.0,0.8372254554564571,0.9996199020105645
family,Beale,58,3,2,0,1,1.0,0.8372254554564571,0.9996199020105645
family,Beale,59,3,2,0,1,1.0,0.8372254554564571,0.9996199020105645
family,Beale,60,3,2,0,1,1.0,0.8372254554564571,0.9996199020105645
family,Beale,61,3,2,0,1,1.0,0.8372254554564571,0.9996199020105645
family,Beale,62,3,2,0,1,1.0,0.8372254554564571,0.9941042794441926
family,Beale,63,3,2,0,1,1.0,0.8372254554564571,0.9941042794441926
family,Beale,64,3,2,0,1,1.0,0.8372254554564571,0.9650792912941858
family,Beale,65,3,2,0,1,1.0,0.8372254554564571,0.9650792912941858
family,Beale,66,3,2,0,1,1.0,0.8372254554564571,0.9650792912941858
family,Beale,67,3,2,0,1,1.0,0.8372254554564571,0.9650792912941858
family,Beale,68,3,2,0,1,1.0,0.8372254554564571,0.9650792912941858
family,Beale,69,3,2,0,1,1.0,0.8372254554564571,0.9650792912941858
family,Beale,70,3,2,0,1,1.0,0.8372254554564571,0.9650792912941858
family,Beale,71,3,2,0,1,1.0,0.8372254554564571,0.9650792912941858
family,Beale,72,3,2,0,1,1.0,0.8372254554564571,0.9650792912941858
family,Beale,73,3,2,0,1,1.0,0.8372254554564571,0.9650792912941858
family,Beale,74,3,2,0,1,1.0,0.8372254554564571,0.9650792912941858
family,Beale,75,3,2,0,1,1.0,0.8372254554564571,0.9650792912941858
family,Beale,76,3,2,0,1,1.0,0.8372254554564571,0.9650792912941858
family,Beale,77,3,2,0,1,1.0,0.8372254554564571,0.9650792912941858
family,Beale,78,3,2,0,1,1.0,0.8372254554564571,0.9650792912941858
family,Beale,79,3,2,0,1,1.0,0.8372254554564571,0.9650792912941858
family,Beale,80,3,2,0,1,1.0,0.8372254554564571,0.9311425438685155
family,Beale,81,3,2,0,1,1.0,0.8372254554564571,0.9311425438685155
family,Beale,82,3,2,0,1,1.0,0.8372254554564571,0.9311425438685155
family,Beale,83,3,2,0,1,1.0,0.8372254554564571,0.9311425438685155
family,Beale,84,3,2,0,1,1.0,0.8372254554564571,0.9311425438685155
family,Beale,85,3,2,0,1,1.0,0.8372254554564571,0.9311425438685155
family,Beale,86,3,2,0,1,1.0,0.8372254554564571,0.9311425438685155
family,Beale,87,3,2,0,1,1.0,0.8372254554564571,0.9311425438685155
family,Beale,88,3,1,1,1,0.5,0.8372254554564571,0.7957855015469858
family,Beale,89,3,1,1,1,0.5,0.8372254554564571,0.7957855015469858
family,Beale,90,3,1,1,1,0.5,0.8372254554564571,0.7957855015469858
family,Beale,91,3,1,1,1,0.5,0.8372254554564571,0.7194649778398463
family,Beale,92,3,1,1,1,0.5,0.8372254554564571,0.7194649778398463
family,Beale,93,3,1,1,1,0.5,0.8372254554564571,0.7194649778398463
family,Beale,94,3,1,1,1,0.5,0.8372254554564571,0.7194649778398463
family,Beale,95,3,1,2,0,0.3333333333333333,0.8372254554564571,0.6599141730103204
family,Beale,96,3,1,2,0,0.3333333333333333,0.8372254554564571,0.6599141730103204
family,Beale,97,3,1,2,0,0.3333333333333333,0.8372254554564571,0.6599141730103204
family,Beale,98,3,1,2,0,0.3333333333333333,0.8372254554564571,0.6599141730103204
family,Beale,99,3,1,2,0,0.3333333333333333,0.8372254554564571,0.6599141730103204
family,Beale,100,3,1,2,0,0.3333333333333333,0.8372254554564571,0.6599141730103204
family,Beale,101,3,1,2,0,0.3333333333333333,0.8372254554564571,0.6599141730103204
family,Beale,102,3,1,2,0,0.3333333333333333,0.8372254554564571,0.6599141730103204
family,Beale,103,3,1,2,0,0.3333333333333333,0.8372254554564571,0.6599141730103204
family,Beale,104,3,1,2,0,0.3333333333333333,0.8372254554564571,0.6599141730103204
family,Beale,105,3,1,2,0,0.3333333333333333,0.8372254554564571,0.6599141730103204
family,Beale,106,3,1,2,0,0.3333333333333333,0.8372254554564571,0.6599141730103204
family,Beale,107,3,1,2,0,0.3333333333333333,0.8372254554564571,0.6599141730103204
family,Beale,108,3,1,2,0,0.3333333333333333,0.8372254554564571,0.6599141730103204
family,Beale,109,3,1,2,0,0.3333333333333333,0.8372254554564571,0.6599141730103204
family,Beale,110,3,1,2,0,0.3333333333333333,0.8372254554564571,0.6599141730103204
family,Beale,111,3,1,2,0,0.3333333333333333,0.8372254554564571,0.6599141730103204
family,Beale,112,3,1,2,0,0.3333333333333333,0.8372254554564571,0.6599141730103204
family,Beale,113,3,1,2,0,0.3333333333333333,0.8372254554564571,0.6599141730103204
family,Beale,114,3,1,2,0,0.3333333333333333,0.8372254554564571,0.6599141730103204
family,Beale,115,3,1,2,0,0.3333333333333333,0.8372254554564571,0.49538079614071523
family,Beale,116,3,1,2,0,0.3333333333333333,0.8372254554564571,0.49538079614071523
family,Beale,117,3,1,2,0,0.3333333333333333,0.8372254554564571,0.49538079614071523
family,Beale,118,3,1,2,0,0.3333333333333333,0.8372254554564571,0.49538079614071523
family,Beale,119,3,1,2,0,0.3333333333333333,0.8372254554564571,0.49538079614071523
family,Beale,120,3,1,2,0,0.3333333333333333,0.8372254554564571,0.49538079614071523
family,Branin01,1,3,0,0,3,0.5,10.248347381799096,10.248347381799096
family,Branin01,2,3,0,0,3,0.5,6.682610407274719,6.682610407274719
family,Branin01,3,3,0,0,3,0.5,6.682610407274719,6.682610407274719
family,Branin01,4,3,0,0,3,0.5,3.3894924739047894,3.3894924739047894
family,Branin01,5,3,0,0,3,0.5,2.093788961258907,2.093788961258907
family,Branin01,6,3,0,0,3,0.5,2.093788961258907,2.093788961258907
family,Branin01,7,3,0,0,3,0.5,2.093788961258907,2.093788961258907
family,Branin01,8,3,0,0,3,0.5,2.093788961258907,2.093788961258907
family,Branin01,9,3,0,0,3,0.5,2.093788961258907,2.093788961258907
family,Branin01,10,3,0,0,3,0.5,2.093788961258907,2.093788961258907
family,Branin01,11,3,0,0,3,0.5,1.4911455860565797,1.4911455860565797
family,Branin01,12,3,0,0,3,0.5,1.4911455860565797,1.4911455860565797
family,Branin01,13,3,0,0,3,0.5,1.3844839459505798,1.3844839459505798
family,Branin01,14,3,0,0,3,0.5,1.3844839459505798,1.3844839459505798
family,Branin01,15,3,0,0,3,0.5,1.0,1.0
family,Branin01,16,3,0,0,3,0.5,1.0,1.0
family,Branin01,17,3,0,0,3,0.5,1.0,1.0
family,Branin01,18,3,0,0,3,0.5,1.0,1.0
family,Branin01,19,3,0,0,3,0.5,1.0,1.0
family,Branin01,20,3,0,0,3,0.5,1.0,1.0
family,Branin01,21,3,1,0,2,1.0,1.0,1.0
family,Branin01,22,3,0,1,2,0.0,1.0,1.0
family,Branin01,23,3,0,1,2,0.0,1.0,1.0
family,Branin01,24,3,0,1,2,0.0,1.0,1.0
family,Branin01,25,3,1,2,0,0.3333333333333333,0.9327029588212474,0.6468096228968513
family,Branin01,26,3,2,1,0,0.6666666666666666,0.22528007094425787,0.6468096228968513
family,Branin01,27,3,2,1,0,0.6666666666666666,0.22528007094425787,0.6468096228968513
family,Branin01,28,3,2,1,0,0.6666666666666666,0.22528007094425787,0.6468096228968513
family,Branin01,29,3,2,1,0,0.6666666666666666,0.22528007094425787,0.6468096228968513
family,Branin01,30,3,2,1,0,0.6666666666666666,0.22528007094425787,0.6468096228968513
family,Branin01,31,3,2,1,0,0.6666666666666666,0.22528007094425787,0.6468096228968513
family,Branin01,32,3,3,0,0,1.0,0.19675862044232909,0.6468096228968513
family,Branin01,33,3,3,0,0,1.0,0.19675862044232909,0.6468096228968513
family,Branin01,34,3,3,0,0,1.0,0.19675862044232909,0.6468096228968513
family,Branin01,35,3,3,0,0,1.0,0.19675862044232909,0.6468096228968513
family,Branin01,36,3,3,0,0,1.0,0.19675862044232909,0.6468096228968513
family,Branin01,37,3,3,0,0,1.0,0.19675862044232909,0.6468096228968513
family,Branin01,38,3,3,0,0,1.0,0.19675862044232909,0.6468096228968513
family,Branin01,39,3,3,0,0,1.0,0.19675862044232909,0.6468096228968513
family,Branin01,40,3,3,0,0,1.0,0.036184491466831885,0.6468096228968513
family,Branin01,41,3,3,0,0,1.0,0.036184491466831885,0.6468096228968513
family,Branin01,42,3,3,0,0,1.0,0.036184491466831885,0.6468096228968513
family,Branin01,43,3,3,0,0,1.0,0.036184491466831885,0.6468096228968513
family,Branin01,44,3,3,0,0,1.0,0.036184491466831885,0.6468096228968513
family,Branin01,45,3,3,0,0,1.0,0.036184491466831885,0.6468096228968513
family,Branin01,46,3,3,0,0,1.0,0.034060711791463166,0.6468096228968513
family,Branin01,47,3,3,0,0,1.0,0.023203868191977315,0.6468096228968513
family,Branin01,48,3,3,0,0,1.0,0.016753608483040236,0.6468096228968513
family,Branin01,49,3,3,0,0,1.0,0.016753608483040236,0.6468096228968513
family,Branin01,50,3,3,0,0,1.0,0.016753608483040236,0.5055650180469944
family,Branin01,51,3,3,0,0,1.0,0.016753608483040236,0.5055650180469944
family,Branin01,52,3,3,0,0,1.0,0.016753608483040236,0.5055650180469944
family,Branin01,53,3,3,0,0,1.0,0.016753608483040236,0.5055650180469944
family,Branin01,54,3,3,0,0,1.0,0.013631544856343075,0.5055650180469944
family,Branin01,55,3,3,0,0,1.0,0.013631544856343075,0.5055650180469944
family,Branin01,56,3,3,0,0,1.0,0.008640114167684548,0.5055650180469944
family,Branin01,57,3,3,0,0,1.0,0.008640114167684548,0.5055650180469944
family,Branin01,58,3,3,0,0,1.0,0.008640114167684548,0.5055650180469944
family,Branin01,59,3,3,0,0,1.0,0.008640114167684548,0.5055650180469944
family,Branin01,60,3,3,0,0,1.0,0.008640114167684548,0.5055650180469944
family,Branin01,61,3,3,0,0,1.0,0.0045833746957940355,0.5055650180469944
family,Branin01,62,3,3,0,0,1.0,0.0045833746957940355,0.5055650180469944
family,Branin01,63,3,3,0,0,1.0,0.0045833746957940355,0.5055650180469944
family,Branin01,64,3,3,0,0,1.0,0.0045833746957940355,0.5055650180469944
family,Branin01,65,3,3,0,0,1.0,0.0035510206194795655,0.5055650180469944
family,Branin01,66,3,3,0,0,1.0,0.0035510206194795655,0.5055650180469944
family,Branin01,67,3,3,0,0,1.0,0.0035510206194795655,0.3361098554752609
family,Branin01,68,3,3,0,0,1.0,0.0027747519964222978,0.3361098554752609
family,Branin01,69,3,3,0,0,1.0,0.0027747519964222978,0.3361098554752609
family,Branin01,70,3,3,0,0,1.0,0.0027747519964222978,0.3361098554752609
family,Branin01,71,3,3,0,0,1.0,0.0014406456241922519,0.3361098554752609
family,Branin01,72,3,3,0,0,1.0,0.0014406456241922519,0.3361098554752609
family,Branin01,73,3,3,0,0,1.0,0.0014406456241922519,0.3361098554752609
family,Branin01,74,3,3,0,0,1.0,0.0002317205370417075,0.3361098554752609
family,Branin01,75,3,3,0,0,1.0,0.0002317205370417075,0.3361098554752609
family,Branin01,76,3,3,0,0,1.0,0.0002317205370417075,0.3361098554752609
family,Branin01,77,3,3,0,0,1.0,0.0002317205370417075,0.3361098554752609
family,Branin01,78,3,3,0,0,1.0,0.0002317205370417075,0.3361098554752609
family,Branin01,79,3,3,0,0,1.0,0.0002317205370417075,0.3361098554752609
family,Branin01,80,3,3,0,0,1.0,0.0002317205370417075,0.3361098554752609
family,Branin01,81,3,3,0,0,1.0,0.0002317205370417075,0.3361098554752609
family,Branin01,82,3,3,0,0,1.0,0.0002317205370417075,0.3361098554752609
family,Branin01,83,3,3,0,0,1.0,4.1835866050928524e-05,0.3361098554752609
family,Branin01,84,3,3,0,0,1.0,4.1835866050928524e-05,0.3361098554752609
family,Branin01,85,3,3,0,0,1.0,4.1835866050928524e-05,0.3361098554752609
family,Branin01,86,3,3,0,0,1.0,4.1835866050928524e-05,0.3361098554752609
family,Branin01,87,3,3,0,0,1.0,4.1835866050928524e-05,0.3361098554752609
family,Branin01,88,3,3,0,0,1.0,4.1835866050928524e-05,0.0499473864354529
family,Branin01,89,3,3,0,0,1.0,4.1835866050928524e-05,0.0499473864354529
family,Branin01,90,3,3,0,0,1.0,4.1835866050928524e-05,0.0499473864354529
family,Branin01,91,3,3,0,0,1.0,4.1835866050928524e-05,0.0499473864354529
family,Branin01,92,3,3,0,0,1.0,4.1835866050928524e-05,0.0499473864354529
family,Branin01,93,3,3,0,0,1.0,4.1835866050928524e-05,0.0499473864354529
family,Branin01,94,3,3,0,0,1.0,4.1835866050928524e-05,0.0499473864354529
family,Branin01,95,3,3,0,0,1.0,4.1835866050928524e-05,0.0499473864354529
family,Branin01,96,3,3,0,0,1.0,4.1835866050928524e-05,0.0499473864354529
family,Branin01,97,3,3,0,0,1.0,4.1835866050928524e-05,0.0499473864354529
family,Branin01,98,3,3,0,0,1.0,4.1835866050928524e-05,0.0499473864354529
family,Branin01,99,3,3,0,0,1.0,4.1835866050928524e-05,0.0499473864354529
family,Branin01,100,3,3,0,0,1.0,4.1835866050928524e-05,0.0499473864354529
family,Branin01,101,3,3,0,0,1.0,4.1835866050928524e-05,0.0499473864354529
family,Branin01,102,3,3,0,0,1.0,4.1835866050928524e-05,0.0499473864354529
family,Branin01,103,3,3,0,0,1.0,4.1835866050928524e-05,0.0499473864354529
family,Branin01,104,3,3,0,0,1.0,4.1835866050928524e-05,0.0499473864354529
family,Branin01,105,3,3,0,0,1.0,4.1835866050928524e-05,0.0499473864354529
family,Branin01,106,3,3,0,0,1.0,4.1835866050928524e-05,0.0499473864354529
family,Branin01,107,3,3,0,0,1.0,9.020907183662408e-06,0.0499473864354529
family,Branin01,108,3,3,0,0,1.0,9.020907183662408e-06,0.0499473864354529
family,Branin01,109,3,3,0,0,1.0,9.020907183662408e-06,0.03810383950091867
family,Branin01,110,3,3,0,0,1.0,9.020907183662408e-06,0.03810383950091867
family,Branin01,111,3,3,0,0,1.0,9.020907183662408e-06,0.03810383950091867
family,Branin01,112,3,3,0,0,1.0,9.020907183662408e-06,0.03810383950091867
family,Branin01,113,3,3,0,0,1.0,9.020907183662408e-06,0.03810383950091867
family,Branin01,114,3,3,0,0,1.0,9.020907183662408e-06,0.03810383950091867
family,Branin01,115,3,3,0,0,1.0,9.020907183662408e-06,0.03810383950091867
family,Branin01,116,3,3,0,0,1.0,9.020907183662408e-06,0.03810383950091867
family,Branin01,117,3,3,0,0,1.0,9.020907183662408e-06,0.03810383950091867
family,Branin01,118,3,3,0,0,1.0,7.888640652755077e-06,0.03810383950091867
family,Branin01,119,3,3,0,0,1.0,7.888640652755077e-06,0.03810383950091867
family,Branin01,120,3,3,0,0,1.0,7.888640652755077e-06,0.03810383950091867
family,Brown,1,9,0,0,9,0.5,13631.196725572388,13631.196725572388
family,Brown,2,9,0,0,9,0.5,7238.8022424243045,7238.8022424243045
family,Brown,3,9,0,0,9,0.5,5.72549654507106,5.72549654507106
family,Brown,4,9,0,0,9,0.5,4.413237255345273,4.413237255345273
family,Brown,5,9,0,0,9,0.5,3.357244948171549,3.357244948171549
family,Brown,6,9,0,0,9,0.5,3.357244948171549,3.357244948171549
family,Brown,7,9,0,0,9,0.5,1.0,1.0
family,Brown,8,9,0,0,9,0.5,1.0,1.0
family,Brown,9,9,0,0,9,0.5,1.0,1.0
family,Brown,10,9,0,0,9,0.5,1.0,1.0
family,Brown,11,9,0,0,9,0.5,1.0,1.0
family,Brown,12,9,0,0,9,0.5,1.0,1.0
family,Brown,13,9,0,0,9,0.5,1.0,1.0
family,Brown,14,9,0,0,9,0.5,1.0,1.0
family,Brown,15,9,0,0,9,0.5,1.0,1.0
family,Brown,16,9,0,0,9,0.5,1.0,1.0
family,Brown,17,9,0,0,9,0.5,1.0,1.0
family,Brown,18,9,0,0,9,0.5,1.0,1.0
family,Brown,19,9,0,0,9,0.5,1.0,1.0
family,Brown,20,9,0,0,9,0.5,1.0,1.0
family,Brown,21,9,1,1,7,0.5,1.0,1.0
family,Brown,22,9,1,1,7,0.5,1.0,1.0
family,Brown,23,9,1,1,7,0.5,1.0,1.0
family,Brown,24,9,1,2,6,0.3333333333333333,1.0,1.0
family,Brown,25,9,2,1,6,0.6666666666666666,1.0,1.0
family,Brown,26,9,2,1,6,0.6666666666666666,1.0,1.0
family,Brown,27,9,2,2,5,0.5,1.0,1.0
family,Brown,28,9,2,2,5,0.5,1.0,1.0
family,Brown,29,9,2,2,5,0.5,1.0,1.0
family,Brown,30,9,2,3,4,0.4,1.0,1.0
family,Brown,31,9,2,4,3,0.3333333333333333,1.0,0.8169004944932456
family,Brown,32,9,2,4,3,0.3333333333333333,1.0,0.8169004944932456
family,Brown,33,9,2,4,3,0.3333333333333333,1.0,0.8169004944932456
family,Brown,34,9,2,4,3,0.3333333333333333,1.0,0.8169004944932456
family,Brown,35,9,2,4,3,0.3333333333333333,1.0,0.8169004944932456
family,Brown,36,9,2,4,3,0.3333333333333333,1.0,0.8169004944932456
family,Brown,37,9,3,3,3,0.5,1.0,0.8169004944932456
family,Brown,38,9,3,3,3,0.5,1.0,0.8169004944932456
family,Brown,39,9,3,3,3,0.5,1.0,0.8169004944932456
family,Brown,40,9,3,3,3,0.5,1.0,0.8169004944932456
family,Brown,41,9,3,3,3,0.5,1.0,0.8169004944932456
family,Brown,42,9,3,4,2,0.42857142857142855,1.0,0.6759014924031389
family,Brown,43,9,3,5,1,0.375,1.0,0.6733791569112758
family,Brown,44,9,3,5,1,0.375,1.0,0.6733791569112758
family,Brown,45,9,3,5,1,0.375,1.0,0.6733791569112758
family,Brown,46,9,3,5,1,0.375,1.0,0.5679272827758637
family,Brown,47,9,3,5,1,0.375,1.0,0.5679272827758637
family,Brown,48,9,3,5,1,0.375,0.9011966263830762,0.5679272827758637
family,Brown,49,9,3,5,1,0.375,0.9011966263830762,0.5679272827758637
family,Brown,50,9,3,5,1,0.375,0.9011966263830762,0.5679272827758637
family,Brown,51,9,3,5,1,0.375,0.9011966263830762,0.4085290680449139
family,Brown,52,9,3,6,0,0.3333333333333333,0.9011966263830762,0.4085290680449139
family,Brown,53,9,3,6,0,0.3333333333333333,0.9011966263830762,0.4085290680449139
family,Brown,54,9,3,6,0,0.3333333333333333,0.9011966263830762,0.4085290680449139
family,Brown,55,9,3,6,0,0.3333333333333333,0.9011966263830762,0.4085290680449139
family,Brown,56,9,3,6,0,0.3333333333333333,0.9011966263830762,0.4085290680449139
family,Brown,57,9,3,6,0,0.3333333333333333,0.9011966263830762,0.36376426261567624
family,Brown,58,9,3,6,0,0.3333333333333333,0.9011966263830762,0.36376426261567624
family,Brown,59,9,3,6,0,0.3333333333333333,0.9011966263830762,0.36376426261567624
family,Brown,60,9,3,6,0,0.3333333333333333,0.9011966263830762,0.36376426261567624
family,Brown,61,9,3,6,0,0.3333333333333333,0.9011966263830762,0.36376426261567624
family,Brown,62,9,3,6,0,0.3333333333333333,0.4704138809095182,0.36376426261567624
family,Brown,63,9,3,6,0,0.3333333333333333,0.4704138809095182,0.36376426261567624
family,Brown,64,9,3,6,0,0.3333333333333333,0.4704138809095182,0.36376426261567624
family,Brown,65,9,3,6,0,0.3333333333333333,0.4704138809095182,0.36376426261567624
family,Brown,66,9,3,6,0,0.3333333333333333,0.4704138809095182,0.2834255955865226
family,Brown,67,9,3,6,0,0.3333333333333333,0.4704138809095182,0.2834255955865226
family,Brown,68,9,3,6,0,0.3333333333333333,0.4704138809095182,0.2834255955865226
family,Brown,69,9,3,6,0,0.3333333333333333,0.4704138809095182,0.2834255955865226
family,Brown,70,9,3,6,0,0.3333333333333333,0.4704138809095182,0.2834255955865226
family,Brown,71,9,3,6,0,0.3333333333333333,0.4704138809095182,0.2834255955865226
family,Brown,72,9,3,6,0,0.3333333333333333,0.4704138809095182,0.2834255955865226
family,Brown,73,9,3,6,0,0.3333333333333333,0.4704138809095182,0.2834255955865226
family,Brown,74,9,3,6,0,0.3333333333333333,0.4704138809095182,0.2834255955865226
family,Brown,75,9,3,6,0,0.3333333333333333,0.3415142533753497,0.2834255955865226
family,Brown,76,9,3,6,0,0.3333333333333333,0.3415142533753497,0.2834255955865226
family,Brown,77,9,3,6,0,0.3333333333333333,0.3415142533753497,0.2834255955865226
family,Brown,78,9,3,6,0,0.3333333333333333,0.3415142533753497,0.2629947084455595
family,Brown,79,9,3,6,0,0.3333333333333333,0.3415142533753497,0.2629947084455595
family,Brown,80,9,3,6,0,0.3333333333333333,0.3415142533753497,0.2629947084455595
family,Brown,81,9,3,6,0,0.3333333333333333,0.3415142533753497,0.25656068802384774
family,Brown,82,9,3,6,0,0.3333333333333333,0.3415142533753497,0.18385322610311008
family,Brown,83,9,3,6,0,0.3333333333333333,0.3415142533753497,0.18385322610311008
family,Brown,84,9,3,6,0,0.3333333333333333,0.3415142533753497,0.18385322610311008
family,Brown,85,9,3,6,0,0.3333333333333333,0.3415142533753497,0.18385322610311008
family,Brown,86,9,3,6,0,0.3333333333333333,0.3415142533753497,0.18385322610311008
family,Brown,87,9,3,6,0,0.3333333333333333,0.3415142533753497,0.18385322610311008
family,Brown,88,9,3,6,0,0.3333333333333333,0.3415142533753497,0.18385322610311008
family,Brown,89,9,2,7,0,0.2222222222222222,0.3415142533753497,0.18385322610311008
family,Brown,90,9,2,7,0,0.2222222222222222,0.3415142533753497,0.18385322610311008
family,Brown,91,9,2,7,0,0.2222222222222222,0.3415142533753497,0.18385322610311008
family,Brown,92,9,2,7,0,0.2222222222222222,0.3415142533753497,0.18385322610311008
family,Brown,93,9,2,7,0,0.2222222222222222,0.3415142533753497,0.13107932878715522
family,Brown,94,9,2,7,0,0.2222222222222222,0.3415142533753497,0.12215881814763752
family,Brown,95,9,2,7,0,0.2222222222222222,0.3415142533753497,0.12215881814763752
family,Brown,96,9,2,7,0,0.2222222222222222,0.3415142533753497,0.12215881814763752
family,Brown,97,9,1,8,0,0.1111111111111111,0.3415142533753497,0.12002504748010115
family,Brown,98,9,1,8,0,0.1111111111111111,0.3415142533753497,0.12002504748010115
family,Brown,99,9,1,8,0,0.1111111111111111,0.3415142533753497,0.12002504748010115
family,Brown,100,9,1,8,0,0.1111111111111111,0.3415142533753497,0.12002504748010115
family,Brown,101,9,1,8,0,0.1111111111111111,0.3415142533753497,0.12002504748010115
family,Brown,102,9,1,8,0,0.1111111111111111,0.3415142533753497,0.12002504748010115
family,Brown,103,9,1,8,0,0.1111111111111111,0.30719994987535937,0.12002504748010115
family,Brown,104,9,1,8,0,0.1111111111111111,0.30719994987535937,0.12002504748010115
family,Brown,105,9,1,8,0,0.1111111111111111,0.30719994987535937,0.12002504748010115
family,Brown,106,9,1,8,0,0.1111111111111111,0.30719994987535937,0.10375487135336733
family,Brown,107,9,1,8,0,0.1111111111111111,0.30719994987535937,0.10375487135336733
family,Brown,108,9,1,8,0,0.1111111111111111,0.30719994987535937,0.09325507513342603
family,Brown,109,9,1,8,0,0.1111111111111111,0.30719994987535937,0.09325507513342603
family,Brown,110,9,1,8,0,0.1111111111111111,0.30719994987535937,0.09325507513342603
family,Brown,111,9,1,8,0,0.1111111111111111,0.30719994987535937,0.09325507513342603
family,Brown,112,9,1,8,0,0.1111111111111111,0.30719994987535937,0.09325507513342603
family,Brown,113,9,1,8,0,0.1111111111111111,0.30719994987535937,0.09325507513342603
family,Brown,114,9,1,8,0,0.1111111111111111,0.30719994987535937,0.09325507513342603
family,Brown,115,9,1,8,0,0.1111111111111111,0.30719994987535937,0.09325507513342603
family,Brown,116,9,1,8,0,0.1111111111111111,0.30719994987535937,0.09325507513342603
family,Brown,117,9,0,9,0,0.0,0.30719994987535937,0.07305395764795623
family,Brown,118,9,0,9,0,0.0,0.30719994987535937,0.07305395764795623
family,Brown,119,9,0,9,0,0.0,0.30719994987535937,0.07305395764795623
family,Brown,120,9,0,9,0,0.0,0.30719994987535937,0.07305395764795623
family,CEC_F1,1,6,0,0,6,0.5,4.458474264758672,4.458474264758672
family,CEC_F1,2,6,0,0,6,0.5,3.0384085765086635,3.0384085765086635
family,CEC_F1,3,6,0,0,6,0.5,2.931290587248507,2.931290587248507
family,CEC_F1,4,6,0,0,6,0.5,1.664695803237277,1.664695803237277
family,CEC_F1,5,6,0,0,6,0.5,1.6349013200655986,1.6349013200655986
family,CEC_F1,6,6,0,0,6,0.5,1.6349013200655986,1.6349013200655986
family,CEC_F1,7,6,0,0,6,0.5,1.6349013200655986,1.6349013200655986
family,CEC_F1,8,6,0,0,6,0.5,1.5230343401937894,1.5230343401937894
family,CEC_F1,9,6,0,0,6,0.5,1.5230343401937894,1.5230343401937894
family,CEC_F1,10,6,0,0,6,0.5,1.5230343401937894,1.5230343401937894
family,CEC_F1,11,6,0,0,6,0.5,1.5230343401937894,1.5230343401937894
family,CEC_F1,12,6,0,0,6,0.5,1.5230343401937894,1.5230343401937894
family,CEC_F1,13,6,0,0,6,0.5,1.2192354434254975,1.2192354434254975
family,CEC_F1,14,6,0,0,6,0.5,1.0,1.0
family,CEC_F1,15,6,0,0,6,0.5,1.0,1.0
family,CEC_F1,16,6,0,0,6,0.5,1.0,1.0
family,CEC_F1,17,6,0,0,6,0.5,1.0,1.0
family,CEC_F1,18,6,0,0,6,0.5,1.0,1.0
family,CEC_F1,19,6,0,0,6,0.5,1.0,1.0
family,CEC_F1,20,6,0,0,6,0.5,1.0,1.0
family,CEC_F1,21,6,0,0,6,0.5,1.0,1.0
family,CEC_F1,22,6,2,1,3,0.6666666666666666,0.9102227461526765,1.0
family,CEC_F1,23,6,3,0,3,1.0,0.8647337305749432,1.0
family,CEC_F1,24,6,3,0,3,1.0,0.8647337305749432,1.0
family,CEC_F1,25,6,4,0,2,1.0,0.7359986429029892,1.0
family,CEC_F1,26,6,4,0,2,1.0,0.7359986429029892,1.0
family,CEC_F1,27,6,4,0,2,1.0,0.7359986429029892,1.0
family,CEC_F1,28,6,4,0,2,1.0,0.7359986429029892,1.0
family,CEC_F1,29,6,4,1,1,0.8,0.6107280857591775,0.9370087276674844
family,CEC_F1,30,6,4,1,1,0.8,0.6107280857591775,0.9370087276674844
family,CEC_F1,31,6,4,1,1,0.8,0.6107280857591775,0.9370087276674844
family,CEC_F1,32,6,4,1,1,0.8,0.6107280857591775,0.9370087276674844
family,CEC_F1,33,6,4,1,1,0.8,0.6107280857591775,0.9370087276674844
family,CEC_F1,34,6,4,1,1,0.8,0.6107280857591775,0.9370087276674844
family,CEC_F1,35,6,4,1,1,0.8,0.6107280857591775,0.9370087276674844
family,CEC_F1,36,6,4,1,1,0.8,0.6107280857591775,0.916366875849602
family,CEC_F1,37,6,4,1,1,0.8,0.6107280857591775,0.916366875849602
family,CEC_F1,38,6,4,1,1,0.8,0.6107280857591775,0.916366875849602
family,CEC_F1,39,6,4,1,1,0.8,0.6107280857591775,0.916366875849602
family,CEC_F1,40,6,4,1,1,0.8,0.6107280857591775,0.916366875849602
family,CEC_F1,41,6,3,2,1,0.6,0.6107280857591775,0.916366875849602
family,CEC_F1,42,6,3,2,1,0.6,0.6107280857591775,0.916366875849602
family,CEC_F1,43,6,3,2,1,0.6,0.6107280857591775,0.916366875849602
family,CEC_F1,44,6,3,2,1,0.6,0.6107280857591775,0.916366875849602
family,CEC_F1,45,6,2,3,1,0.4,0.5469128477274271,0.7810851741289124
family,CEC_F1,46,6,2,3,1,0.4,0.5469128477274271,0.7810851741289124
family,CEC_F1,47,6,2,3,1,0.4,0.5469128477274271,0.7004493902317757
family,CEC_F1,48,6,2,3,1,0.4,0.5469128477274271,0.7004493902317757
family,CEC_F1,49,6,3,2,1,0.6,0.5469128477274271,0.7004493902317757
family,CEC_F1,50,6,3,2,1,0.6,0.5469128477274271,0.7004493902317757
family,CEC_F1,51,6,3,2,1,0.6,0.5469128477274271,0.7004493902317757
family,CEC_F1,52,6,3,2,1,0.6,0.5469128477274271,0.7004493902317757
family,CEC_F1,53,6,3,2,1,0.6,0.5469128477274271,0.7004493902317757
family,CEC_F1,54,6,3,2,1,0.6,0.5469128477274271,0.7004493902317757
family,CEC_F1,55,6,3,2,1,0.6,0.5469128477274271,0.6320815161765215
family,CEC_F1,56,6,3,2,1,0.6,0.5469128477274271,0.6320815161765215
family,CEC_F1,57,6,3,2,1,0.6,0.5469128477274271,0.6320815161765215
family,CEC_F1,58,6,3,2,1,0.6,0.5469128477274271,0.6320815161765215
family,CEC_F1,59,6,2,3,1,0.4,0.5469128477274271,0.6320815161765215
family,CEC_F1,60,6,2,3,1,0.4,0.5469128477274271,0.6320815161765215
family,CEC_F1,61,6,2,3,1,0.4,0.5469128477274271,0.6289690705633169
family,CEC_F1,62,6,2,3,1,0.4,0.5469128477274271,0.5429708615192692
family,CEC_F1,63,6,2,3,1,0.4,0.5469128477274271,0.5429708615192692
family,CEC_F1,64,6,2,3,1,0.4,0.5469128477274271,0.5429708615192692
family,CEC_F1,65,6,1,4,1,0.2,0.5469128477274271,0.44672745727620444
family,CEC_F1,66,6,1,4,1,0.2,0.5469128477274271,0.44672745727620444
family,CEC_F1,67,6,1,4,1,0.2,0.5469128477274271,0.44672745727620444
family,CEC_F1,68,6,1,4,1,0.2,0.5469128477274271,0.44672745727620444
family,CEC_F1,69,6,1,4,1,0.2,0.5469128477274271,0.44672745727620444
family,CEC_F1,70,6,1,4,1,0.2,0.5469128477274271,0.39534464746749304
family,CEC_F1,71,6,1,4,1,0.2,0.5469128477274271,0.39534464746749304
family,CEC_F1,72,6,1,4,1,0.2,0.5469128477274271,0.39534464746749304
family,CEC_F1,73,6,1,4,1,0.2,0.5469128477274271,0.39534464746749304
family,CEC_F1,74,6,1,4,1,0.2,0.5469128477274271,0.39534464746749304
family,CEC_F1,75,6,2,3,1,0.4,0.5082445196965029,0.39534464746749304
family,CEC_F1,76,6,2,3,1,0.4,0.5082445196965029,0.39534464746749304
family,CEC_F1,77,6,2,3,1,0.4,0.5082445196965029,0.39534464746749304
family,CEC_F1,78,6,1,4,1,0.2,0.45432758354493497,0.39534464746749304
family,CEC_F1,79,6,1,4,1,0.2,0.45432758354493497,0.39534464746749304
family,CEC_F1,80,6,2,4,0,0.3333333333333333,0.45432758354493497,0.39534464746749304
family,CEC_F1,81,6,2,4,0,0.3333333333333333,0.45432758354493497,0.32880568992546655
family,CEC_F1,82,6,2,4,0,0.3333333333333333,0.45432758354493497,0.32880568992546655
family,CEC_F1,83,6,2,4,0,0.3333333333333333,0.45432758354493497,0.3275001250842158
family,CEC_F1,84,6,2,4,0,0.3333333333333333,0.45432758354493497,0.3275001250842158
family,CEC_F1,85,6,2,4,0,0.3333333333333333,0.45432758354493497,0.3275001250842158
family,CEC_F1,86,6,2,4,0,0.3333333333333333,0.45432758354493497,0.3275001250842158
family,CEC_F1,87,6,2,4,0,0.3333333333333333,0.45432758354493497,0.3275001250842158
family,CEC_F1,88,6,2,4,0,0.3333333333333333,0.45432758354493497,0.3275001250842158
family,CEC_F1,89,6,2,4,0,0.3333333333333333,0.45432758354493497,0.3275001250842158
family,CEC_F1,90,6,2,4,0,0.3333333333333333,0.45432758354493497,0.3275001250842158
family,CEC_F1,91,6,2,4,0,0.3333333333333333,0.45432758354493497,0.3275001250842158
family,CEC_F1,92,6,1,5,0,0.16666666666666666,0.45432758354493497,0.3275001250842158
family,CEC_F1,93,6,1,5,0,0.16666666666666666,0.45432758354493497,0.3275001250842158
family,CEC_F1,94,6,1,5,0,0.16666666666666666,0.45432758354493497,0.3275001250842158
family,CEC_F1,95,6,1,5,0,0.16666666666666666,0.45432758354493497,0.3275001250842158
family,CEC_F1,96,6,1,5,0,0.16666666666666666,0.45432758354493497,0.3275001250842158
family,CEC_F1,97,6,1,5,0,0.16666666666666666,0.42199514652896974,0.3275001250842158
family,CEC_F1,98,6,1,5,0,0.16666666666666666,0.42199514652896974,0.2908694826686943
family,CEC_F1,99,6,1,5,0,0.16666666666666666,0.42199514652896974,0.2908694826686943
family,CEC_F1,100,6,1,5,0,0.16666666666666666,0.42199514652896974,0.2908694826686943
family,CEC_F1,101,6,1,5,0,0.16666666666666666,0.42199514652896974,0.2908694826686943
family,CEC_F1,102,6,1,5,0,0.16666666666666666,0.42199514652896974,0.2908694826686943
family,CEC_F1,103,6,1,5,0,0.16666666666666666,0.42199514652896974,0.2908694826686943
family,CEC_F1,104,6,1,5,0,0.16666666666666666,0.42199514652896974,0.2856199603192361
family,CEC_F1,105,6,1,5,0,0.16666666666666666,0.42199514652896974,0.2829448875790179
family,CEC_F1,106,6,1,5,0,0.16666666666666666,0.36854251652745273,0.2829448875790179
family,CEC_F1,107,6,1,5,0,0.16666666666666666,0.34857998978451565,0.27490479022090075
family,CEC_F1,108,6,1,5,0,0.16666666666666666,0.34857998978451565,0.27490479022090075
family,CEC_F1,109,6,1,5,0,0.16666666666666666,0.34857998978451565,0.27490479022090075
family,CEC_F1,110,6,1,5,0,0.16666666666666666,0.34857998978451565,0.27490479022090075
family,CEC_F1,111,6,1,5,0,0.16666666666666666,0.34857998978451565,0.27490479022090075
family,CEC_F1,112,6,1,5,0,0.16666666666666666,0.34857998978451565,0.27490479022090075
family,CEC_F1,113,6,1,5,0,0.16666666666666666,0.34857998978451565,0.27490479022090075
family,CEC_F1,114,6,1,5,0,0.16666666666666666,0.34857998978451565,0.27490479022090075
family,CEC_F1,115,6,1,5,0,0.16666666666666666,0.34857998978451565,0.27490479022090075
family,CEC_F1,116,6,1,5,0,0.16666666666666666,0.34857998978451565,0.27490479022090075
family,CEC_F1,117,6,1,5,0,0.16666666666666666,0.34857998978451565,0.2593651568103632
family,CEC_F1,118,6,1,5,0,0.16666666666666666,0.34857998978451565,0.2593651568103632
family,CEC_F1,119,6,1,5,0,0.16666666666666666,0.32348501872714164,0.24988667226551392
family,CEC_F1,120,6,1,5,0,0.16666666666666666,0.2877672154166286,0.21414224158164816
family,CEC_F19,1,6,0,0,6,0.5,46.890657842444725,46.890657842444725
family,CEC_F19,2,6,0,0,6,0.5,6.21570634034207,6.21570634034207
family,CEC_F19,3,6,0,0,6,0.5,2.6351416614258625,2.6351416614258625
family,CEC_F19,4,6,0,0,6,0.5,2.6351416614258625,2.6351416614258625
family,CEC_F19,5,6,0,0,6,0.5,2.6351416614258625,2.6351416614258625
family,CEC_F19,6,6,0,0,6,0.5,2.6351416614258625,2.6351416614258625
family,CEC_F19,7,6,0,0,6,0.5,2.6351416614258625,2.6351416614258625
family,CEC_F19,8,6,0,0,6,0.5,1.4360195256041786,1.4360195256041786
family,CEC_F19,9,6,0,0,6,0.5,1.0,1.0
family,CEC_F19,10,6,0,0,6,0.5,1.0,1.0
family,CEC_F19,11,6,0,0,6,0.5,1.0,1.0
family,CEC_F19,12,6,0,0,6,0.5,1.0,1.0
family,CEC_F19,13,6,0,0,6,0.5,1.0,1.0
family,CEC_F19,14,6,0,0,6,0.5,1.0,1.0
family,CEC_F19,15,6,0,0,6,0.5,1.0,1.0
family,CEC_F19,16,6,0,0,6,0.5,1.0,1.0
family,CEC_F19,17,6,0,0,6,0.5,1.0,1.0
family,CEC_F19,18,6,0,0,6,0.5,1.0,1.0
family,CEC_F19,19,6,0,0,6,0.5,1.0,1.0
family,CEC_F19,20,6,0,0,6,0.5,1.0,1.0
family,CEC_F19,21,6,2,1,3,0.6666666666666666,1.0,1.0
family,CEC_F19,22,6,2,1,3,0.6666666666666666,0.9143641788222967,1.0
family,CEC_F19,23,6,3,1,2,0.75,0.8190185805719525,1.0
family,CEC_F19,24,6,3,1,2,0.75,0.8190185805719525,1.0
family,CEC_F19,25,6,4,1,1,0.8,0.7848964201734703,1.0
family,CEC_F19,26,6,3,2,1,0.6,0.7848964201734703,1.0
family,CEC_F19,27,6,3,2,1,0.6,0.7848964201734703,1.0
family,CEC_F19,28,6,3,2,1,0.6,0.7848964201734703,1.0
family,CEC_F19,29,6,3,2,1,0.6,0.7848964201734703,1.0
family,CEC_F19,30,6,2,3,1,0.4,0.7848964201734703,0.7092176610056483
family,CEC_F19,31,6,2,3,1,0.4,0.7848964201734703,0.7092176610056483
family,CEC_F19,32,6,2,3,1,0.4,0.7632892773614554,0.7092176610056483
family,CEC_F19,33,6,2,3,1,0.4,0.6460541319850284,0.7092176610056483
family,CEC_F19,34,6,2,3,1,0.4,0.6460541319850284,0.7092176610056483
family,CEC_F19,35,6,2,3,1,0.4,0.6460541319850284,0.7092176610056483
family,CEC_F19,36,6,2,3,1,0.4,0.5960824730318041,0.7092176610056483
family,CEC_F19,37,6,2,3,1,0.4,0.5960824730318041,0.6835072754939684
family,CEC_F19,38,6,2,3,1,0.4,0.5960824730318041,0.6835072754939684
family,CEC_F19,39,6,2,3,1,0.4,0.5089050012998202,0.40526914661763047
family,CEC_F19,40,6,2,3,1,0.4,0.5089050012998202,0.40526914661763047
family,CEC_F19,41,6,2,3,1,0.4,0.5089050012998202,0.40526914661763047
family,CEC_F19,42,6,3,2,1,0.6,0.26591813875413306,0.40526914661763047
family,CEC_F19,43,6,3,2,1,0.6,0.26591813875413306,0.40526914661763047
family,CEC_F19,44,6,3,2,1,0.6,0.26591813875413306,0.40526914661763047
family,CEC_F19,45,6,3,2,1,0.6,0.26591813875413306,0.37236940542170927
family,CEC_F19,46,6,3,2,1,0.6,0.26591813875413306,0.37236940542170927
family,CEC_F19,47,6,3,2,1,0.6,0.26591813875413306,0.37236940542170927
family,CEC_F19,48,6,3,2,1,0.6,0.26591813875413306,0.37236940542170927
family,CEC_F19,49,6,3,2,1,0.6,0.26591813875413306,0.2624294982358157
family,CEC_F19,50,6,3,2,1,0.6,0.26591813875413306,0.2624294982358157
family,CEC_F19,51,6,3,2,1,0.6,0.26591813875413306,0.2624294982358157
family,CEC_F19,52,6,3,2,1,0.6,0.26591813875413306,0.2624294982358157
family,CEC_F19,53,6,3,2,1,0.6,0.26591813875413306,0.2624294982358157
family,CEC_F19,54,6,2,3,1,0.4,0.26591813875413306,0.2624294982358157
family,CEC_F19,55,6,2,3,1,0.4,0.26591813875413306,0.2624294982358157
family,CEC_F19,56,6,2,3,1,0.4,0.2255492365984897,0.2624294982358157
family,CEC_F19,57,6,2,3,1,0.4,0.2255492365984897,0.2624294982358157
family,CEC_F19,58,6,3,2,1,0.6,0.2255492365984897,0.22484400747157857
family,CEC_F19,59,6,3,2,1,0.6,0.2255492365984897,0.22484400747157857
family,CEC_F19,60,6,4,1,1,0.8,0.2255492365984897,0.22484400747157857
family,CEC_F19,61,6,5,0,1,1.0,0.10122721919827712,0.22484400747157857
family,CEC_F19,62,6,4,1,1,0.8,0.10122721919827712,0.22484400747157857
family,CEC_F19,63,6,3,2,1,0.6,0.10122721919827712,0.22484400747157857
family,CEC_F19,64,6,3,2,1,0.6,0.0932530582745998,0.22484400747157857
family,CEC_F19,65,6,2,3,1,0.4,0.0932530582745998,0.09592039580759035
family,CEC_F19,66,6,2,3,1,0.4,0.0932530582745998,0.09592039580759035
family,CEC_F19,67,6,2,3,1,0.4,0.0932530582745998,0.04600484664313357
family,CEC_F19,68,6,2,3,1,0.4,0.0932530582745998,0.04600484664313357
family,CEC_F19,69,6,2,3,1,0.4,0.021948597026319423,0.04600484664313357
family,CEC_F19,70,6,2,3,1,0.4,0.021948597026319423,0.04600484664313357
family,CEC_F19,71,6,2,3,1,0.4,0.021948597026319423,0.04600484664313357
family,CEC_F19,72,6,2,3,1,0.4,0.021948597026319423,0.04600484664313357
family,CEC_F19,73,6,2,3,1,0.4,0.021948597026319423,0.04600484664313357
family,CEC_F19,74,6,2,3,1,0.4,0.021948597026319423,0.04600484664313357
family,CEC_F19,75,6,2,3,1,0.4,0.021948597026319423,0.04600484664313357
family,CEC_F19,76,6,2,3,1,0.4,0.021948597026319423,0.04600484664313357
family,CEC_F19,77,6,2,3,1,0.4,0.021948597026319423,0.04600484664313357
family,CEC_F19,78,6,2,3,1,0.4,0.021948597026319423,0.04600484664313357
family,CEC_F19,79,6,2,3,1,0.4,0.021948597026319423,0.04600484664313357
family,CEC_F19,80,6,2,3,1,0.4,0.021948597026319423,0.04600484664313357
family,CEC_F19,81,6,2,3,1,0.4,0.021948597026319423,0.04600484664313357
family,CEC_F19,82,6,2,3,1,0.4,0.021948597026319423,0.04600484664313357
family,CEC_F19,83,6,2,3,1,0.4,0.021948597026319423,0.04600484664313357
family,CEC_F19,84,6,2,3,1,0.4,0.021948597026319423,0.04600484664313357
family,CEC_F19,85,6,2,3,1,0.4,0.021948597026319423,0.04600484664313357
family,CEC_F19,86,6,2,3,1,0.4,0.021948597026319423,0.04600484664313357
family,CEC_F19,87,6,2,3,1,0.4,0.021948597026319423,0.04600484664313357
family,CEC_F19,88,6,2,3,1,0.4,0.021948597026319423,0.04600484664313357
family,CEC_F19,89,6,2,3,1,0.4,0.021948597026319423,0.04600484664313357
family,CEC_F19,90,6,2,3,1,0.4,0.021948597026319423,0.04600484664313357
family,CEC_F19,91,6,2,3,1,0.4,0.021948597026319423,0.04600484664313357
family,CEC_F19,92,6,2,3,1,0.4,0.021948597026319423,0.04600484664313357
family,CEC_F19,93,6,2,3,1,0.4,0.021948597026319423,0.04600484664313357
family,CEC_F19,94,6,2,3,1,0.4,0.021948597026319423,0.04600484664313357
family,CEC_F19,95,6,2,3,1,0.4,0.021948597026319423,0.04600484664313357
family,CEC_F19,96,6,2,3,1,0.4,0.021948597026319423,0.04600484664313357
family,CEC_F19,97,6,2,3,1,0.4,0.021948597026319423,0.04600484664313357
family,CEC_F19,98,6,2,3,1,0.4,0.021948597026319423,0.04600484664313357
family,CEC_F19,99,6,2,3,1,0.4,0.021948597026319423,0.04600484664313357
family,CEC_F19,100,6,2,3,1,0.4,0.021948597026319423,0.04600484664313357
family,CEC_F19,101,6,2,3,1,0.4,0.021948597026319423,0.04186561022879308
family,CEC_F19,102,6,2,3,1,0.4,0.021948597026319423,0.04186561022879308
family,CEC_F19,103,6,2,3,1,0.4,0.021948597026319423,0.04186561022879308
family,CEC_F19,104,6,2,3,1,0.4,0.021948597026319423,0.039381463327471326
family,CEC_F19,105,6,3,3,0,0.5,0.021948597026319423,0.039381463327471326
family,CEC_F19,106,6,3,3,0,0.5,0.021948597026319423,0.039381463327471326
family,CEC_F19,107,6,3,3,0,0.5,0.021948597026319423,0.039381463327471326
family,CEC_F19,108,6,3,3,0,0.5,0.021948597026319423,0.039381463327471326
family,CEC_F19,109,6,3,3,0,0.5,0.021948597026319423,0.039381463327471326
family,CEC_F19,110,6,3,3,0,0.5,0.021948597026319423,0.039381463327471326
family,CEC_F19,111,6,2,4,0,0.3333333333333333,0.021948597026319423,0.03479260445453429
family,CEC_F19,112,6,2,4,0,0.3333333333333333,0.021948597026319423,0.03479260445453429
family,CEC_F19,113,6,2,4,0,0.3333333333333333,0.021948597026319423,0.03479260445453429
family,CEC_F19,114,6,2,4,0,0.3333333333333333,0.021948597026319423,0.03479260445453429
family,CEC_F19,115,6,2,4,0,0.3333333333333333,0.021948597026319423,0.03403537006778678
family,CEC_F19,116,6,2,4,0,0.3333333333333333,0.021948597026319423,0.03403537006778678
family,CEC_F19,117,6,2,4,0,0.3333333333333333,0.021948597026319423,0.03403537006778678
family,CEC_F19,118,6,2,4,0,0.3333333333333333,0.021948597026319423,0.03403537006778678
family,CEC_F19,119,6,2,4,0,0.3333333333333333,0.021948597026319423,0.03403537006778678
family,CEC_F19,120,6,2,4,0,0.3333333333333333,0.021948597026319423,0.03403537006778678
family,CEC_F2,1,3,0,0,3,0.5,1.7140893209376369,1.7140893209376369
family,CEC_F2,2,3,0,0,3,0.5,1.7140893209376369,1.7140893209376369
family,CEC_F2,3,3,0,0,3,0.5,1.7140893209376369,1.7140893209376369
family,CEC_F2,4,3,0,0,3,0.5,1.0705209430388527,1.0705209430388527
family,CEC_F2,5,3,0,0,3,0.5,1.0,1.0
family,CEC_F2,6,3,0,0,3,0.5,1.0,1.0
family,CEC_F2,7,3,0,0,3,0.5,1.0,1.0
family,CEC_F2,8,3,0,0,3,0.5,1.0,1.0
family,CEC_F2,9,3,0,0,3,0.5,1.0,1.0
family,CEC_F2,10,3,0,0,3,0.5,1.0,1.0
family,CEC_F2,11,3,0,0,3,0.5,1.0,1.0
family,CEC_F2,12,3,0,0,3,0.5,1.0,1.0
family,CEC_F2,13,3,0,0,3,0.5,1.0,1.0
family,CEC_F2,14,3,0,0,3,0.5,1.0,1.0
family,CEC_F2,15,3,0,0,3,0.5,1.0,1.0
family,CEC_F2,16,3,0,0,3,0.5,1.0,1.0
family,CEC_F2,17,3,0,0,3,0.5,1.0,1.0
family,CEC_F2,18,3,0,0,3,0.5,1.0,1.0
family,CEC_F2,19,3,0,0,3,0.5,1.0,1.0
family,CEC_F2,20,3,0,0,3,0.5,1.0,1.0
family,CEC_F2,21,3,0,1,2,0.0,1.0,1.0
family,CEC_F2,22,3,0,1,2,0.0,1.0,1.0
family,CEC_F2,23,3,0,1,2,0.0,1.0,1.0
family,CEC_F2,24,3,0,1,2,0.0,1.0,1.0
family,CEC_F2,25,3,1,1,1,0.5,0.9984492171054152,1.0
family,CEC_F2,26,3,1,1,1,0.5,0.9984492171054152,1.0
family,CEC_F2,27,3,1,1,1,0.5,0.9984492171054152,1.0
family,CEC_F2,28,3,1,1,1,0.5,0.9984492171054152,1.0
family,CEC_F2,29,3,1,1,1,0.5,0.9984492171054152,1.0
family,CEC_F2,30,3,1,1,1,0.5,0.9984492171054152,1.0
family,CEC_F2,31,3,1,1,1,0.5,0.9984492171054152,1.0
family,CEC_F2,32,3,1,1,1,0.5,0.9984492171054152,1.0
family,CEC_F2,33,3,1,1,1,0.5,0.9984492171054152,1.0
family,CEC_F2,34,3,1,1,1,0.5,0.9984492171054152,1.0
family,CEC_F2,35,3,1,1,1,0.5,0.9984492171054152,1.0
family,CEC_F2,36,3,2,0,1,1.0,0.8807499186704886,1.0
family,CEC_F2,37,3,2,0,1,1.0,0.7124245682616709,1.0
family,CEC_F2,38,3,2,0,1,1.0,0.7124245682616709,1.0
family,CEC_F2,39,3,2,0,1,1.0,0.7124245682616709,1.0
family,CEC_F2,40,3,2,0,1,1.0,0.7124245682616709,1.0
family,CEC_F2,41,3,2,1,0,0.6666666666666666,0.7124245682616709,0.9397757988062093
family,CEC_F2,42,3,3,0,0,1.0,0.7124245682616709,0.9397757988062093
family,CEC_F2,43,3,3,0,0,1.0,0.648488937646421,0.9397757988062093
family,CEC_F2,44,3,3,0,0,1.0,0.4534200123538107,0.9397757988062093
family,CEC_F2,45,3,3,0,0,1.0,0.4534200123538107,0.9397757988062093
family,CEC_F2,46,3,3,0,0,1.0,0.4534200123538107,0.9397757988062093
family,CEC_F2,47,3,3,0,0,1.0,0.4534200123538107,0.8949579016646652
family,CEC_F2,48,3,3,0,0,1.0,0.4534200123538107,0.8949579016646652
family,CEC_F2,49,3,3,0,0,1.0,0.4534200123538107,0.8949579016646652
family,CEC_F2,50,3,3,0,0,1.0,0.42325948160168875,0.8949579016646652
family,CEC_F2,51,3,3,0,0,1.0,0.42325948160168875,0.8949579016646652
family,CEC_F2,52,3,3,0,0,1.0,0.42325948160168875,0.8949579016646652
family,CEC_F2,53,3,3,0,0,1.0,0.42325948160168875,0.8437047161482154
family,CEC_F2,54,3,3,0,0,1.0,0.2913683400050521,0.8437047161482154
family,CEC_F2,55,3,3,0,0,1.0,0.2913683400050521,0.8437047161482154
family,CEC_F2,56,3,3,0,0,1.0,0.28912202101420514,0.8437047161482154
family,CEC_F2,57,3,3,0,0,1.0,0.28912202101420514,0.8437047161482154
family,CEC_F2,58,3,3,0,0,1.0,0.25913027985809073,0.8437047161482154
family,CEC_F2,59,3,3,0,0,1.0,0.25913027985809073,0.8437047161482154
family,CEC_F2,60,3,3,0,0,1.0,0.13160258325211271,0.8437047161482154
family,CEC_F2,61,3,3,0,0,1.0,0.13160258325211271,0.8437047161482154
family,CEC_F2,62,3,3,0,0,1.0,0.13160258325211271,0.8437047161482154
family,CEC_F2,63,3,3,0,0,1.0,0.13160258325211271,0.8437047161482154
family,CEC_F2,64,3,3,0,0,1.0,0.13160258325211271,0.8199574126539323
family,CEC_F2,65,3,3,0,0,1.0,0.13160258325211271,0.7220818800389779
family,CEC_F2,66,3,3,0,0,1.0,0.08599578247884998,0.7220818800389779
family,CEC_F2,67,3,3,0,0,1.0,0.08599578247884998,0.6934841173466827
family,CEC_F2,68,3,3,0,0,1.0,0.0814815464383393,0.6934841173466827
family,CEC_F2,69,3,3,0,0,1.0,0.0814815464383393,0.6934841173466827
family,CEC_F2,70,3,3,0,0,1.0,0.0814815464383393,0.6934841173466827
family,CEC_F2,71,3,3,0,0,1.0,0.0814815464383393,0.6934841173466827
family,CEC_F2,72,3,3,0,0,1.0,0.0814815464383393,0.6934841173466827
family,CEC_F2,73,3,3,0,0,1.0,0.07245124557505218,0.6934841173466827
family,CEC_F2,74,3,3,0,0,1.0,0.07245124557505218,0.6934841173466827
family,CEC_F2,75,3,3,0,0,1.0,0.07245124557505218,0.6934841173466827
family,CEC_F2,76,3,3,0,0,1.0,0.07245124557505218,0.6934841173466827
family,CEC_F2,77,3,3,0,0,1.0,0.07245124557505218,0.6934841173466827
family,CEC_F2,78,3,3,0,0,1.0,0.07245124557505218,0.6934841173466827
family,CEC_F2,79,3,3,0,0,1.0,0.07245124557505218,0.6194265988808851
family,CEC_F2,80,3,3,0,0,1.0,0.07245124557505218,0.6194265988808851
family,CEC_F2,81,3,3,0,0,1.0,0.07245124557505218,0.6123014054879077
family,CEC_F2,82,3,3,0,0,1.0,0.07245124557505218,0.6123014054879077
family,CEC_F2,83,3,3,0,0,1.0,0.07245124557505218,0.6123014054879077
family,CEC_F2,84,3,3,0,0,1.0,0.07245124557505218,0.6123014054879077
family,CEC_F2,85,3,3,0,0,1.0,0.07245124557505218,0.6123014054879077
family,CEC_F2,86,3,3,0,0,1.0,0.07245124557505218,0.6123014054879077
family,CEC_F2,87,3,3,0,0,1.0,0.06539758875598235,0.6123014054879077
family,CEC_F2,88,3,3,0,0,1.0,0.06539758875598235,0.6123014054879077
family,CEC_F2,89,3,3,0,0,1.0,0.06539758875598235,0.5616919603516073
family,CEC_F2,90,3,3,0,0,1.0,0.03146074649407574,0.5616919603516073
family,CEC_F2,91,3,3,0,0,1.0,0.03146074649407574,0.5616919603516073
family,CEC_F2,92,3,3,0,0,1.0,0.03146074649407574,0.5616919603516073
family,CEC_F2,93,3,3,0,0,1.0,0.03146074649407574,0.5616919603516073
family,CEC_F2,94,3,3,0,0,1.0,0.03146074649407574,0.5616919603516073
family,CEC_F2,95,3,3,0,0,1.0,0.03146074649407574,0.5616919603516073
family,CEC_F2,96,3,3,0,0,1.0,0.03146074649407574,0.5616919603516073
family,CEC_F2,97,3,3,0,0,1.0,0.03146074649407574,0.5616919603516073
family,CEC_F2,98,3,3,0,0,1.0,0.03146074649407574,0.5616919603516073
family,CEC_F2,99,3,3,0,0,1.0,0.03146074649407574,0.5616919603516073
family,CEC_F2,100,3,3,0,0,1.0,0.02490503483141317,0.5616919603516073
family,CEC_F2,101,3,3,0,0,1.0,0.02490503483141317,0.5034644332339259
family,CEC_F2,102,3,3,0,0,1.0,0.02490503483141317,0.5034644332339259
family,CEC_F2,103,3,3,0,0,1.0,0.02490503483141317,0.5034644332339259
family,CEC_F2,104,3,3,0,0,1.0,0.02490503483141317,0.5034644332339259
family,CEC_F2,105,3,3,0,0,1.0,0.02490503483141317,0.5034644332339259
family,CEC_F2,106,3,3,0,0,1.0,0.02490503483141317,0.5034644332339259
family,CEC_F2,107,3,3,0,0,1.0,0.02490503483141317,0.5034644332339259
family,CEC_F2,108,3,3,0,0,1.0,0.02490503483141317,0.5034644332339259
family,CEC_F2,109,3,3,0,0,1.0,0.02490503483141317,0.45413992081930044
family,CEC_F2,110,3,3,0,0,1.0,0.02490503483141317,0.45413992081930044
family,CEC_F2,111,3,3,0,0,1.0,0.02490503483141317,0.41848780372664485
family,CEC_F2,112,3,3,0,0,1.0,0.02490503483141317,0.41848780372664485
family,CEC_F2,113,3,3,0,0,1.0,0.02490503483141317,0.40496579884132883
family,CEC_F2,114,3,3,0,0,1.0,0.019432768231926523,0.40496579884132883
family,CEC_F2,115,3,3,0,0,1.0,0.013329873437158688,0.40496579884132883
family,CEC_F2,116,3,3,0,0,1.0,0.013329873437158688,0.40496579884132883
family,CEC_F2,117,3,3,0,0,1.0,0.013329873437158688,0.40496579884132883
family,CEC_F2,118,3,3,0,0,1.0,0.013329873437158688,0.40496579884132883
family,CEC_F2,119,3,3,0,0,1.0,0.013329873437158688,0.36807180082684077
family,CEC_F2,120,3,3,0,0,1.0,0.007068359236818151,0.36807180082684077
family,CEC_F23,1,6,0,0,6,0.5,2.3646248712105775,2.3646248712105775
family,CEC_F23,2,6,0,0,6,0.5,1.934800342748241,1.934800342748241
family,CEC_F23,3,6,0,0,6,0.5,1.496168884737728,1.496168884737728
family,CEC_F23,4,6,0,0,6,0.5,1.1480491519547003,1.1480491519547003
family,CEC_F23,5,6,0,0,6,0.5,1.1480491519547003,1.1480491519547003
family,CEC_F23,6,6,0,0,6,0.5,1.1480491519547003,1.1480491519547003
family,CEC_F23,7,6,0,0,6,0.5,1.1480491519547003,1.1480491519547003
family,CEC_F23,8,6,0,0,6,0.5,1.1480491519547003,1.1480491519547003
family,CEC_F23,9,6,0,0,6,0.5,1.1480491519547003,1.1480491519547003
family,CEC_F23,10,6,0,0,6,0.5,1.1480491519547003,1.1480491519547003
family,CEC_F23,11,6,0,0,6,0.5,1.0,1.0
family,CEC_F23,12,6,0,0,6,0.5,1.0,1.0
family,CEC_F23,13,6,0,0,6,0.5,1.0,1.0
family,CEC_F23,14,6,0,0,6,0.5,1.0,1.0
family,CEC_F23,15,6,0,0,6,0.5,1.0,1.0
family,CEC_F23,16,6,0,0,6,0.5,1.0,1.0
family,CEC_F23,17,6,0,0,6,0.5,1.0,1.0
family,CEC_F23,18,6,0,0,6,0.5,1.0,1.0
family,CEC_F23,19,6,0,0,6,0.5,1.0,1.0
family,CEC_F23,20,6,0,0,6,0.5,1.0,1.0
family,CEC_F23,21,6,1,0,5,1.0,1.0,1.0
family,CEC_F23,22,6,1,1,4,0.5,1.0,1.0
family,CEC_F23,23,6,1,1,4,0.5,1.0,1.0
family,CEC_F23,24,6,3,1,2,0.75,0.9916441668611355,1.0
family,CEC_F23,25,6,4,1,1,0.8,0.8168292573016921,1.0
family,CEC_F23,26,6,4,1,1,0.8,0.6083164184540115,1.0
family,CEC_F23,27,6,4,1,1,0.8,0.6083164184540115,1.0
family,CEC_F23,28,6,4,1,1,0.8,0.6083164184540115,1.0
family,CEC_F23,29,6,4,1,1,0.8,0.6083164184540115,0.94879009729317
family,CEC_F23,30,6,5,0,1,1.0,0.5922765324691062,0.94879009729317
family,CEC_F23,31,6,5,0,1,1.0,0.5922765324691062,0.94879009729317
family,CEC_F23,32,6,5,0,1,1.0,0.5922765324691062,0.94879009729317
family,CEC_F23,33,6,5,0,1,1.0,0.5922765324691062,0.94879009729317
family,CEC_F23,34,6,5,0,1,1.0,0.5922765324691062,0.94879009729317
family,CEC_F23,35,6,5,0,1,1.0,0.5922765324691062,0.94879009729317
family,CEC_F23,36,6,5,0,1,1.0,0.5922765324691062,0.94879009729317
family,CEC_F23,37,6,5,0,1,1.0,0.5922765324691062,0.94879009729317
family,CEC_F23,38,6,5,0,1,1.0,0.5922765324691062,0.8699235125463225
family,CEC_F23,39,6,5,0,1,1.0,0.5922765324691062,0.8699235125463225
family,CEC_F23,40,6,5,0,1,1.0,0.5922765324691062,0.8699235125463225
family,CEC_F23,41,6,5,0,1,1.0,0.5922765324691062,0.829870941452318
family,CEC_F23,42,6,4,1,1,0.8,0.5922765324691062,0.829870941452318
family,CEC_F23,43,6,5,1,0,0.8333333333333334,0.5922765324691062,0.829870941452318
family,CEC_F23,44,6,5,1,0,0.8333333333333334,0.5922765324691062,0.829870941452318
family,CEC_F23,45,6,5,1,0,0.8333333333333334,0.5922765324691062,0.829870941452318
family,CEC_F23,46,6,5,1,0,0.8333333333333334,0.503892222970864,0.829870941452318
family,CEC_F23,47,6,5,1,0,0.8333333333333334,0.503892222970864,0.829870941452318
family,CEC_F23,48,6,5,1,0,0.8333333333333334,0.4552485941233876,0.829870941452318
family,CEC_F23,49,6,5,1,0,0.8333333333333334,0.4552485941233876,0.829870941452318
family,CEC_F23,50,6,5,1,0,0.8333333333333334,0.4552485941233876,0.829870941452318
family,CEC_F23,51,6,4,2,0,0.6666666666666666,0.4552485941233876,0.6785315693434364
family,CEC_F23,52,6,4,2,0,0.6666666666666666,0.4552485941233876,0.6785315693434364
family,CEC_F23,53,6,4,2,0,0.6666666666666666,0.4552485941233876,0.6785315693434364
family,CEC_F23,54,6,4,2,0,0.6666666666666666,0.4552485941233876,0.6785315693434364
family,CEC_F23,55,6,4,2,0,0.6666666666666666,0.4552485941233876,0.6047801694863338
family,CEC_F23,56,6,4,2,0,0.6666666666666666,0.4552485941233876,0.6047801694863338
family,CEC_F23,57,6,4,2,0,0.6666666666666666,0.4538857415634668,0.6047801694863338
family,CEC_F23,58,6,4,2,0,0.6666666666666666,0.4538857415634668,0.5687875284494986
family,CEC_F23,59,6,4,2,0,0.6666666666666666,0.4538857415634668,0.5687875284494986
family,CEC_F23,60,6,4,2,0,0.6666666666666666,0.4538857415634668,0.5687875284494986
family,CEC_F23,61,6,5,1,0,0.8333333333333334,0.4442816890492698,0.5687875284494986
family,CEC_F23,62,6,5,1,0,0.8333333333333334,0.4442816890492698,0.5687875284494986
family,CEC_F23,63,6,5,1,0,0.8333333333333334,0.4442816890492698,0.5687875284494986
family,CEC_F23,64,6,5,1,0,0.8333333333333334,0.4442816890492698,0.5687875284494986
family,CEC_F23,65,6,5,1,0,0.8333333333333334,0.4442816890492698,0.5687875284494986
family,CEC_F23,66,6,5,1,0,0.8333333333333334,0.4442816890492698,0.5687875284494986
family,CEC_F23,67,6,5,1,0,0.8333333333333334,0.4442816890492698,0.5687875284494986
family,CEC_F23,68,6,5,1,0,0.8333333333333334,0.4442816890492698,0.5687875284494986
family,CEC_F23,69,6,5,1,0,0.8333333333333334,0.4442816890492698,0.5687875284494986
family,CEC_F23,70,6,5,1,0,0.8333333333333334,0.4442816890492698,0.5687875284494986
family,CEC_F23,71,6,5,1,0,0.8333333333333334,0.4442816890492698,0.5687875284494986
family,CEC_F23,72,6,5,1,0,0.8333333333333334,0.3951123967644592,0.5687875284494986
family,CEC_F23,73,6,5,1,0,0.8333333333333334,0.37401774618794137,0.5687875284494986
family,CEC_F23,74,6,5,1,0,0.8333333333333334,0.37401774618794137,0.5687875284494986
family,CEC_F23,75,6,5,1,0,0.8333333333333334,0.37401774618794137,0.5687875284494986
family,CEC_F23,76,6,5,1,0,0.8333333333333334,0.37401774618794137,0.5687875284494986
family,CEC_F23,77,6,5,1,0,0.8333333333333334,0.37401774618794137,0.5687875284494986
family,CEC_F23,78,6,5,1,0,0.8333333333333334,0.37401774618794137,0.5687875284494986
family,CEC_F23,79,6,5,1,0,0.8333333333333334,0.37401774618794137,0.5687875284494986
family,CEC_F23,80,6,5,1,0,0.8333333333333334,0.37401774618794137,0.5596999307140595
family,CEC_F23,81,6,5,1,0,0.8333333333333334,0.37401774618794137,0.5596999307140595
family,CEC_F23,82,6,5,1,0,0.8333333333333334,0.37401774618794137,0.5308410195079054
family,CEC_F23,83,6,5,1,0,0.8333333333333334,0.37401774618794137,0.5249999868839301
family,CEC_F23,84,6,5,1,0,0.8333333333333334,0.37401774618794137,0.5249999868839301
family,CEC_F23,85,6,5,1,0,0.8333333333333334,0.37401774618794137,0.5249999868839301
family,CEC_F23,86,6,5,1,0,0.8333333333333334,0.37401774618794137,0.5249999868839301
family,CEC_F23,87,6,5,1,0,0.8333333333333334,0.37401774618794137,0.5249999868839301
family,CEC_F23,88,6,5,1,0,0.8333333333333334,0.3495722168981843,0.5249999868839301
family,CEC_F23,89,6,5,1,0,0.8333333333333334,0.3495722168981843,0.5249999868839301
family,CEC_F23,90,6,5,1,0,0.8333333333333334,0.3495722168981843,0.5249999868839301
family,CEC_F23,91,6,5,1,0,0.8333333333333334,0.3253456069432102,0.5249999868839301
family,CEC_F23,92,6,5,1,0,0.8333333333333334,0.3253456069432102,0.5249999868839301
family,CEC_F23,93,6,4,2,0,0.6666666666666666,0.3253456069432102,0.5249999868839301
family,CEC_F23,94,6,4,2,0,0.6666666666666666,0.3253456069432102,0.5249999868839301
family,CEC_F23,95,6,4,2,0,0.6666666666666666,0.3253456069432102,0.5249999868839301
family,CEC_F23,96,6,4,2,0,0.6666666666666666,0.3253456069432102,0.5249999868839301
family,CEC_F23,97,6,4,2,0,0.6666666666666666,0.3253456069432102,0.5249999868839301
family,CEC_F23,98,6,4,2,0,0.6666666666666666,0.3253456069432102,0.5111645414504913
family,CEC_F23,99,6,4,2,0,0.6666666666666666,0.3253456069432102,0.5111645414504913
family,CEC_F23,100,6,4,2,0,0.6666666666666666,0.3253456069432102,0.5111645414504913
family,CEC_F23,101,6,4,2,0,0.6666666666666666,0.3253456069432102,0.5105393267915272
family,CEC_F23,102,6,4,2,0,0.6666666666666666,0.3253456069432102,0.5105393267915272
family,CEC_F23,103,6,4,2,0,0.6666666666666666,0.3253456069432102,0.5105393267915272
family,CEC_F23,104,6,4,2,0,0.6666666666666666,0.3253456069432102,0.5105393267915272
family,CEC_F23,105,6,4,2,0,0.6666666666666666,0.3253456069432102,0.5105393267915272
family,CEC_F23,106,6,4,2,0,0.6666666666666666,0.3253456069432102,0.5105393267915272
family,CEC_F23,107,6,4,2,0,0.6666666666666666,0.3253456069432102,0.5105393267915272
family,CEC_F23,108,6,4,2,0,0.6666666666666666,0.3253456069432102,0.5105393267915272
family,CEC_F23,109,6,4,2,0,0.6666666666666666,0.3253456069432102,0.48776964413321255
family,CEC_F23,110,6,4,2,0,0.6666666666666666,0.3253456069432102,0.47121408426360967
family,CEC_F23,111,6,4,2,0,0.6666666666666666,0.3253456069432102,0.47121408426360967
family,CEC_F23,112,6,4,2,0,0.6666666666666666,0.3253456069432102,0.47121408426360967
family,CEC_F23,113,6,4,2,0,0.6666666666666666,0.3253456069432102,0.47121408426360967
family,CEC_F23,114,6,4,2,0,0.6666666666666666,0.3253456069432102,0.47121408426360967
family,CEC_F23,115,6,4,2,0,0.6666666666666666,0.3253456069432102,0.47121408426360967
family,CEC_F23,116,6,4,2,0,0.6666666666666666,0.3253456069432102,0.47121408426360967
family,CEC_F23,117,6,4,2,0,0.6666666666666666,0.3253456069432102,0.47121408426360967
family,CEC_F23,118,6,4,2,0,0.6666666666666666,0.3253456069432102,0.47121408426360967
family,CEC_F23,119,6,4,2,0,0.6666666666666666,0.3253456069432102,0.47121408426360967
family,CEC_F23,120,6,4,2,0,0.6666666666666666,0.3253456069432102,0.47121408426360967
family,CEC_F3,1,6,0,0,6,0.5,295.69637011803684,295.69637011803684
family,CEC_F3,2,6,0,0,6,0.5,138.54401616420756,138.54401616420756
family,CEC_F3,3,6,0,0,6,0.5,118.69040479997744,118.69040479997744
family,CEC_F3,4,6,0,0,6,0.5,62.63228864121766,62.63228864121766
family,CEC_F3,5,6,0,0,6,0.5,21.534568302734108,21.534568302734108
family,CEC_F3,6,6,0,0,6,0.5,14.152375574787065,14.152375574787065
family,CEC_F3,7,6,0,0,6,0.5,7.467656250828428,7.467656250828428
family,CEC_F3,8,6,0,0,6,0.5,7.467656250828428,7.467656250828428
family,CEC_F3,9,6,0,0,6,0.5,1.0,1.0
family,CEC_F3,10,6,0,0,6,0.5,1.0,1.0
family,CEC_F3,11,6,0,0,6,0.5,1.0,1.0
family,CEC_F3,12,6,0,0,6,0.5,1.0,1.0
family,CEC_F3,13,6,0,0,6,0.5,1.0,1.0
family,CEC_F3,14,6,0,0,6,0.5,1.0,1.0
family,CEC_F3,15,6,0,0,6,0.5,1.0,1.0
family,CEC_F3,16,6,0,0,6,0.5,1.0,1.0
family,CEC_F3,17,6,0,0,6,0.5,1.0,1.0
family,CEC_F3,18,6,0,0,6,0.5,1.0,1.0
family,CEC_F3,19,6,0,0,6,0.5,1.0,1.0
family,CEC_F3,20,6,0,0,6,0.5,1.0,1.0
family,CEC_F3,21,6,1,0,5,1.0,1.0,1.0
family,CEC_F3,22,6,1,0,5,1.0,1.0,1.0
family,CEC_F3,23,6,1,0,5,1.0,1.0,1.0
family,CEC_F3,24,6,2,0,4,1.0,1.0,1.0
family,CEC_F3,25,6,2,0,4,1.0,1.0,1.0
family,CEC_F3,26,6,2,1,3,0.6666666666666666,1.0,1.0
family,CEC_F3,27,6,2,1,3,0.6666666666666666,1.0,1.0
family,CEC_F3,28,6,2,1,3,0.6666666666666666,1.0,1.0
family,CEC_F3,29,6,3,1,2,0.75,0.7847113016828405,1.0
family,CEC_F3,30,6,3,1,2,0.75,0.7847113016828405,1.0
family,CEC_F3,31,6,3,1,2,0.75,0.7847113016828405,1.0
family,CEC_F3,32,6,3,1,2,0.75,0.7847113016828405,1.0
family,CEC_F3,33,6,2,2,2,0.5,0.7847113016828405,1.0
family,CEC_F3,34,6,2,2,2,0.5,0.7847113016828405,1.0
family,CEC_F3,35,6,2,2,2,0.5,0.7847113016828405,1.0
family,CEC_F3,36,6,2,2,2,0.5,0.7847113016828405,0.8971845843842221
family,CEC_F3,37,6,2,2,2,0.5,0.7847113016828405,0.8971845843842221
family,CEC_F3,38,6,2,2,2,0.5,0.7847113016828405,0.8971845843842221
family,CEC_F3,39,6,3,1,2,0.75,0.3942197975722975,0.8971845843842221
family,CEC_F3,40,6,2,2,2,0.5,0.3942197975722975,0.7717452046442375
family,CEC_F3,41,6,2,2,2,0.5,0.3942197975722975,0.7717452046442375
family,CEC_F3,42,6,2,2,2,0.5,0.3942197975722975,0.7717452046442375
family,CEC_F3,43,6,2,2,2,0.5,0.3942197975722975,0.7717452046442375
family,CEC_F3,44,6,2,2,2,0.5,0.3942197975722975,0.7717452046442375
family,CEC_F3,45,6,2,2,2,0.5,0.3942197975722975,0.7717452046442375
family,CEC_F3,46,6,2,2,2,0.5,0.3942197975722975,0.7717452046442375
family,CEC_F3,47,6,2,2,2,0.5,0.3942197975722975,0.7717452046442375
family,CEC_F3,48,6,2,2,2,0.5,0.3942197975722975,0.7717452046442375
family,CEC_F3,49,6,2,2,2,0.5,0.3942197975722975,0.7717452046442375
family,CEC_F3,50,6,2,2,2,0.5,0.3942197975722975,0.7717452046442375
family,CEC_F3,51,6,1,3,2,0.25,0.3942197975722975,0.34632912726442266
family,CEC_F3,52,6,0,4,2,0.0,0.3942197975722975,0.28136908332718114
family,CEC_F3,53,6,0,4,2,0.0,0.3942197975722975,0.28136908332718114
family,CEC_F3,54,6,0,5,1,0.0,0.3942197975722975,0.027973469773941894
family,CEC_F3,55,6,0,5,1,0.0,0.3942197975722975,0.02313105383710267
family,CEC_F3,56,6,0,5,1,0.0,0.3942197975722975,0.02313105383710267
family,CEC_F3,57,6,0,5,1,0.0,0.3942197975722975,0.02313105383710267
family,CEC_F3,58,6,0,5,1,0.0,0.3942197975722975,0.02313105383710267
family,CEC_F3,59,6,0,5,1,0.0,0.3942197975722975,0.02313105383710267
family,CEC_F3,60,6,0,5,1,0.0,0.26492208781581256,0.02313105383710267
family,CEC_F3,61,6,0,5,1,0.0,0.26492208781581256,0.02312854609936065
family,CEC_F3,62,6,0,5,1,0.0,0.26492208781581256,0.02312854609936065
family,CEC_F3,63,6,0,5,1,0.0,0.26492208781581256,0.02312854609936065
family,CEC_F3,64,6,0,5,1,0.0,0.26492208781581256,0.02312854609936065
family,CEC_F3,65,6,0,5,1,0.0,0.26492208781581256,0.02312854609936065
family,CEC_F3,66,6,0,5,1,0.0,0.26492208781581256,0.02312854609936065
family,CEC_F3,67,6,0,5,1,0.0,0.26492208781581256,0.023124559789108098
family,CEC_F3,68,6,0,5,1,0.0,0.26492208781581256,0.023124559789108098
family,CEC_F3,69,6,0,5,1,0.0,0.26492208781581256,0.023124559789108098
family,CEC_F3,70,6,0,5,1,0.0,0.26492208781581256,0.023124559789108098
family,CEC_F3,71,6,0,5,1,0.0,0.26492208781581256,0.023124559789108098
family,CEC_F3,72,6,0,5,1,0.0,0.26492208781581256,0.020332917578152643
family,CEC_F3,73,6,0,5,1,0.0,0.26318429006855776,0.020332917578152643
family,CEC_F3,74,6,0,5,1,0.0,0.26318429006855776,0.020332917578152643
family,CEC_F3,75,6,0,5,1,0.0,0.26318429006855776,0.020332917578152643
family,CEC_F3,76,6,0,5,1,0.0,0.26318429006855776,0.020332917578152643
family,CEC_F3,77,6,0,5,1,0.0,0.26318429006855776,0.020332917578152643
family,CEC_F3,78,6,0,5,1,0.0,0.26318429006855776,0.020332917578152643
family,CEC_F3,79,6,0,5,1,0.0,0.26318429006855776,0.020332917578152643
family,CEC_F3,80,6,0,5,1,0.0,0.26318429006855776,0.020332917578152643
family,CEC_F3,81,6,0,5,1,0.0,0.26318429006855776,0.01684348337026098
family,CEC_F3,82,6,0,5,1,0.0,0.26318429006855776,0.01684348337026098
family,CEC_F3,83,6,0,5,1,0.0,0.26318429006855776,0.01684348337026098
family,CEC_F3,84,6,0,6,0,0.0,0.26318429006855776,0.01684348337026098
family,CEC_F3,85,6,0,6,0,0.0,0.26318429006855776,0.01684348337026098
family,CEC_F3,86,6,0,6,0,0.0,0.26318429006855776,0.01684348337026098
family,CEC_F3,87,6,0,6,0,0.0,0.26318429006855776,0.015414786384639176
family,CEC_F3,88,6,0,6,0,0.0,0.26318429006855776,0.015414786384639176
family,CEC_F3,89,6,0,6,0,0.0,0.26318429006855776,0.015414786384639176
family,CEC_F3,90,6,0,6,0,0.0,0.26318429006855776,0.015414786384639176
family,CEC_F3,91,6,0,6,0,0.0,0.26318429006855776,0.015414786384639176
family,CEC_F3,92,6,0,6,0,0.0,0.26318429006855776,0.015414786384639176
family,CEC_F3,93,6,0,6,0,0.0,0.26318429006855776,0.015414786384639176
family,CEC_F3,94,6,0,6,0,0.0,0.26318429006855776,0.013692967426076372
family,CEC_F3,95,6,0,6,0,0.0,0.26318429006855776,0.013692967426076372
family,CEC_F3,96,6,0,6,0,0.0,0.26318429006855776,0.013692967426076372
family,CEC_F3,97,6,0,6,0,0.0,0.26318429006855776,0.013692967426076372
family,CEC_F3,98,6,0,6,0,0.0,0.26318429006855776,0.013692967426076372
family,CEC_F3,99,6,0,6,0,0.0,0.26318429006855776,0.013692967426076372
family,CEC_F3,100,6,0,6,0,0.0,0.26318429006855776,0.013692967426076372
family,CEC_F3,101,6,0,6,0,0.0,0.26318429006855776,0.013692967426076372
family,CEC_F3,102,6,0,6,0,0.0,0.26318429006855776,0.013692967426076372
family,CEC_F3,103,6,0,6,0,0.0,0.26318429006855776,0.013692967426076372
family,CEC_F3,104,6,0,6,0,0.0,0.26318429006855776,0.013692967426076372
family,CEC_F3,105,6,0,6,0,0.0,0.26318429006855776,0.013692967426076372
family,CEC_F3,106,6,0,6,0,0.0,0.26318429006855776,0.01351302012144679
family,CEC_F3,107,6,0,6,0,0.0,0.26318429006855776,0.01351302012144679
family,CEC_F3,108,6,0,6,0,0.0,0.26318429006855776,0.01351302012144679
family,CEC_F3,109,6,0,6,0,0.0,0.26318429006855776,0.01351302012144679
family,CEC_F3,110,6,0,6,0,0.0,0.26318429006855776,0.01351302012144679
family,CEC_F3,111,6,0,6,0,0.0,0.26318429006855776,0.01351302012144679
family,CEC_F3,112,6,0,6,0,0.0,0.26318429006855776,0.01351302012144679
family,CEC_F3,113,6,0,6,0,0.0,0.26318429006855776,0.01351302012144679
family,CEC_F3,114,6,0,6,0,0.0,0.26318429006855776,0.01351302012144679
family,CEC_F3,115,6,0,6,0,0.0,0.26318429006855776,0.01351302012144679
family,CEC_F3,116,6,0,6,0,0.0,0.26318429006855776,0.01351302012144679
family,CEC_F3,117,6,0,6,0,0.0,0.14239521114865336,0.01351302012144679
family,CEC_F3,118,6,0,6,0,0.0,0.14239521114865336,0.01351302012144679
family,CEC_F3,119,6,0,6,0,0.0,0.14239521114865336,0.01351302012144679
family,CEC_F3,120,6,0,6,0,0.0,0.14239521114865336,0.01351302012144679
family,CEC_F4,1,6,0,0,6,0.5,2.3106315227681486,2.3106315227681486
family,CEC_F4,2,6,0,0,6,0.5,2.0959442791057024,2.0959442791057024
family,CEC_F4,3,6,0,0,6,0.5,1.7623233513722987,1.7623233513722987
family,CEC_F4,4,6,0,0,6,0.5,1.5535980274719923,1.5535980274719923
family,CEC_F4,5,6,0,0,6,0.5,1.4801689380759466,1.4801689380759466
family,CEC_F4,6,6,0,0,6,0.5,1.233676397041692,1.233676397041692
family,CEC_F4,7,6,0,0,6,0.5,1.0055749599758603,1.0055749599758603
family,CEC_F4,8,6,0,0,6,0.5,1.0,1.0
family,CEC_F4,9,6,0,0,6,0.5,1.0,1.0
family,CEC_F4,10,6,0,0,6,0.5,1.0,1.0
family,CEC_F4,11,6,0,0,6,0.5,1.0,1.0
family,CEC_F4,12,6,0,0,6,0.5,1.0,1.0
family,CEC_F4,13,6,0,0,6,0.5,1.0,1.0
family,CEC_F4,14,6,0,0,6,0.5,1.0,1.0
family,CEC_F4,15,6,0,0,6,0.5,1.0,1.0
family,CEC_F4,16,6,0,0,6,0.5,1.0,1.0
family,CEC_F4,17,6,0,0,6,0.5,1.0,1.0
family,CEC_F4,18,6,0,0,6,0.5,1.0,1.0
family,CEC_F4,19,6,0,0,6,0.5,1.0,1.0
family,CEC_F4,20,6,0,0,6,0.5,1.0,1.0
family,CEC_F4,21,6,4,0,2,1.0,0.6676313784239813,1.0
family,CEC_F4,22,6,4,0,2,1.0,0.6676313784239813,0.9608238408252648
family,CEC_F4,23,6,5,0,1,1.0,0.6676313784239813,0.9608238408252648
family,CEC_F4,24,6,5,0,1,1.0,0.5877670553241354,0.9608238408252648
family,CEC_F4,25,6,5,0,1,1.0,0.47042684988460914,0.9608238408252648
family,CEC_F4,26,6,5,0,1,1.0,0.47042684988460914,0.8672910966462644
family,CEC_F4,27,6,5,0,1,1.0,0.47042684988460914,0.8050639853738271
family,CEC_F4,28,6,5,0,1,1.0,0.47042684988460914,0.8050639853738271
family,CEC_F4,29,6,5,0,1,1.0,0.47042684988460914,0.8050639853738271
family,CEC_F4,30,6,5,0,1,1.0,0.47042684988460914,0.8050639853738271
family,CEC_F4,31,6,5,0,1,1.0,0.47042684988460914,0.8050639853738271
family,CEC_F4,32,6,6,0,0,1.0,0.4427036060628059,0.8050639853738271
family,CEC_F4,33,6,6,0,0,1.0,0.3249083324857305,0.8050639853738271
family,CEC_F4,34,6,6,0,0,1.0,0.3249083324857305,0.8050639853738271
family,CEC_F4,35,6,6,0,0,1.0,0.3249083324857305,0.8050639853738271
family,CEC_F4,36,6,6,0,0,1.0,0.3249083324857305,0.8050639853738271
family,CEC_F4,37,6,6,0,0,1.0,0.3249083324857305,0.8050639853738271
family,CEC_F4,38,6,6,0,0,1.0,0.3249083324857305,0.8050639853738271
family,CEC_F4,39,6,6,0,0,1.0,0.3249083324857305,0.7232733193787302
family,CEC_F4,40,6,6,0,0,1.0,0.3249083324857305,0.6953535220921437
family,CEC_F4,41,6,6,0,0,1.0,0.3249083324857305,0.6953535220921437
family,CEC_F4,42,6,6,0,0,1.0,0.3249083324857305,0.6953535220921437
family,CEC_F4,43,6,6,0,0,1.0,0.3249083324857305,0.6953535220921437
family,CEC_F4,44,6,6,0,0,1.0,0.3249083324857305,0.6953535220921437
family,CEC_F4,45,6,6,0,0,1.0,0.3249083324857305,0.6953535220921437
family,CEC_F4,46,6,6,0,0,1.0,0.3249083324857305,0.6953535220921437
family,CEC_F4,47,6,6,0,0,1.0,0.3249083324857305,0.6953535220921437
family,CEC_F4,48,6,6,0,0,1.0,0.3249083324857305,0.6953535220921437
family,CEC_F4,49,6,6,0,0,1.0,0.3249083324857305,0.6945899712553592
family,CEC_F4,50,6,6,0,0,1.0,0.3249083324857305,0.6945899712553592
family,CEC_F4,51,6,6,0,0,1.0,0.3202327729000437,0.6437954503805408
family,CEC_F4,52,6,6,0,0,1.0,0.3202327729000437,0.6437954503805408
family,CEC_F4,53,6,6,0,0,1.0,0.2775645195085006,0.6437954503805408
family,CEC_F4,54,6,6,0,0,1.0,0.2623025023639486,0.6437954503805408
family,CEC_F4,55,6,6,0,0,1.0,0.2623025023639486,0.6044558176300068
family,CEC_F4,56,6,6,0,0,1.0,0.2623025023639486,0.6044558176300068
family,CEC_F4,57,6,6,0,0,1.0,0.2623025023639486,0.4927784625093441
family,CEC_F4,58,6,6,0,0,1.0,0.21512927541467414,0.4927784625093441
family,CEC_F4,59,6,6,0,0,1.0,0.21512927541467414,0.4927784625093441
family,CEC_F4,60,6,6,0,0,1.0,0.21512927541467414,0.4927784625093441
family,CEC_F4,61,6,6,0,0,1.0,0.21512927541467414,0.4927784625093441
family,CEC_F4,62,6,6,0,0,1.0,0.21512927541467414,0.4927784625093441
family,CEC_F4,63,6,6,0,0,1.0,0.21512927541467414,0.48860683548156036
family,CEC_F4,64,6,6,0,0,1.0,0.21512927541467414,0.48860683548156036
family,CEC_F4,65,6,6,0,0,1.0,0.21512927541467414,0.48860683548156036
family,CEC_F4,66,6,6,0,0,1.0,0.21512927541467414,0.40348028561320337
family,CEC_F4,67,6,6,0,0,1.0,0.21512927541467414,0.40348028561320337
family,CEC_F4,68,6,6,0,0,1.0,0.21512927541467414,0.40348028561320337
family,CEC_F4,69,6,6,0,0,1.0,0.21512927541467414,0.40348028561320337
family,CEC_F4,70,6,6,0,0,1.0,0.21512927541467414,0.40348028561320337
family,CEC_F4,71,6,6,0,0,1.0,0.21512927541467414,0.40348028561320337
family,CEC_F4,72,6,6,0,0,1.0,0.21512927541467414,0.40348028561320337
family,CEC_F4,73,6,6,0,0,1.0,0.21512927541467414,0.40348028561320337
family,CEC_F4,74,6,6,0,0,1.0,0.21512927541467414,0.40348028561320337
family,CEC_F4,75,6,6,0,0,1.0,0.21512927541467414,0.40348028561320337
family,CEC_F4,76,6,6,0,0,1.0,0.21512927541467414,0.40348028561320337
family,CEC_F4,77,6,6,0,0,1.0,0.21512927541467414,0.40348028561320337
family,CEC_F4,78,6,6,0,0,1.0,0.20096165863305698,0.40348028561320337
family,CEC_F4,79,6,6,0,0,1.0,0.20096165863305698,0.40348028561320337
family,CEC_F4,80,6,6,0,0,1.0,0.20096165863305698,0.40348028561320337
family,CEC_F4,81,6,6,0,0,1.0,0.20096165863305698,0.40348028561320337
family,CEC_F4,82,6,6,0,0,1.0,0.16618200309980394,0.3119951376903425
family,CEC_F4,83,6,6,0,0,1.0,0.16618200309980394,0.3119951376903425
family,CEC_F4,84,6,6,0,0,1.0,0.16618200309980394,0.3119951376903425
family,CEC_F4,85,6,6,0,0,1.0,0.13381855705444035,0.3061008109407559
family,CEC_F4,86,6,6,0,0,1.0,0.13381855705444035,0.3061008109407559
family,CEC_F4,87,6,6,0,0,1.0,0.13381855705444035,0.3061008109407559
family,CEC_F4,88,6,6,0,0,1.0,0.13381855705444035,0.3061008109407559
family,CEC_F4,89,6,6,0,0,1.0,0.13381855705444035,0.3061008109407559
family,CEC_F4,90,6,5,1,0,0.8333333333333334,0.13381855705444035,0.3061008109407559
family,CEC_F4,91,6,5,1,0,0.8333333333333334,0.13381855705444035,0.3061008109407559
family,CEC_F4,92,6,5,1,0,0.8333333333333334,0.13381855705444035,0.23125141220120332
family,CEC_F4,93,6,5,1,0,0.8333333333333334,0.13381855705444035,0.23125141220120332
family,CEC_F4,94,6,5,1,0,0.8333333333333334,0.13381855705444035,0.23125141220120332
family,CEC_F4,95,6,5,1,0,0.8333333333333334,0.13381855705444035,0.23125141220120332
family,CEC_F4,96,6,5,1,0,0.8333333333333334,0.13381855705444035,0.23125141220120332
family,CEC_F4,97,6,5,1,0,0.8333333333333334,0.13381855705444035,0.23125141220120332
family,CEC_F4,98,6,5,1,0,0.8333333333333334,0.13381855705444035,0.23125141220120332
family,CEC_F4,99,6,5,1,0,0.8333333333333334,0.13070807455773165,0.23125141220120332
family,CEC_F4,100,6,5,1,0,0.8333333333333334,0.13070807455773165,0.2224837527511053
family,CEC_F4,101,6,5,1,0,0.8333333333333334,0.13070807455773165,0.2224837527511053
family,CEC_F4,102,6,5,1,0,0.8333333333333334,0.13070807455773165,0.2224837527511053
family,CEC_F4,103,6,5,1,0,0.8333333333333334,0.13070807455773165,0.2224837527511053
family,CEC_F4,104,6,5,1,0,0.8333333333333334,0.13070807455773165,0.2224837527511053
family,CEC_F4,105,6,5,1,0,0.8333333333333334,0.13070807455773165,0.2224837527511053
family,CEC_F4,106,6,5,1,0,0.8333333333333334,0.13070807455773165,0.2224837527511053
family,CEC_F4,107,6,5,1,0,0.8333333333333334,0.13070807455773165,0.2224837527511053
family,CEC_F4,108,6,5,1,0,0.8333333333333334,0.13070807455773165,0.2224837527511053
family,CEC_F4,109,6,5,1,0,0.8333333333333334,0.13070807455773165,0.21500372503256587
family,CEC_F4,110,6,5,1,0,0.8333333333333334,0.13070807455773165,0.21500372503256587
family,CEC_F4,111,6,5,1,0,0.8333333333333334,0.11980638520210857,0.19823303577932197
family,CEC_F4,112,6,5,1,0,0.8333333333333334,0.11980638520210857,0.19823303577932197
family,CEC_F4,113,6,5,1,0,0.8333333333333334,0.11980638520210857,0.19823303577932197
family,CEC_F4,114,6,5,1,0,0.8333333333333334,0.11980638520210857,0.19823303577932197
family,CEC_F4,115,6,5,1,0,0.8333333333333334,0.11980638520210857,0.19823303577932197
family,CEC_F4,116,6,5,1,0,0.8333333333333334,0.11980638520210857,0.19823303577932197
family,CEC_F4,117,6,5,1,0,0.8333333333333334,0.11980638520210857,0.19823303577932197
family,CEC_F4,118,6,5,1,0,0.8333333333333334,0.11980638520210857,0.19823303577932197
family,CEC_F4,119,6,5,1,0,0.8333333333333334,0.11980638520210857,0.19823303577932197
family,CEC_F4,120,6,5,1,0,0.8333333333333334,0.11980638520210857,0.19823303577932197
family,CEC_F5,1,3,0,0,3,0.5,1.0236693246245747,1.0236693246245747
family,CEC_F5,2,3,0,0,3,0.5,1.0236693246245747,1.0236693246245747
family,CEC_F5,3,3,0,0,3,0.5,1.011912638935275,1.011912638935275
family,CEC_F5,4,3,0,0,3,0.5,1.011912638935275,1.011912638935275
family,CEC_F5,5,3,0,0,3,0.5,1.0044350883028028,1.0044350883028028
family,CEC_F5,6,3,0,0,3,0.5,1.0044350883028028,1.0044350883028028
family,CEC_F5,7,3,0,0,3,0.5,1.0044350883028028,1.0044350883028028
family,CEC_F5,8,3,0,0,3,0.5,1.0044350883028028,1.0044350883028028
family,CEC_F5,9,3,0,0,3,0.5,1.0044350883028028,1.0044350883028028
family,CEC_F5,10,3,0,0,3,0.5,1.0044350883028028,1.0044350883028028
family,CEC_F5,11,3,0,0,3,0.5,1.0044350883028028,1.0044350883028028
family,CEC_F5,12,3,0,0,3,0.5,1.0,1.0
family,CEC_F5,13,3,0,0,3,0.5,1.0,1.0
family,CEC_F5,14,3,0,0,3,0.5,1.0,1.0
family,CEC_F5,15,3,0,0,3,0.5,1.0,1.0
family,CEC_F5,16,3,0,0,3,0.5,1.0,1.0
family,CEC_F5,17,3,0,0,3,0.5,1.0,1.0
family,CEC_F5,18,3,0,0,3,0.5,1.0,1.0
family,CEC_F5,19,3,0,0,3,0.5,1.0,1.0
family,CEC_F5,20,3,0,0,3,0.5,1.0,1.0
family,CEC_F5,21,3,0,0,3,0.5,1.0,1.0
family,CEC_F5,22,3,0,1,2,0.0,1.0,1.0
family,CEC_F5,23,3,0,1,2,0.0,1.0,1.0
family,CEC_F5,24,3,0,1,2,0.0,1.0,1.0
family,CEC_F5,25,3,0,2,1,0.0,1.0,0.9946854299655632
family,CEC_F5,26,3,0,2,1,0.0,1.0,0.9946854299655632
family,CEC_F5,27,3,0,2,1,0.0,1.0,0.9946854299655632
family,CEC_F5,28,3,0,2,1,0.0,1.0,0.9946854299655632
family,CEC_F5,29,3,0,2,1,0.0,1.0,0.9946854299655632
family,CEC_F5,30,3,0,2,1,0.0,1.0,0.9946854299655632
family,CEC_F5,31,3,0,2,1,0.0,1.0,0.9946854299655632
family,CEC_F5,32,3,0,2,1,0.0,1.0,0.9946854299655632
family,CEC_F5,33,3,0,3,0,0.0,1.0,0.9946854299655632
family,CEC_F5,34,3,0,3,0,0.0,1.0,0.9946854299655632
family,CEC_F5,35,3,0,3,0,0.0,1.0,0.9946854299655632
family,CEC_F5,36,3,0,3,0,0.0,1.0,0.9946854299655632
family,CEC_F5,37,3,0,3,0,0.0,1.0,0.9946854299655632
family,CEC_F5,38,3,0,3,0,0.0,1.0,0.9946854299655632
family,CEC_F5,39,3,0,3,0,0.0,1.0,0.9946854299655632
family,CEC_F5,40,3,0,3,0,0.0,1.0,0.9946854299655632
family,CEC_F5,41,3,0,3,0,0.0,1.0,0.9946854299655632
family,CEC_F5,42,3,1,2,0,0.3333333333333333,0.9958143343920257,0.9946854299655632
family,CEC_F5,43,3,1,2,0,0.3333333333333333,0.9958143343920257,0.9946854299655632
family,CEC_F5,44,3,1,2,0,0.3333333333333333,0.9958143343920257,0.9946854299655632
family,CEC_F5,45,3,1,2,0,0.3333333333333333,0.9958143343920257,0.9946854299655632
family,CEC_F5,46,3,1,2,0,0.3333333333333333,0.9958143343920257,0.9946854299655632
family,CEC_F5,47,3,1,2,0,0.3333333333333333,0.9958143343920257,0.9946854299655632
family,CEC_F5,48,3,1,2,0,0.3333333333333333,0.9958143343920257,0.9946854299655632
family,CEC_F5,49,3,1,2,0,0.3333333333333333,0.9958143343920257,0.9946854299655632
family,CEC_F5,50,3,1,2,0,0.3333333333333333,0.9958143343920257,0.9946854299655632
family,CEC_F5,51,3,1,2,0,0.3333333333333333,0.9958143343920257,0.9946854299655632
family,CEC_F5,52,3,1,2,0,0.3333333333333333,0.9958143343920257,0.9946854299655632
family,CEC_F5,53,3,1,2,0,0.3333333333333333,0.9958143343920257,0.9946854299655632
family,CEC_F5,54,3,1,2,0,0.3333333333333333,0.9958143343920257,0.9946854299655632
family,CEC_F5,55,3,1,2,0,0.3333333333333333,0.9958143343920257,0.9946854299655632
family,CEC_F5,56,3,1,2,0,0.3333333333333333,0.9958143343920257,0.9946854299655632
family,CEC_F5,57,3,2,1,0,0.6666666666666666,0.9919932333442617,0.9946854299655632
family,CEC_F5,58,3,1,2,0,0.3333333333333333,0.9919932333442617,0.9854257796432316
family,CEC_F5,59,3,1,2,0,0.3333333333333333,0.9919932333442617,0.9854257796432316
family,CEC_F5,60,3,1,2,0,0.3333333333333333,0.9919932333442617,0.9854257796432316
family,CEC_F5,61,3,1,2,0,0.3333333333333333,0.9912588025577339,0.9854257796432316
family,CEC_F5,62,3,1,2,0,0.3333333333333333,0.9912588025577339,0.9854257796432316
family,CEC_F5,63,3,1,2,0,0.3333333333333333,0.9912588025577339,0.9854257796432316
family,CEC_F5,64,3,1,2,0,0.3333333333333333,0.9912588025577339,0.9854257796432316
family,CEC_F5,65,3,1,2,0,0.3333333333333333,0.9912588025577339,0.9854257796432316
family,CEC_F5,66,3,1,2,0,0.3333333333333333,0.9912588025577339,0.9854257796432316
family,CEC_F5,67,3,1,2,0,0.3333333333333333,0.9912588025577339,0.9854257796432316
family,CEC_F5,68,3,1,2,0,0.3333333333333333,0.9912588025577339,0.979685194036285
family,CEC_F5,69,3,1,2,0,0.3333333333333333,0.9912588025577339,0.979685194036285
family,CEC_F5,70,3,1,2,0,0.3333333333333333,0.9912588025577339,0.979685194036285
family,CEC_F5,71,3,1,2,0,0.3333333333333333,0.9912588025577339,0.979685194036285
family,CEC_F5,72,3,1,2,0,0.3333333333333333,0.9912588025577339,0.979685194036285
family,CEC_F5,73,3,1,2,0,0.3333333333333333,0.9912588025577339,0.979685194036285
family,CEC_F5,74,3,1,2,0,0.3333333333333333,0.9912588025577339,0.979685194036285
family,CEC_F5,75,3,1,2,0,0.3333333333333333,0.9912588025577339,0.979685194036285
family,CEC_F5,76,3,1,2,0,0.3333333333333333,0.9912588025577339,0.979685194036285
family,CEC_F5,77,3,1,2,0,0.3333333333333333,0.9912588025577339,0.979685194036285
family,CEC_F5,78,3,1,2,0,0.3333333333333333,0.9912588025577339,0.979685194036285
family,CEC_F5,79,3,1,2,0,0.3333333333333333,0.9912588025577339,0.979685194036285
family,CEC_F5,80,3,1,2,0,0.3333333333333333,0.9912588025577339,0.979685194036285
family,CEC_F5,81,3,1,2,0,0.3333333333333333,0.9912588025577339,0.979685194036285
family,CEC_F5,82,3,1,2,0,0.3333333333333333,0.9912588025577339,0.979685194036285
family,CEC_F5,83,3,1,2,0,0.3333333333333333,0.9912588025577339,0.979685194036285
family,CEC_F5,84,3,1,2,0,0.3333333333333333,0.9912588025577339,0.979685194036285
family,CEC_F5,85,3,1,2,0,0.3333333333333333,0.9912588025577339,0.9771388242862201
family,CEC_F5,86,3,1,2,0,0.3333333333333333,0.9912588025577339,0.9771388242862201
family,CEC_F5,87,3,1,2,0,0.3333333333333333,0.9912588025577339,0.9771388242862201
family,CEC_F5,88,3,1,2,0,0.3333333333333333,0.9912588025577339,0.9771388242862201
family,CEC_F5,89,3,1,2,0,0.3333333333333333,0.9912588025577339,0.9771388242862201
family,CEC_F5,90,3,1,2,0,0.3333333333333333,0.9912588025577339,0.9771388242862201
family,CEC_F5,91,3,1,2,0,0.3333333333333333,0.9912588025577339,0.9771388242862201
family,CEC_F5,92,3,1,2,0,0.3333333333333333,0.9912588025577339,0.9771388242862201
family,CEC_F5,93,3,1,2,0,0.3333333333333333,0.9912588025577339,0.9771388242862201
family,CEC_F5,94,3,1,2,0,0.3333333333333333,0.9912588025577339,0.9771388242862201
family,CEC_F5,95,3,1,2,0,0.3333333333333333,0.9912588025577339,0.9771388242862201
family,CEC_F5,96,3,1,2,0,0.3333333333333333,0.9912588025577339,0.9771388242862201
family,CEC_F5,97,3,1,2,0,0.3333333333333333,0.9912588025577339,0.9771388242862201
family,CEC_F5,98,3,1,2,0,0.3333333333333333,0.9912588025577339,0.9771388242862201
family,CEC_F5,99,3,1,2,0,0.3333333333333333,0.9912588025577339,0.9771388242862201
family,CEC_F5,100,3,1,2,0,0.3333333333333333,0.9912588025577339,0.9771388242862201
family,CEC_F5,101,3,1,2,0,0.3333333333333333,0.9912588025577339,0.9771388242862201
family,CEC_F5,102,3,1,2,0,0.3333333333333333,0.9912588025577339,0.9771388242862201
family,CEC_F5,103,3,1,2,0,0.3333333333333333,0.9912588025577339,0.9771388242862201
family,CEC_F5,104,3,1,2,0,0.3333333333333333,0.9912588025577339,0.9771388242862201
family,CEC_F5,105,3,1,2,0,0.3333333333333333,0.9912588025577339,0.9771388242862201
family,CEC_F5,106,3,1,2,0,0.3333333333333333,0.9912588025577339,0.9757446381688557
family,CEC_F5,107,3,1,2,0,0.3333333333333333,0.9912588025577339,0.9757446381688557
family,CEC_F5,108,3,1,2,0,0.3333333333333333,0.9912588025577339,0.9757446381688557
family,CEC_F5,109,3,1,2,0,0.3333333333333333,0.9912588025577339,0.9757446381688557
family,CEC_F5,110,3,1,2,0,0.3333333333333333,0.9912588025577339,0.9757446381688557
family,CEC_F5,111,3,1,2,0,0.3333333333333333,0.9912588025577339,0.9757446381688557
family,CEC_F5,112,3,1,2,0,0.3333333333333333,0.9912588025577339,0.9757446381688557
family,CEC_F5,113,3,1,2,0,0.3333333333333333,0.9912588025577339,0.9757446381688557
family,CEC_F5,114,3,1,2,0,0.3333333333333333,0.9912588025577339,0.9757446381688557
family,CEC_F5,115,3,1,2,0,0.3333333333333333,0.9912588025577339,0.9757446381688557
family,CEC_F5,116,3,1,2,0,0.3333333333333333,0.9912588025577339,0.9757446381688557
family,CEC_F5,117,3,1,2,0,0.3333333333333333,0.9912588025577339,0.9757446381688557
family,CEC_F5,118,3,1,2,0,0.3333333333333333,0.9912588025577339,0.9757446381688557
family,CEC_F5,119,3,1,2,0,0.3333333333333333,0.9912588025577339,0.9757446381688557
family,CEC_F5,120,3,1,2,0,0.3333333333333333,0.9912588025577339,0.9757446381688557
family,CEC_F6,1,3,0,0,3,0.5,1.1391382451247054,1.1391382451247054
family,CEC_F6,2,3,0,0,3,0.5,1.0,1.0
family,CEC_F6,3,3,0,0,3,0.5,1.0,1.0
family,CEC_F6,4,3,0,0,3,0.5,1.0,1.0
family,CEC_F6,5,3,0,0,3,0.5,1.0,1.0
family,CEC_F6,6,3,0,0,3,0.5,1.0,1.0
family,CEC_F6,7,3,0,0,3,0.5,1.0,1.0
family,CEC_F6,8,3,0,0,3,0.5,1.0,1.0
family,CEC_F6,9,3,0,0,3,0.5,1.0,1.0
family,CEC_F6,10,3,0,0,3,0.5,1.0,1.0
family,CEC_F6,11,3,0,0,3,0.5,1.0,1.0
family,CEC_F6,12,3,0,0,3,0.5,1.0,1.0
family,CEC_F6,13,3,0,0,3,0.5,1.0,1.0
family,CEC_F6,14,3,0,0,3,0.5,1.0,1.0
family,CEC_F6,15,3,0,0,3,0.5,1.0,1.0
family,CEC_F6,16,3,0,0,3,0.5,1.0,1.0
family,CEC_F6,17,3,0,0,3,0.5,1.0,1.0
family,CEC_F6,18,3,0,0,3,0.5,1.0,1.0
family,CEC_F6,19,3,0,0,3,0.5,1.0,1.0
family,CEC_F6,20,3,0,0,3,0.5,1.0,1.0
family,CEC_F6,21,3,0,0,3,0.5,1.0,1.0
family,CEC_F6,22,3,0,0,3,0.5,1.0,1.0
family,CEC_F6,23,3,0,0,3,0.5,1.0,1.0
family,CEC_F6,24,3,0,0,3,0.5,1.0,1.0
family,CEC_F6,25,3,0,0,3,0.5,1.0,1.0
family,CEC_F6,26,3,1,0,2,1.0,1.0,1.0
family,CEC_F6,27,3,1,1,1,0.5,1.0,1.0
family,CEC_F6,28,3,2,1,0,0.6666666666666666,0.9350327463972179,1.0
family,CEC_F6,29,3,2,1,0,0.6666666666666666,0.9343198044545509,1.0
family,CEC_F6,30,3,2,1,0,0.6666666666666666,0.9338128856530582,1.0
family,CEC_F6,31,3,2,1,0,0.6666666666666666,0.9338128856530582,1.0
family,CEC_F6,32,3,2,1,0,0.6666666666666666,0.8055939727121545,0.9505397521259954
family,CEC_F6,33,3,2,1,0,0.6666666666666666,0.8055939727121545,0.9505397521259954
family,CEC_F6,34,3,2,1,0,0.6666666666666666,0.8055939727121545,0.9505397521259954
family,CEC_F6,35,3,2,1,0,0.6666666666666666,0.8055939727121545,0.9505397521259954
family,CEC_F6,36,3,2,1,0,0.6666666666666666,0.8055939727121545,0.9505397521259954
family,CEC_F6,37,3,2,1,0,0.6666666666666666,0.8055939727121545,0.9505397521259954
family,CEC_F6,38,3,2,1,0,0.6666666666666666,0.8055939727121545,0.9429319457069373
family,CEC_F6,39,3,2,1,0,0.6666666666666666,0.8055939727121545,0.9429319457069373
family,CEC_F6,40,3,2,1,0,0.6666666666666666,0.8055939727121545,0.9429319457069373
family,CEC_F6,41,3,2,1,0,0.6666666666666666,0.7513799426103073,0.9429319457069373
family,CEC_F6,42,3,2,1,0,0.6666666666666666,0.7513799426103073,0.9429319457069373
family,CEC_F6,43,3,2,1,0,0.6666666666666666,0.7513799426103073,0.9429319457069373
family,CEC_F6,44,3,2,1,0,0.6666666666666666,0.7513799426103073,0.9429319457069373
family,CEC_F6,45,3,2,1,0,0.6666666666666666,0.7513799426103073,0.9429319457069373
family,CEC_F6,46,3,3,0,0,1.0,0.7513799426103073,0.9429319457069373
family,CEC_F6,47,3,3,0,0,1.0,0.7513799426103073,0.9222894186558385
family,CEC_F6,48,3,3,0,0,1.0,0.7513799426103073,0.9222894186558385
family,CEC_F6,49,3,3,0,0,1.0,0.7513799426103073,0.9222894186558385
family,CEC_F6,50,3,3,0,0,1.0,0.7513799426103073,0.9222894186558385
family,CEC_F6,51,3,3,0,0,1.0,0.7513799426103073,0.900822640371554
family,CEC_F6,52,3,3,0,0,1.0,0.7513799426103073,0.900822640371554
family,CEC_F6,53,3,3,0,0,1.0,0.7513799426103073,0.900822640371554
family,CEC_F6,54,3,3,0,0,1.0,0.7513799426103073,0.868142388814063
family,CEC_F6,55,3,3,0,0,1.0,0.7513799426103073,0.868142388814063
family,CEC_F6,56,3,3,0,0,1.0,0.7513799426103073,0.868142388814063
family,CEC_F6,57,3,3,0,0,1.0,0.7047167818032701,0.868142388814063
family,CEC_F6,58,3,3,0,0,1.0,0.7047167818032701,0.868142388814063
family,CEC_F6,59,3,3,0,0,1.0,0.7047167818032701,0.868142388814063
family,CEC_F6,60,3,3,0,0,1.0,0.7047167818032701,0.8637783989578346
family,CEC_F6,61,3,3,0,0,1.0,0.7047167818032701,0.8637783989578346
family,CEC_F6,62,3,3,0,0,1.0,0.7047167818032701,0.8637783989578346
family,CEC_F6,63,3,3,0,0,1.0,0.7047167818032701,0.8637783989578346
family,CEC_F6,64,3,3,0,0,1.0,0.7047167818032701,0.8637783989578346
family,CEC_F6,65,3,3,0,0,1.0,0.704454179012158,0.8637783989578346
family,CEC_F6,66,3,3,0,0,1.0,0.704454179012158,0.8637783989578346
family,CEC_F6,67,3,3,0,0,1.0,0.6422824697523384,0.8637783989578346
family,CEC_F6,68,3,3,0,0,1.0,0.6422824697523384,0.8467603990701178
family,CEC_F6,69,3,3,0,0,1.0,0.6422824697523384,0.8467603990701178
family,CEC_F6,70,3,3,0,0,1.0,0.6422824697523384,0.8467603990701178
family,CEC_F6,71,3,3,0,0,1.0,0.6422824697523384,0.8467603990701178
family,CEC_F6,72,3,3,0,0,1.0,0.6422824697523384,0.8467603990701178
family,CEC_F6,73,3,3,0,0,1.0,0.6422824697523384,0.8467603990701178
family,CEC_F6,74,3,3,0,0,1.0,0.6422824697523384,0.8467603990701178
family,CEC_F6,75,3,3,0,0,1.0,0.6422824697523384,0.8467603990701178
family,CEC_F6,76,3,3,0,0,1.0,0.6422824697523384,0.8467603990701178
family,CEC_F6,77,3,3,0,0,1.0,0.6422824697523384,0.8467603990701178
family,CEC_F6,78,3,3,0,0,1.0,0.6422824697523384,0.8467603990701178
family,CEC_F6,79,3,3,0,0,1.0,0.6422824697523384,0.8467603990701178
family,CEC_F6,80,3,3,0,0,1.0,0.6422824697523384,0.8467603990701178
family,CEC_F6,81,3,3,0,0,1.0,0.6422824697523384,0.8467603990701178
family,CEC_F6,82,3,3,0,0,1.0,0.6422824697523384,0.8467603990701178
family,CEC_F6,83,3,3,0,0,1.0,0.6422824697523384,0.8467603990701178
family,CEC_F6,84,3,3,0,0,1.0,0.6187019460369881,0.8467603990701178
family,CEC_F6,85,3,3,0,0,1.0,0.6187019460369881,0.8467603990701178
family,CEC_F6,86,3,3,0,0,1.0,0.6187019460369881,0.8467603990701178
family,CEC_F6,87,3,3,0,0,1.0,0.6187019460369881,0.8467603990701178
family,CEC_F6,88,3,3,0,0,1.0,0.6187019460369881,0.8467603990701178
family,CEC_F6,89,3,3,0,0,1.0,0.5711369711109376,0.8467603990701178
family,CEC_F6,90,3,3,0,0,1.0,0.5711369711109376,0.8467603990701178
family,CEC_F6,91,3,3,0,0,1.0,0.5711369711109376,0.8467603990701178
family,CEC_F6,92,3,3,0,0,1.0,0.5711369711109376,0.8467603990701178
family,CEC_F6,93,3,3,0,0,1.0,0.5711369711109376,0.8467603990701178
family,CEC_F6,94,3,3,0,0,1.0,0.5711369711109376,0.8467603990701178
family,CEC_F6,95,3,3,0,0,1.0,0.5711369711109376,0.8467603990701178
family,CEC_F6,96,3,3,0,0,1.0,0.5711369711109376,0.8467603990701178
family,CEC_F6,97,3,3,0,0,1.0,0.5711369711109376,0.8382865096618505
family,CEC_F6,98,3,3,0,0,1.0,0.5711369711109376,0.8382865096618505
family,CEC_F6,99,3,3,0,0,1.0,0.5711369711109376,0.8382865096618505
family,CEC_F6,100,3,3,0,0,1.0,0.5711369711109376,0.7899167519924377
family,CEC_F6,101,3,3,0,0,1.0,0.5711369711109376,0.7899167519924377
family,CEC_F6,102,3,3,0,0,1.0,0.5519212580844318,0.7899167519924377
family,CEC_F6,103,3,3,0,0,1.0,0.5519212580844318,0.7899167519924377
family,CEC_F6,104,3,3,0,0,1.0,0.5519212580844318,0.7899167519924377
family,CEC_F6,105,3,3,0,0,1.0,0.5519212580844318,0.7899167519924377
family,CEC_F6,106,3,3,0,0,1.0,0.5519212580844318,0.7899167519924377
family,CEC_F6,107,3,3,0,0,1.0,0.5519212580844318,0.7899167519924377
family,CEC_F6,108,3,3,0,0,1.0,0.5519212580844318,0.7899167519924377
family,CEC_F6,109,3,3,0,0,1.0,0.5519212580844318,0.7899167519924377
family,CEC_F6,110,3,3,0,0,1.0,0.5519212580844318,0.7899167519924377
family,CEC_F6,111,3,3,0,0,1.0,0.5519212580844318,0.7899167519924377
family,CEC_F6,112,3,3,0,0,1.0,0.5519212580844318,0.7899167519924377
family,CEC_F6,113,3,3,0,0,1.0,0.5519212580844318,0.7899167519924377
family,CEC_F6,114,3,3,0,0,1.0,0.5519212580844318,0.7512705318230039
family,CEC_F6,115,3,3,0,0,1.0,0.5519212580844318,0.7512705318230039
family,CEC_F6,116,3,3,0,0,1.0,0.5519212580844318,0.7512705318230039
family,CEC_F6,117,3,3,0,0,1.0,0.5519212580844318,0.7512705318230039
family,CEC_F6,118,3,3,0,0,1.0,0.5519212580844318,0.7512705318230039
family,CEC_F6,119,3,3,0,0,1.0,0.5519212580844318,0.7512705318230039
family,CEC_F6,120,3,3,0,0,1.0,0.5519212580844318,0.7512705318230039
family,CEC_F7,1,3,0,0,3,0.5,2.362619573336185,2.362619573336185
family,CEC_F7,2,3,0,0,3,0.5,2.362619573336185,2.362619573336185
family,CEC_F7,3,3,0,0,3,0.5,2.339229705942871,2.339229705942871
family,CEC_F7,4,3,0,0,3,0.5,1.8723887896719922,1.8723887896719922
family,CEC_F7,5,3,0,0,3,0.5,1.8723887896719922,1.8723887896719922
family,CEC_F7,6,3,0,0,3,0.5,1.2910142104561553,1.2910142104561553
family,CEC_F7,7,3,0,0,3,0.5,1.2910142104561553,1.2910142104561553
family,CEC_F7,8,3,0,0,3,0.5,1.2910142104561553,1.2910142104561553
family,CEC_F7,9,3,0,0,3,0.5,1.0,1.0
family,CEC_F7,10,3,0,0,3,0.5,1.0,1.0
family,CEC_F7,11,3,0,0,3,0.5,1.0,1.0
family,CEC_F7,12,3,0,0,3,0.5,1.0,1.0
family,CEC_F7,13,3,0,0,3,0.5,1.0,1.0
family,CEC_F7,14,3,0,0,3,0.5,1.0,1.0
family,CEC_F7,15,3,0,0,3,0.5,1.0,1.0
family,CEC_F7,16,3,0,0,3,0.5,1.0,1.0
family,CEC_F7,17,3,0,0,3,0.5,1.0,1.0
family,CEC_F7,18,3,0,0,3,0.5,1.0,1.0
family,CEC_F7,19,3,0,0,3,0.5,1.0,1.0
family,CEC_F7,20,3,0,0,3,0.5,1.0,1.0
family,CEC_F7,21,3,2,0,1,1.0,0.44720933092929643,1.0
family,CEC_F7,22,3,2,0,1,1.0,0.44720933092929643,1.0
family,CEC_F7,23,3,2,0,1,1.0,0.44720933092929643,1.0
family,CEC_F7,24,3,3,0,0,1.0,0.44720933092929643,1.0
family,CEC_F7,25,3,3,0,0,1.0,0.44720933092929643,1.0
family,CEC_F7,26,3,3,0,0,1.0,0.44720933092929643,1.0
family,CEC_F7,27,3,3,0,0,1.0,0.44720933092929643,1.0
family,CEC_F7,28,3,3,0,0,1.0,0.44720933092929643,1.0
family,CEC_F7,29,3,3,0,0,1.0,0.44720933092929643,1.0
family,CEC_F7,30,3,3,0,0,1.0,0.44720933092929643,1.0
family,CEC_F7,31,3,3,0,0,1.0,0.44720933092929643,1.0
family,CEC_F7,32,3,2,1,0,0.6666666666666666,0.44720933092929643,1.0
family,CEC_F7,33,3,2,1,0,0.6666666666666666,0.44720933092929643,1.0
family,CEC_F7,34,3,2,1,0,0.6666666666666666,0.44720933092929643,1.0
family,CEC_F7,35,3,3,0,0,1.0,0.4113941779755136,1.0
family,CEC_F7,36,3,3,0,0,1.0,0.4113941779755136,1.0
family,CEC_F7,37,3,3,0,0,1.0,0.4113941779755136,1.0
family,CEC_F7,38,3,3,0,0,1.0,0.4113941779755136,1.0
family,CEC_F7,39,3,3,0,0,1.0,0.34410359278994834,1.0
family,CEC_F7,40,3,3,0,0,1.0,0.34410359278994834,1.0
family,CEC_F7,41,3,3,0,0,1.0,0.34410359278994834,1.0
family,CEC_F7,42,3,3,0,0,1.0,0.31513892570745516,1.0
family,CEC_F7,43,3,3,0,0,1.0,0.29710181985792483,0.8560115660624541
family,CEC_F7,44,3,3,0,0,1.0,0.29710181985792483,0.8560115660624541
family,CEC_F7,45,3,3,0,0,1.0,0.29710181985792483,0.8560115660624541
family,CEC_F7,46,3,3,0,0,1.0,0.29710181985792483,0.8560115660624541
family,CEC_F7,47,3,3,0,0,1.0,0.29710181985792483,0.8560115660624541
family,CEC_F7,48,3,3,0,0,1.0,0.23082436833271533,0.8560115660624541
family,CEC_F7,49,3,3,0,0,1.0,0.23082436833271533,0.8560115660624541
family,CEC_F7,50,3,3,0,0,1.0,0.23082436833271533,0.8560115660624541
family,CEC_F7,51,3,3,0,0,1.0,0.23082436833271533,0.8560115660624541
family,CEC_F7,52,3,2,1,0,0.6666666666666666,0.23082436833271533,0.8560115660624541
family,CEC_F7,53,3,2,1,0,0.6666666666666666,0.21676726080881958,0.8560115660624541
family,CEC_F7,54,3,3,0,0,1.0,0.21676726080881958,0.8560115660624541
family,CEC_F7,55,3,3,0,0,1.0,0.1550740244510475,0.8265310575713083
family,CEC_F7,56,3,3,0,0,1.0,0.1550740244510475,0.7374253288773208
family,CEC_F7,57,3,3,0,0,1.0,0.1550740244510475,0.7374253288773208
family,CEC_F7,58,3,3,0,0,1.0,0.05227117953099997,0.7374253288773208
family,CEC_F7,59,3,3,0,0,1.0,0.05227117953099997,0.6948285419920288
family,CEC_F7,60,3,3,0,0,1.0,0.022555173276320763,0.6948285419920288
family,CEC_F7,61,3,3,0,0,1.0,0.022555173276320763,0.6948285419920288
family,CEC_F7,62,3,3,0,0,1.0,0.022555173276320763,0.6948285419920288
family,CEC_F7,63,3,3,0,0,1.0,0.022555173276320763,0.6948285419920288
family,CEC_F7,64,3,3,0,0,1.0,0.022555173276320763,0.6948285419920288
family,CEC_F7,65,3,3,0,0,1.0,0.022555173276320763,0.6948285419920288
family,CEC_F7,66,3,3,0,0,1.0,0.022555173276320763,0.6948285419920288
family,CEC_F7,67,3,3,0,0,1.0,0.022555173276320763,0.6948285419920288
family,CEC_F7,68,3,3,0,0,1.0,0.022555173276320763,0.6948285419920288
family,CEC_F7,69,3,3,0,0,1.0,0.022555173276320763,0.6948285419920288
family,CEC_F7,70,3,3,0,0,1.0,0.022555173276320763,0.6948285419920288
family,CEC_F7,71,3,3,0,0,1.0,0.022555173276320763,0.6948285419920288
family,CEC_F7,72,3,3,0,0,1.0,0.022555173276320763,0.6948285419920288
family,CEC_F7,73,3,3,0,0,1.0,0.022555173276320763,0.6948285419920288
family,CEC_F7,74,3,3,0,0,1.0,0.022555173276320763,0.6948285419920288
family,CEC_F7,75,3,3,0,0,1.0,0.022555173276320763,0.6948285419920288
family,CEC_F7,76,3,3,0,0,1.0,0.022555173276320763,0.6948285419920288
family,CEC_F7,77,3,3,0,0,1.0,0.022555173276320763,0.6948285419920288
family,CEC_F7,78,3,3,0,0,1.0,0.022555173276320763,0.6948285419920288
family,CEC_F7,79,3,3,0,0,1.0,0.022555173276320763,0.6948285419920288
family,CEC_F7,80,3,3,0,0,1.0,0.022555173276320763,0.6304895656511784
family,CEC_F7,81,3,3,0,0,1.0,0.022555173276320763,0.5963629390177755
family,CEC_F7,82,3,3,0,0,1.0,0.022555173276320763,0.5963629390177755
family,CEC_F7,83,3,3,0,0,1.0,0.021086180425041026,0.5963629390177755
family,CEC_F7,84,3,3,0,0,1.0,0.020965090325880464,0.5963629390177755
family,CEC_F7,85,3,3,0,0,1.0,0.020950775240476796,0.5963629390177755
family,CEC_F7,86,3,3,0,0,1.0,0.013579659064852093,0.5963629390177755
family,CEC_F7,87,3,3,0,0,1.0,0.013579659064852093,0.49417440945135255
family,CEC_F7,88,3,3,0,0,1.0,0.013579659064852093,0.49417440945135255
family,CEC_F7,89,3,3,0,0,1.0,0.009368859192608879,0.49417440945135255
family,CEC_F7,90,3,3,0,0,1.0,0.009368859192608879,0.49417440945135255
family,CEC_F7,91,3,3,0,0,1.0,0.009368859192608879,0.49417440945135255
family,CEC_F7,92,3,3,0,0,1.0,0.007047814989594708,0.4314621784996092
family,CEC_F7,93,3,3,0,0,1.0,0.007047814989594708,0.4127393377461724
family,CEC_F7,94,3,3,0,0,1.0,0.007047814989594708,0.4127393377461724
family,CEC_F7,95,3,3,0,0,1.0,0.007047814989594708,0.4127393377461724
family,CEC_F7,96,3,3,0,0,1.0,0.007047814989594708,0.4127393377461724
family,CEC_F7,97,3,3,0,0,1.0,0.006934816281785547,0.4127393377461724
family,CEC_F7,98,3,3,0,0,1.0,0.006934816281785547,0.4127393377461724
family,CEC_F7,99,3,3,0,0,1.0,0.006934816281785547,0.4127393377461724
family,CEC_F7,100,3,3,0,0,1.0,0.006934816281785547,0.4127393377461724
family,CEC_F7,101,3,3,0,0,1.0,0.006934816281785547,0.4127393377461724
family,CEC_F7,102,3,3,0,0,1.0,0.006934816281785547,0.4127393377461724
family,CEC_F7,103,3,3,0,0,1.0,0.005029187245048474,0.4127393377461724
family,CEC_F7,104,3,3,0,0,1.0,0.005029187245048474,0.4127393377461724
family,CEC_F7,105,3,3,0,0,1.0,0.004733538644724537,0.41265624335212014
family,CEC_F7,106,3,3,0,0,1.0,0.004733538644724537,0.41265624335212014
family,CEC_F7,107,3,3,0,0,1.0,0.0042160225348532535,0.41265624335212014
family,CEC_F7,108,3,3,0,0,1.0,0.0042160225348532535,0.41265624335212014
family,CEC_F7,109,3,3,0,0,1.0,0.0042160225348532535,0.41265624335212014
family,CEC_F7,110,3,3,0,0,1.0,0.0042160225348532535,0.41265624335212014
family,CEC_F7,111,3,3,0,0,1.0,0.0042160225348532535,0.41265624335212014
family,CEC_F7,112,3,3,0,0,1.0,0.00416032698699022,0.41265624335212014
family,CEC_F7,113,3,3,0,0,1.0,0.00416032698699022,0.3600073643610156
family,CEC_F7,114,3,3,0,0,1.0,0.00416032698699022,0.3600073643610156
family,CEC_F7,115,3,3,0,0,1.0,0.00416032698699022,0.3600073643610156
family,CEC_F7,116,3,3,0,0,1.0,0.004132725875133076,0.3600073643610156
family,CEC_F7,117,3,3,0,0,1.0,0.004132725875133076,0.3600073643610156
family,CEC_F7,118,3,3,0,0,1.0,0.004132725875133076,0.3600073643610156
family,CEC_F7,119,3,3,0,0,1.0,0.004132725875133076,0.3600073643610156
family,CEC_F7,120,3,3,0,0,1.0,0.004132725875133076,0.3600073643610156
family,CEC_F9,1,12,0,0,12,0.5,1.428326974985562,1.428326974985562
family,CEC_F9,2,12,0,0,12,0.5,1.249258492663862,1.249258492663862
family,CEC_F9,3,12,0,0,12,0.5,1.1122257649280174,1.1122257649280174
family,CEC_F9,4,12,0,0,12,0.5,1.0487648934437308,1.0487648934437308
family,CEC_F9,5,12,0,0,12,0.5,1.0487648934437308,1.0487648934437308
family,CEC_F9,6,12,0,0,12,0.5,1.0004621916430065,1.0004621916430065
family,CEC_F9,7,12,0,0,12,0.5,1.0004621916430065,1.0004621916430065
family,CEC_F9,8,12,0,0,12,0.5,1.0004621916430065,1.0004621916430065
family,CEC_F9,9,12,0,0,12,0.5,1.0004621916430065,1.0004621916430065
family,CEC_F9,10,12,0,0,12,0.5,1.0,1.0
family,CEC_F9,11,12,0,0,12,0.5,1.0,1.0
family,CEC_F9,12,12,0,0,12,0.5,1.0,1.0
family,CEC_F9,13,12,0,0,12,0.5,1.0,1.0
family,CEC_F9,14,12,0,0,12,0.5,1.0,1.0
family,CEC_F9,15,12,0,0,12,0.5,1.0,1.0
family,CEC_F9,16,12,0,0,12,0.5,1.0,1.0
family,CEC_F9,17,12,0,0,12,0.5,1.0,1.0
family,CEC_F9,18,12,0,0,12,0.5,1.0,1.0
family,CEC_F9,19,12,0,0,12,0.5,1.0,1.0
family,CEC_F9,20,12,0,0,12,0.5,1.0,1.0
family,CEC_F9,21,12,7,0,5,1.0,0.8376376641763252,1.0
family,CEC_F9,22,12,7,1,4,0.875,0.8376376641763252,1.0
family,CEC_F9,23,12,7,2,3,0.7777777777777778,0.8376376641763252,1.0
family,CEC_F9,24,12,7,2,3,0.7777777777777778,0.8376376641763252,1.0
family,CEC_F9,25,12,7,2,3,0.7777777777777778,0.8376376641763252,0.9976191702143353
family,CEC_F9,26,12,8,1,3,0.8888888888888888,0.8376376641763252,0.9976191702143353
family,CEC_F9,27,12,9,1,2,0.9,0.8200800314457439,0.9976191702143353
family,CEC_F9,28,12,9,1,2,0.9,0.791666586116599,0.9976191702143353
family,CEC_F9,29,12,9,1,2,0.9,0.791666586116599,0.9976191702143353
family,CEC_F9,30,12,9,1,2,0.9,0.791666586116599,0.9976191702143353
family,CEC_F9,31,12,10,1,1,0.9090909090909091,0.791666586116599,0.9976191702143353
family,CEC_F9,32,12,10,1,1,0.9090909090909091,0.791666586116599,0.9976191702143353
family,CEC_F9,33,12,11,1,0,0.9166666666666666,0.7859737083421363,0.9976191702143353
family,CEC_F9,34,12,11,1,0,0.9166666666666666,0.7709387438714361,0.9976191702143353
family,CEC_F9,35,12,11,1,0,0.9166666666666666,0.7709387438714361,0.9976191702143353
family,CEC_F9,36,12,11,1,0,0.9166666666666666,0.7709387438714361,0.9797806795356168
family,CEC_F9,37,12,11,1,0,0.9166666666666666,0.7709387438714361,0.9797806795356168
family,CEC_F9,38,12,11,1,0,0.9166666666666666,0.7709387438714361,0.9797806795356168
family,CEC_F9,39,12,11,1,0,0.9166666666666666,0.7651851833858455,0.9797806795356168
family,CEC_F9,40,12,11,1,0,0.9166666666666666,0.7651851833858455,0.9558807411839434
family,CEC_F9,41,12,11,1,0,0.9166666666666666,0.7651851833858455,0.9467870787370267
family,CEC_F9,42,12,11,1,0,0.9166666666666666,0.7651851833858455,0.9467870787370267
family,CEC_F9,43,12,12,0,0,1.0,0.726552591688493,0.9353661901917381
family,CEC_F9,44,12,12,0,0,1.0,0.726552591688493,0.9353661901917381
family,CEC_F9,45,12,12,0,0,1.0,0.726552591688493,0.9353661901917381
family,CEC_F9,46,12,12,0,0,1.0,0.7074457133792651,0.9323636456295965
family,CEC_F9,47,12,12,0,0,1.0,0.7074457133792651,0.9047236751850087
family,CEC_F9,48,12,12,0,0,1.0,0.7074457133792651,0.9047236751850087
family,CEC_F9,49,12,12,0,0,1.0,0.7074457133792651,0.9023408120259042
family,CEC_F9,50,12,12,0,0,1.0,0.7074457133792651,0.9023408120259042
family,CEC_F9,51,12,12,0,0,1.0,0.7074457133792651,0.9014766164332106
family,CEC_F9,52,12,12,0,0,1.0,0.7074457133792651,0.9014766164332106
family,CEC_F9,53,12,12,0,0,1.0,0.7038129794292189,0.8671715711902446
family,CEC_F9,54,12,12,0,0,1.0,0.7038129794292189,0.8671715711902446
family,CEC_F9,55,12,12,0,0,1.0,0.6812089122514821,0.8536830455269067
family,CEC_F9,56,12,12,0,0,1.0,0.6812089122514821,0.8536830455269067
family,CEC_F9,57,12,12,0,0,1.0,0.6805085454398954,0.8536830455269067
family,CEC_F9,58,12,12,0,0,1.0,0.6805085454398954,0.8536830455269067
family,CEC_F9,59,12,12,0,0,1.0,0.6805085454398954,0.8536830455269067
family,CEC_F9,60,12,12,0,0,1.0,0.6805085454398954,0.8536830455269067
family,CEC_F9,61,12,12,0,0,1.0,0.6805085454398954,0.8536830455269067
family,CEC_F9,62,12,12,0,0,1.0,0.6805085454398954,0.844225410939895
family,CEC_F9,63,12,12,0,0,1.0,0.669927240707157,0.844225410939895
family,CEC_F9,64,12,12,0,0,1.0,0.669927240707157,0.8407458682888926
family,CEC_F9,65,12,12,0,0,1.0,0.669927240707157,0.8351356337707461
family,CEC_F9,66,12,12,0,0,1.0,0.669927240707157,0.8351356337707461
family,CEC_F9,67,12,12,0,0,1.0,0.669927240707157,0.8351356337707461
family,CEC_F9,68,12,11,1,0,0.9166666666666666,0.669927240707157,0.8351356337707461
family,CEC_F9,69,12,11,1,0,0.9166666666666666,0.669927240707157,0.8351356337707461
family,CEC_F9,70,12,10,2,0,0.8333333333333334,0.669927240707157,0.8271189641958749
family,CEC_F9,71,12,10,2,0,0.8333333333333334,0.6420086089248751,0.8271189641958749
family,CEC_F9,72,12,10,2,0,0.8333333333333334,0.6420086089248751,0.8271189641958749
family,CEC_F9,73,12,10,2,0,0.8333333333333334,0.6420086089248751,0.8189802094421215
family,CEC_F9,74,12,10,2,0,0.8333333333333334,0.6420086089248751,0.8189802094421215
family,CEC_F9,75,12,10,2,0,0.8333333333333334,0.6420086089248751,0.816328520657597
family,CEC_F9,76,12,10,2,0,0.8333333333333334,0.6420086089248751,0.802861162292859
family,CEC_F9,77,12,10,2,0,0.8333333333333334,0.6420086089248751,0.802861162292859
family,CEC_F9,78,12,10,2,0,0.8333333333333334,0.6370116469266014,0.802861162292859
family,CEC_F9,79,12,10,2,0,0.8333333333333334,0.626054582371967,0.802861162292859
family,CEC_F9,80,12,10,2,0,0.8333333333333334,0.626054582371967,0.7834710312624127
family,CEC_F9,81,12,10,2,0,0.8333333333333334,0.626054582371967,0.7834710312624127
family,CEC_F9,82,12,10,2,0,0.8333333333333334,0.6231974114224639,0.7762473151257743
family,CEC_F9,83,12,10,2,0,0.8333333333333334,0.6231974114224639,0.7762473151257743
family,CEC_F9,84,12,10,2,0,0.8333333333333334,0.6231974114224639,0.7694142229615213
family,CEC_F9,85,12,10,2,0,0.8333333333333334,0.6182887542275,0.7621751419496682
family,CEC_F9,86,12,10,2,0,0.8333333333333334,0.6182887542275,0.7621751419496682
family,CEC_F9,87,12,10,2,0,0.8333333333333334,0.6182887542275,0.7621751419496682
family,CEC_F9,88,12,10,2,0,0.8333333333333334,0.6182887542275,0.7593248512797895
family,CEC_F9,89,12,10,2,0,0.8333333333333334,0.6051315652200666,0.7593248512797895
family,CEC_F9,90,12,10,2,0,0.8333333333333334,0.5723613697511718,0.7593248512797895
family,CEC_F9,91,12,10,2,0,0.8333333333333334,0.5723613697511718,0.7593248512797895
family,CEC_F9,92,12,10,2,0,0.8333333333333334,0.5723613697511718,0.7593248512797895
family,CEC_F9,93,12,10,2,0,0.8333333333333334,0.5700549244007349,0.7593248512797895
family,CEC_F9,94,12,10,2,0,0.8333333333333334,0.5700549244007349,0.7593248512797895
family,CEC_F9,95,12,10,2,0,0.8333333333333334,0.5557272887468692,0.748535620694819
family,CEC_F9,96,12,10,2,0,0.8333333333333334,0.5557272887468692,0.748535620694819
family,CEC_F9,97,12,10,2,0,0.8333333333333334,0.5557272887468692,0.748535620694819
family,CEC_F9,98,12,10,2,0,0.8333333333333334,0.5557272887468692,0.748535620694819
family,CEC_F9,99,12,11,1,0,0.9166666666666666,0.5557272887468692,0.748535620694819
family,CEC_F9,100,12,11,1,0,0.9166666666666666,0.5557272887468692,0.748535620694819
family,CEC_F9,101,12,11,1,0,0.9166666666666666,0.5557272887468692,0.7328496501574685
family,CEC_F9,102,12,11,1,0,0.9166666666666666,0.5557272887468692,0.7328496501574685
family,CEC_F9,103,12,11,1,0,0.9166666666666666,0.5557272887468692,0.7195403460848782
family,CEC_F9,104,12,11,1,0,0.9166666666666666,0.5557272887468692,0.7195403460848782
family,CEC_F9,105,12,11,1,0,0.9166666666666666,0.5230825422112597,0.7195403460848782
family,CEC_F9,106,12,11,1,0,0.9166666666666666,0.5230825422112597,0.7195403460848782
family,CEC_F9,107,12,11,1,0,0.9166666666666666,0.5230825422112597,0.7019973710968523
family,CEC_F9,108,12,11,1,0,0.9166666666666666,0.5230825422112597,0.7019973710968523
family,CEC_F9,109,12,11,1,0,0.9166666666666666,0.5230825422112597,0.7019973710968523
family,CEC_F9,110,12,11,1,0,0.9166666666666666,0.5230825422112597,0.7019973710968523
family,CEC_F9,111,12,11,1,0,0.9166666666666666,0.5230825422112597,0.7016696264558555
family,CEC_F9,112,12,11,1,0,0.9166666666666666,0.5230825422112597,0.7016696264558555
family,CEC_F9,113,12,11,1,0,0.9166666666666666,0.5230825422112597,0.7016696264558555
family,CEC_F9,114,12,11,1,0,0.9166666666666666,0.5230825422112597,0.7016696264558555
family,CEC_F9,115,12,11,1,0,0.9166666666666666,0.5230825422112597,0.7016696264558555
family,CEC_F9,116,12,11,1,0,0.9166666666666666,0.5230825422112597,0.7016696264558555
family,CEC_F9,117,12,11,1,0,0.9166666666666666,0.5230825422112597,0.7016696264558555
family,CEC_F9,118,12,11,1,0,0.9166666666666666,0.5230825422112597,0.7016696264558555
family,CEC_F9,119,12,11,1,0,0.9166666666666666,0.5230825422112597,0.7016696264558555
family,CEC_F9,120,12,10,2,0,0.8333333333333334,0.5230825422112597,0.7016696264558555
family,ChungReynolds,1,18,0,0,18,0.5,3.3259842173928194,3.3259842173928194
family,ChungReynolds,2,18,0,0,18,0.5,2.2343932934023107,2.2343932934023107
family,ChungReynolds,3,18,0,0,18,0.5,1.9203777958544233,1.9203777958544233
family,ChungReynolds,4,18,0,0,18,0.5,1.5501575376187633,1.5501575376187633
family,ChungReynolds,5,18,0,0,18,0.5,1.3846315128051758,1.3846315128051758
family,ChungReynolds,6,18,0,0,18,0.5,1.3846315128051758,1.3846315128051758
family,ChungReynolds,7,18,0,0,18,0.5,1.1836322856455461,1.1836322856455461
family,ChungReynolds,8,18,0,0,18,0.5,1.0709616572373175,1.0709616572373175
family,ChungReynolds,9,18,0,0,18,0.5,1.009874577796718,1.009874577796718
family,ChungReynolds,10,18,0,0,18,0.5,1.0035120764177574,1.0035120764177574
family,ChungReynolds,11,18,0,0,18,0.5,1.0,1.0
family,ChungReynolds,12,18,0,0,18,0.5,1.0,1.0
family,ChungReynolds,13,18,0,0,18,0.5,1.0,1.0
family,ChungReynolds,14,18,0,0,18,0.5,1.0,1.0
family,ChungReynolds,15,18,0,0,18,0.5,1.0,1.0
family,ChungReynolds,16,18,0,0,18,0.5,1.0,1.0
family,ChungReynolds,17,18,0,0,18,0.5,1.0,1.0
family,ChungReynolds,18,18,0,0,18,0.5,1.0,1.0
family,ChungReynolds,19,18,0,0,18,0.5,1.0,1.0
family,ChungReynolds,20,18,0,0,18,0.5,1.0,1.0
family,ChungReynolds,21,18,7,2,9,0.7777777777777778,0.9867256349800573,1.0
family,ChungReynolds,22,18,9,2,7,0.8181818181818182,0.9331093455281925,1.0
family,ChungReynolds,23,18,10,2,6,0.8333333333333334,0.8561837172112285,1.0
family,ChungReynolds,24,18,12,3,3,0.8,0.5864688298833385,1.0
family,ChungReynolds,25,18,13,2,3,0.8666666666666667,0.3407707566547043,1.0
family,ChungReynolds,26,18,12,4,2,0.75,0.3295953902810249,0.920297602935048
family,ChungReynolds,27,18,13,3,2,0.8125,0.3295953902810249,0.920297602935048
family,ChungReynolds,28,18,13,3,2,0.8125,0.25111085587533744,0.920297602935048
family,ChungReynolds,29,18,14,3,1,0.8235294117647058,0.25111085587533744,0.8801127372707258
family,ChungReynolds,30,18,14,3,1,0.8235294117647058,0.25111085587533744,0.8801127372707258
family,ChungReynolds,31,18,14,3,1,0.8235294117647058,0.25111085587533744,0.8801127372707258
family,ChungReynolds,32,18,14,3,1,0.8235294117647058,0.25111085587533744,0.8801127372707258
family,ChungReynolds,33,18,14,3,1,0.8235294117647058,0.25111085587533744,0.7607216363763278
family,ChungReynolds,34,18,14,3,1,0.8235294117647058,0.25111085587533744,0.7422244205533991
family,ChungReynolds,35,18,14,3,1,0.8235294117647058,0.25111085587533744,0.7219310065068819
family,ChungReynolds,36,18,15,2,1,0.8823529411764706,0.23568143783328394,0.7219310065068819
family,ChungReynolds,37,18,15,2,1,0.8823529411764706,0.23568143783328394,0.7219310065068819
family,ChungReynolds,38,18,15,2,1,0.8823529411764706,0.18776377901157748,0.699928288440751
family,ChungReynolds,39,18,15,2,1,0.8823529411764706,0.18776377901157748,0.699928288440751
family,ChungReynolds,40,18,15,2,1,0.8823529411764706,0.18776377901157748,0.699928288440751
family,ChungReynolds,41,18,15,2,1,0.8823529411764706,0.18776377901157748,0.699928288440751
family,ChungReynolds,42,18,14,3,1,0.8235294117647058,0.18776377901157748,0.5896058048795065
family,ChungReynolds,43,18,15,2,1,0.8823529411764706,0.12835062992555857,0.5896058048795065
family,ChungReynolds,44,18,17,0,1,1.0,0.08519426309978348,0.5896058048795065
family,ChungReynolds,45,18,17,0,1,1.0,0.08481470174111488,0.5721397852005252
family,ChungReynolds,46,18,17,0,1,1.0,0.08481470174111488,0.5721397852005252
family,ChungReynolds,47,18,17,0,1,1.0,0.08481470174111488,0.5500804272059965
family,ChungReynolds,48,18,17,0,1,1.0,0.07529201589839082,0.5500804272059965
family,ChungReynolds,49,18,17,0,1,1.0,0.07529201589839082,0.5500804272059965
family,ChungReynolds,50,18,17,0,1,1.0,0.07529201589839082,0.532000614640591
family,ChungReynolds,51,18,17,0,1,1.0,0.07529201589839082,0.532000614640591
family,ChungReynolds,52,18,16,1,1,0.9411764705882353,0.07529201589839082,0.5225628750783005
family,ChungReynolds,53,18,17,1,0,0.9444444444444444,0.07529201589839082,0.4680912188022265
family,ChungReynolds,54,18,17,1,0,0.9444444444444444,0.07529201589839082,0.4680912188022265
family,ChungReynolds,55,18,17,1,0,0.9444444444444444,0.07529201589839082,0.4680912188022265
family,ChungReynolds,56,18,17,1,0,0.9444444444444444,0.07529201589839082,0.4680912188022265
family,ChungReynolds,57,18,17,1,0,0.9444444444444444,0.0677739301260396,0.4680912188022265
family,ChungReynolds,58,18,17,1,0,0.9444444444444444,0.0677739301260396,0.4680912188022265
family,ChungReynolds,59,18,17,1,0,0.9444444444444444,0.0677739301260396,0.4680912188022265
family,ChungReynolds,60,18,17,1,0,0.9444444444444444,0.0677739301260396,0.4680912188022265
family,ChungReynolds,61,18,17,1,0,0.9444444444444444,0.0677739301260396,0.44397671244144243
family,ChungReynolds,62,18,17,1,0,0.9444444444444444,0.0677739301260396,0.44397671244144243
family,ChungReynolds,63,18,17,1,0,0.9444444444444444,0.0677739301260396,0.44397671244144243
family,ChungReynolds,64,18,17,1,0,0.9444444444444444,0.0677739301260396,0.44397671244144243
family,ChungReynolds,65,18,17,1,0,0.9444444444444444,0.0677739301260396,0.44397671244144243
family,ChungReynolds,66,18,17,1,0,0.9444444444444444,0.0677739301260396,0.44397671244144243
family,ChungReynolds,67,18,17,1,0,0.9444444444444444,0.0677739301260396,0.3939379213450561
family,ChungReynolds,68,18,16,2,0,0.8888888888888888,0.0677739301260396,0.3540724508125925
family,ChungReynolds,69,18,16,2,0,0.8888888888888888,0.0677739301260396,0.34809717755920344
family,ChungReynolds,70,18,16,2,0,0.8888888888888888,0.0677739301260396,0.34809717755920344
family,ChungReynolds,71,18,16,2,0,0.8888888888888888,0.0677739301260396,0.21935803444107466
family,ChungReynolds,72,18,16,2,0,0.8888888888888888,0.0677739301260396,0.21935803444107466
family,ChungReynolds,73,18,16,2,0,0.8888888888888888,0.0677739301260396,0.21935803444107466
family,ChungReynolds,74,18,16,2,0,0.8888888888888888,0.0677739301260396,0.21935803444107466
family,ChungReynolds,75,18,16,2,0,0.8888888888888888,0.0677739301260396,0.21935803444107466
family,ChungReynolds,76,18,16,2,0,0.8888888888888888,0.0677739301260396,0.21935803444107466
family,ChungReynolds,77,18,17,1,0,0.9444444444444444,0.042162819141860264,0.21935803444107466
family,ChungReynolds,78,18,17,1,0,0.9444444444444444,0.042162819141860264,0.21935803444107466
family,ChungReynolds,79,18,17,1,0,0.9444444444444444,0.042162819141860264,0.21935803444107466
family,ChungReynolds,80,18,17,1,0,0.9444444444444444,0.042162819141860264,0.21935803444107466
family,ChungReynolds,81,18,17,1,0,0.9444444444444444,0.03075235166981539,0.15269878109287446
family,ChungReynolds,82,18,17,1,0,0.9444444444444444,0.03075235166981539,0.15269878109287446
family,ChungReynolds,83,18,17,1,0,0.9444444444444444,0.03075235166981539,0.15269878109287446
family,ChungReynolds,84,18,17,1,0,0.9444444444444444,0.03075235166981539,0.15269878109287446
family,ChungReynolds,85,18,17,1,0,0.9444444444444444,0.03075235166981539,0.15269878109287446
family,ChungReynolds,86,18,16,2,0,0.8888888888888888,0.03075235166981539,0.15269878109287446
family,ChungReynolds,87,18,16,2,0,0.8888888888888888,0.03075235166981539,0.15269878109287446
family,ChungReynolds,88,18,16,2,0,0.8888888888888888,0.03075235166981539,0.12515590460645024
family,ChungReynolds,89,18,16,2,0,0.8888888888888888,0.03075235166981539,0.12515590460645024
family,ChungReynolds,90,18,16,2,0,0.8888888888888888,0.03075235166981539,0.12515590460645024
family,ChungReynolds,91,18,16,2,0,0.8888888888888888,0.03075235166981539,0.12515590460645024
family,ChungReynolds,92,18,16,2,0,0.8888888888888888,0.03075235166981539,0.12515590460645024
family,ChungReynolds,93,18,16,2,0,0.8888888888888888,0.03075235166981539,0.12515590460645024
family,ChungReynolds,94,18,14,4,0,0.7777777777777778,0.03075235166981539,0.08870991722528114
family,ChungReynolds,95,18,14,4,0,0.7777777777777778,0.03075235166981539,0.08870991722528114
family,ChungReynolds,96,18,13,5,0,0.7222222222222222,0.03075235166981539,0.08870991722528114
family,ChungReynolds,97,18,14,4,0,0.7777777777777778,0.03075235166981539,0.08870991722528114
family,ChungReynolds,98,18,14,4,0,0.7777777777777778,0.03075235166981539,0.08870991722528114
family,ChungReynolds,99,18,14,4,0,0.7777777777777778,0.03075235166981539,0.08870991722528114
family,ChungReynolds,100,18,14,4,0,0.7777777777777778,0.03075235166981539,0.08870991722528114
family,ChungReynolds,101,18,14,4,0,0.7777777777777778,0.03075235166981539,0.08870991722528114
family,ChungReynolds,102,18,14,4,0,0.7777777777777778,0.03075235166981539,0.08870991722528114
family,ChungReynolds,103,18,14,4,0,0.7777777777777778,0.03075235166981539,0.08870991722528114
family,ChungReynolds,104,18,14,4,0,0.7777777777777778,0.03075235166981539,0.08870991722528114
family,ChungReynolds,105,18,14,4,0,0.7777777777777778,0.03075235166981539,0.08870991722528114
family,ChungReynolds,106,18,14,4,0,0.7777777777777778,0.03075235166981539,0.08870991722528114
family,ChungReynolds,107,18,14,4,0,0.7777777777777778,0.03075235166981539,0.08870991722528114
family,ChungReynolds,108,18,14,4,0,0.7777777777777778,0.03075235166981539,0.08870991722528114
family,ChungReynolds,109,18,14,4,0,0.7777777777777778,0.03075235166981539,0.08870991722528114
family,ChungReynolds,110,18,14,4,0,0.7777777777777778,0.03075235166981539,0.08870991722528114
family,ChungReynolds,111,18,14,4,0,0.7777777777777778,0.03075235166981539,0.08253268591913229
family,ChungReynolds,112,18,14,4,0,0.7777777777777778,0.03075235166981539,0.08253268591913229
family,ChungReynolds,113,18,14,4,0,0.7777777777777778,0.03075235166981539,0.08253268591913229
family,ChungReynolds,114,18,13,5,0,0.7222222222222222,0.03075235166981539,0.08253268591913229
family,ChungReynolds,115,18,13,5,0,0.7222222222222222,0.03075235166981539,0.08253268591913229
family,ChungReynolds,116,18,14,4,0,0.7777777777777778,0.03075235166981539,0.08253268591913229
family,ChungReynolds,117,18,14,4,0,0.7777777777777778,0.03075235166981539,0.08253268591913229
family,ChungReynolds,118,18,14,4,0,0.7777777777777778,0.03075235166981539,0.08253268591913229
family,ChungReynolds,119,18,14,4,0,0.7777777777777778,0.03075235166981539,0.08253268591913229
family,ChungReynolds,120,18,14,4,0,0.7777777777777778,0.03075235166981539,0.08253268591913229
family,Cigar,1,18,0,0,18,0.5,1.5578465727554298,1.5578465727554298
family,Cigar,2,18,0,0,18,0.5,1.3555497181923042,1.3555497181923042
family,Cigar,3,18,0,0,18,0.5,1.31301121620471,1.31301121620471
family,Cigar,4,18,0,0,18,0.5,1.2378586614926608,1.2378586614926608
family,Cigar,5,18,0,0,18,0.5,1.1976472466068921,1.1976472466068921
family,Cigar,6,18,0,0,18,0.5,1.0931072236496178,1.0931072236496178
family,Cigar,7,18,0,0,18,0.5,1.033986035471317,1.033986035471317
family,Cigar,8,18,0,0,18,0.5,1.021616413754105,1.021616413754105
family,Cigar,9,18,0,0,18,0.5,1.0143340959917326,1.0143340959917326
family,Cigar,10,18,0,0,18,0.5,1.0143340959917326,1.0143340959917326
family,Cigar,11,18,0,0,18,0.5,1.004289493712601,1.004289493712601
family,Cigar,12,18,0,0,18,0.5,1.004289493712601,1.004289493712601
family,Cigar,13,18,0,0,18,0.5,1.004289493712601,1.004289493712601
family,Cigar,14,18,0,0,18,0.5,1.0,1.0
family,Cigar,15,18,0,0,18,0.5,1.0,1.0
family,Cigar,16,18,0,0,18,0.5,1.0,1.0
family,Cigar,17,18,0,0,18,0.5,1.0,1.0
family,Cigar,18,18,0,0,18,0.5,1.0,1.0
family,Cigar,19,18,0,0,18,0.5,1.0,1.0
family,Cigar,20,18,0,0,18,0.5,1.0,1.0
family,Cigar,21,18,9,3,6,0.75,0.9675987372602044,1.0
family,Cigar,22,18,11,2,5,0.8461538461538461,0.8535459544803119,1.0
family,Cigar,23,18,14,1,3,0.9333333333333333,0.6963648226380555,1.0
family,Cigar,24,18,14,1,3,0.9333333333333333,0.5852059841664832,1.0
family,Cigar,25,18,13,2,3,0.8666666666666667,0.5852059841664832,0.9987834612879675
family,Cigar,26,18,14,2,2,0.875,0.5825633111875994,0.990428508361914
family,Cigar,27,18,14,2,2,0.875,0.5825633111875994,0.9731725675050326
family,Cigar,28,18,14,2,2,0.875,0.5764995343123056,0.9731725675050326
family,Cigar,29,18,15,2,1,0.8823529411764706,0.4973073096728625,0.9731725675050326
family,Cigar,30,18,15,2,1,0.8823529411764706,0.4973073096728625,0.9731725675050326
family,Cigar,31,18,15,2,1,0.8823529411764706,0.4378258860396105,0.9731725675050326
family,Cigar,32,18,15,2,1,0.8823529411764706,0.4378258860396105,0.9731725675050326
family,Cigar,33,18,15,2,1,0.8823529411764706,0.4378258860396105,0.9511828026266897
family,Cigar,34,18,15,2,1,0.8823529411764706,0.4378258860396105,0.9153824574420226
family,Cigar,35,18,15,2,1,0.8823529411764706,0.4378258860396105,0.8832458136603479
family,Cigar,36,18,15,2,1,0.8823529411764706,0.4107320150286302,0.8832458136603479
family,Cigar,37,18,15,2,1,0.8823529411764706,0.4107320150286302,0.8832458136603479
family,Cigar,38,18,14,3,1,0.8235294117647058,0.4107320150286302,0.8832458136603479
family,Cigar,39,18,14,3,1,0.8235294117647058,0.4107320150286302,0.8832288416000053
family,Cigar,40,18,14,3,1,0.8235294117647058,0.4107320150286302,0.8832288416000053
family,Cigar,41,18,14,4,0,0.7777777777777778,0.4107320150286302,0.836300542838093
family,Cigar,42,18,14,4,0,0.7777777777777778,0.4107320150286302,0.836300542838093
family,Cigar,43,18,15,3,0,0.8333333333333334,0.4107320150286302,0.7616287185993572
family,Cigar,44,18,15,3,0,0.8333333333333334,0.4107320150286302,0.7616287185993572
family,Cigar,45,18,15,3,0,0.8333333333333334,0.4107320150286302,0.7616287185993572
family,Cigar,46,18,15,3,0,0.8333333333333334,0.3019009122044619,0.7616287185993572
family,Cigar,47,18,15,3,0,0.8333333333333334,0.3019009122044619,0.7616287185993572
family,Cigar,48,18,16,2,0,0.8888888888888888,0.3019009122044619,0.7616287185993572
family,Cigar,49,18,16,2,0,0.8888888888888888,0.3019009122044619,0.7455815296573192
family,Cigar,50,18,16,2,0,0.8888888888888888,0.3019009122044619,0.7455815296573192
family,Cigar,51,18,16,2,0,0.8888888888888888,0.3019009122044619,0.7455815296573192
family,Cigar,52,18,16,2,0,0.8888888888888888,0.3019009122044619,0.7455815296573192
family,Cigar,53,18,17,1,0,0.9444444444444444,0.3019009122044619,0.7455815296573192
family,Cigar,54,18,17,1,0,0.9444444444444444,0.3019009122044619,0.7455815296573192
family,Cigar,55,18,17,1,0,0.9444444444444444,0.3019009122044619,0.7455815296573192
family,Cigar,56,18,17,1,0,0.9444444444444444,0.28274905459329697,0.7455815296573192
family,Cigar,57,18,17,1,0,0.9444444444444444,0.28274905459329697,0.7455815296573192
family,Cigar,58,18,17,1,0,0.9444444444444444,0.2034333123799415,0.7453771122350361
family,Cigar,59,18,17,1,0,0.9444444444444444,0.11154001264862688,0.7453771122350361
family,Cigar,60,18,17,1,0,0.9444444444444444,0.11154001264862688,0.7453771122350361
family,Cigar,61,18,18,0,0,1.0,0.11154001264862688,0.7453771122350361
family,Cigar,62,18,18,0,0,1.0,0.11154001264862688,0.7453771122350361
family,Cigar,63,18,18,0,0,1.0,0.11154001264862688,0.7453771122350361
family,Cigar,64,18,18,0,0,1.0,0.09197150474272864,0.7453771122350361
family,Cigar,65,18,18,0,0,1.0,0.09197150474272864,0.7453771122350361
family,Cigar,66,18,18,0,0,1.0,0.09197150474272864,0.7453771122350361
family,Cigar,67,18,18,0,0,1.0,0.09197150474272864,0.7453771122350361
family,Cigar,68,18,18,0,0,1.0,0.09197150474272864,0.7132106422852631
family,Cigar,69,18,18,0,0,1.0,0.06106536630308786,0.7132106422852631
family,Cigar,70,18,18,0,0,1.0,0.06106536630308786,0.7132106422852631
family,Cigar,71,18,18,0,0,1.0,0.06106536630308786,0.7132106422852631
family,Cigar,72,18,18,0,0,1.0,0.06106536630308786,0.7132106422852631
family,Cigar,73,18,18,0,0,1.0,0.06106536630308786,0.7132106422852631
family,Cigar,74,18,18,0,0,1.0,0.06106536630308786,0.6933676762871337
family,Cigar,75,18,18,0,0,1.0,0.06106536630308786,0.6933676762871337
family,Cigar,76,18,18,0,0,1.0,0.049786165178506106,0.6572957865999314
family,Cigar,77,18,18,0,0,1.0,0.049786165178506106,0.6572957865999314
family,Cigar,78,18,18,0,0,1.0,0.04756707448955362,0.6572957865999314
family,Cigar,79,18,18,0,0,1.0,0.04756707448955362,0.6572957865999314
family,Cigar,80,18,18,0,0,1.0,0.04756707448955362,0.6572957865999314
family,Cigar,81,18,18,0,0,1.0,0.041217140060029016,0.59779066332739
family,Cigar,82,18,18,0,0,1.0,0.041217140060029016,0.59779066332739
family,Cigar,83,18,18,0,0,1.0,0.03749954659187621,0.5421867200859153
family,Cigar,84,18,18,0,0,1.0,0.03749954659187621,0.5421867200859153
family,Cigar,85,18,18,0,0,1.0,0.03749954659187621,0.5358068751995344
family,Cigar,86,18,18,0,0,1.0,0.035579131869559785,0.5358068751995344
family,Cigar,87,18,18,0,0,1.0,0.035579131869559785,0.5358068751995344
family,Cigar,88,18,18,0,0,1.0,0.035579131869559785,0.5358068751995344
family,Cigar,89,18,18,0,0,1.0,0.035579131869559785,0.5358068751995344
family,Cigar,90,18,18,0,0,1.0,0.027927586152219828,0.5358068751995344
family,Cigar,91,18,18,0,0,1.0,0.027927586152219828,0.5358068751995344
family,Cigar,92,18,18,0,0,1.0,0.027927586152219828,0.5358068751995344
family,Cigar,93,18,18,0,0,1.0,0.02241879526565528,0.5358068751995344
family,Cigar,94,18,18,0,0,1.0,0.02241879526565528,0.5190952615788206
family,Cigar,95,18,18,0,0,1.0,0.02241879526565528,0.5190952615788206
family,Cigar,96,18,18,0,0,1.0,0.02241879526565528,0.4795988060812415
family,Cigar,97,18,18,0,0,1.0,0.019604076829730234,0.4795988060812415
family,Cigar,98,18,18,0,0,1.0,0.019604076829730234,0.4795988060812415
family,Cigar,99,18,18,0,0,1.0,0.016485263784064303,0.4795988060812415
family,Cigar,100,18,18,0,0,1.0,0.016485263784064303,0.4795988060812415
family,Cigar,101,18,18,0,0,1.0,0.015132419948215608,0.4795988060812415
family,Cigar,102,18,18,0,0,1.0,0.015132419948215608,0.4795988060812415
family,Cigar,103,18,18,0,0,1.0,0.013863341860591724,0.4795988060812415
family,Cigar,104,18,18,0,0,1.0,0.012401149612979145,0.4795988060812415
family,Cigar,105,18,18,0,0,1.0,0.01119949002737713,0.4795988060812415
family,Cigar,106,18,18,0,0,1.0,0.01119949002737713,0.4795988060812415
family,Cigar,107,18,18,0,0,1.0,0.01119949002737713,0.4795988060812415
family,Cigar,108,18,18,0,0,1.0,0.01119949002737713,0.4795988060812415
family,Cigar,109,18,18,0,0,1.0,0.01119949002737713,0.4795988060812415
family,Cigar,110,18,18,0,0,1.0,0.01119949002737713,0.4795988060812415
family,Cigar,111,18,18,0,0,1.0,0.01119949002737713,0.4795988060812415
family,Cigar,112,18,18,0,0,1.0,0.011146831669380762,0.4795988060812415
family,Cigar,113,18,18,0,0,1.0,0.011146831669380762,0.4795988060812415
family,Cigar,114,18,18,0,0,1.0,0.010546044510605436,0.4403527809478897
family,Cigar,115,18,18,0,0,1.0,0.009511984533306695,0.4403527809478897
family,Cigar,116,18,18,0,0,1.0,0.005643953700872494,0.4403527809478897
family,Cigar,117,18,18,0,0,1.0,0.005643953700872494,0.4403527809478897
family,Cigar,118,18,18,0,0,1.0,0.005643953700872494,0.4403527809478897
family,Cigar,119,18,18,0,0,1.0,0.005643953700872494,0.4403527809478897
family,Cigar,120,18,18,0,0,1.0,0.005643953700872494,0.4403527809478897
family,Corana,1,3,0,0,3,0.5,17.711006683296407,17.711006683296407
family,Corana,2,3,0,0,3,0.5,17.711006683296407,17.711006683296407
family,Corana,3,3,0,0,3,0.5,8.153395404288782,8.153395404288782
family,Corana,4,3,0,0,3,0.5,8.153395404288782,8.153395404288782
family,Corana,5,3,0,0,3,0.5,2.63741358698122,2.63741358698122
family,Corana,6,3,0,0,3,0.5,2.63741358698122,2.63741358698122
family,Corana,7,3,0,0,3,0.5,2.63741358698122,2.63741358698122
family,Corana,8,3,0,0,3,0.5,2.63741358698122,2.63741358698122
family,Corana,9,3,0,0,3,0.5,2.63741358698122,2.63741358698122
family,Corana,10,3,0,0,3,0.5,2.63741358698122,2.63741358698122
family,Corana,11,3,0,0,3,0.5,2.63741358698122,2.63741358698122
family,Corana,12,3,0,0,3,0.5,2.3559104939400797,2.3559104939400797
family,Corana,13,3,0,0,3,0.5,2.3559104939400797,2.3559104939400797
family,Corana,14,3,0,0,3,0.5,2.3559104939400797,2.3559104939400797
family,Corana,15,3,0,0,3,0.5,2.3559104939400797,2.3559104939400797
family,Corana,16,3,0,0,3,0.5,2.3559104939400797,2.3559104939400797
family,Corana,17,3,0,0,3,0.5,1.0,1.0
family,Corana,18,3,0,0,3,0.5,1.0,1.0
family,Corana,19,3,0,0,3,0.5,1.0,1.0
family,Corana,20,3,0,0,3,0.5,1.0,1.0
family,Corana,21,3,0,0,3,0.5,1.0,1.0
family,Corana,22,3,0,0,3,0.5,1.0,1.0
family,Corana,23,3,0,1,2,0.0,1.0,1.0
family,Corana,24,3,0,1,2,0.0,1.0,1.0
family,Corana,25,3,0,1,2,0.0,1.0,1.0
family,Corana,26,3,1,1,1,0.5,1.0,1.0
family,Corana,27,3,1,1,1,0.5,1.0,1.0
family,Corana,28,3,1,1,1,0.5,1.0,1.0
family,Corana,29,3,0,2,1,0.0,1.0,0.630463678622757
family,Corana,30,3,0,2,1,0.0,1.0,0.630463678622757
family,Corana,31,3,0,2,1,0.0,1.0,0.630463678622757
family,Corana,32,3,0,2,1,0.0,1.0,0.630463678622757
family,Corana,33,3,0,2,1,0.0,1.0,0.630463678622757
family,Corana,34,3,1,1,1,0.5,0.6620438919274473,0.630463678622757
family,Corana,35,3,1,1,1,0.5,0.6620438919274473,0.630463678622757
family,Corana,36,3,1,1,1,0.5,0.6620438919274473,0.630463678622757
family,Corana,37,3,2,1,0,0.6666666666666666,0.614421919573567,0.630463678622757
family,Corana,38,3,2,1,0,0.6666666666666666,0.614421919573567,0.630463678622757
family,Corana,39,3,2,1,0,0.6666666666666666,0.614421919573567,0.630463678622757
family,Corana,40,3,2,1,0,0.6666666666666666,0.614421919573567,0.630463678622757
family,Corana,41,3,2,1,0,0.6666666666666666,0.614421919573567,0.630463678622757
family,Corana,42,3,2,1,0,0.6666666666666666,0.614421919573567,0.630463678622757
family,Corana,43,3,2,1,0,0.6666666666666666,0.614421919573567,0.5275755431791214
family,Corana,44,3,2,1,0,0.6666666666666666,0.614421919573567,0.5275755431791214
family,Corana,45,3,2,1,0,0.6666666666666666,0.614421919573567,0.5275755431791214
family,Corana,46,3,2,1,0,0.6666666666666666,0.614421919573567,0.5275755431791214
family,Corana,47,3,2,1,0,0.6666666666666666,0.614421919573567,0.5275755431791214
family,Corana,48,3,2,1,0,0.6666666666666666,0.5374488577767069,0.5275755431791214
family,Corana,49,3,2,1,0,0.6666666666666666,0.20427097265215566,0.5275755431791214
family,Corana,50,3,2,1,0,0.6666666666666666,0.1303433929325321,0.32659195957101433
family,Corana,51,3,2,1,0,0.6666666666666666,0.1303433929325321,0.32659195957101433
family,Corana,52,3,2,1,0,0.6666666666666666,0.1303433929325321,0.32659195957101433
family,Corana,53,3,2,1,0,0.6666666666666666,0.1303433929325321,0.32659195957101433
family,Corana,54,3,2,1,0,0.6666666666666666,0.1303433929325321,0.32659195957101433
family,Corana,55,3,2,1,0,0.6666666666666666,0.1303433929325321,0.32659195957101433
family,Corana,56,3,2,1,0,0.6666666666666666,0.1303433929325321,0.32659195957101433
family,Corana,57,3,2,1,0,0.6666666666666666,0.1303433929325321,0.32659195957101433
family,Corana,58,3,2,1,0,0.6666666666666666,0.1303433929325321,0.32659195957101433
family,Corana,59,3,2,1,0,0.6666666666666666,0.1303433929325321,0.31879084994741264
family,Corana,60,3,2,1,0,0.6666666666666666,0.1303433929325321,0.31879084994741264
family,Corana,61,3,2,1,0,0.6666666666666666,0.1303433929325321,0.31879084994741264
family,Corana,62,3,2,1,0,0.6666666666666666,0.1303433929325321,0.31879084994741264
family,Corana,63,3,2,1,0,0.6666666666666666,0.1303433929325321,0.31879084994741264
family,Corana,64,3,2,1,0,0.6666666666666666,0.1303433929325321,0.31879084994741264
family,Corana,65,3,2,1,0,0.6666666666666666,0.1303433929325321,0.31879084994741264
family,Corana,66,3,2,1,0,0.6666666666666666,0.1303433929325321,0.31879084994741264
family,Corana,67,3,2,1,0,0.6666666666666666,0.1303433929325321,0.31879084994741264
family,Corana,68,3,2,1,0,0.6666666666666666,0.1303433929325321,0.31879084994741264
family,Corana,69,3,2,1,0,0.6666666666666666,0.1303433929325321,0.31879084994741264
family,Corana,70,3,2,1,0,0.6666666666666666,0.1303433929325321,0.31879084994741264
family,Corana,71,3,2,1,0,0.6666666666666666,0.1303433929325321,0.31879084994741264
family,Corana,72,3,2,1,0,0.6666666666666666,0.1303433929325321,0.31879084994741264
family,Corana,73,3,2,1,0,0.6666666666666666,0.1303433929325321,0.31879084994741264
family,Corana,74,3,2,1,0,0.6666666666666666,0.1303433929325321,0.31879084994741264
family,Corana,75,3,2,1,0,0.6666666666666666,0.1303433929325321,0.31879084994741264
family,Corana,76,3,2,1,0,0.6666666666666666,0.1303433929325321,0.31879084994741264
family,Corana,77,3,2,1,0,0.6666666666666666,0.1303433929325321,0.31879084994741264
family,Corana,78,3,2,1,0,0.6666666666666666,0.1303433929325321,0.31879084994741264
family,Corana,79,3,2,1,0,0.6666666666666666,0.1303433929325321,0.31879084994741264
family,Corana,80,3,2,1,0,0.6666666666666666,0.1303433929325321,0.31879084994741264
family,Corana,81,3,2,1,0,0.6666666666666666,0.1303433929325321,0.31879084994741264
family,Corana,82,3,2,1,0,0.6666666666666666,0.1303433929325321,0.31879084994741264
family,Corana,83,3,2,1,0,0.6666666666666666,0.1303433929325321,0.31879084994741264
family,Corana,84,3,2,1,0,0.6666666666666666,0.1303433929325321,0.31879084994741264
family,Corana,85,3,2,1,0,0.6666666666666666,0.1303433929325321,0.2964277735141497
family,Corana,86,3,2,1,0,0.6666666666666666,0.1303433929325321,0.2964277735141497
family,Corana,87,3,2,1,0,0.6666666666666666,0.12510180705796894,0.2964277735141497
family,Corana,88,3,2,1,0,0.6666666666666666,0.12510180705796894,0.2964277735141497
family,Corana,89,3,2,1,0,0.6666666666666666,0.12510180705796894,0.2964277735141497
family,Corana,90,3,2,1,0,0.6666666666666666,0.12510180705796894,0.2964277735141497
family,Corana,91,3,2,1,0,0.6666666666666666,0.0831370418806951,0.2964277735141497
family,Corana,92,3,2,1,0,0.6666666666666666,0.0831370418806951,0.2964277735141497
family,Corana,93,3,2,1,0,0.6666666666666666,0.0831370418806951,0.2964277735141497
family,Corana,94,3,2,1,0,0.6666666666666666,0.0831370418806951,0.2949014787769909
family,Corana,95,3,2,1,0,0.6666666666666666,0.0831370418806951,0.26773223329383294
family,Corana,96,3,2,1,0,0.6666666666666666,0.0831370418806951,0.26773223329383294
family,Corana,97,3,2,1,0,0.6666666666666666,0.0831370418806951,0.26773223329383294
family,Corana,98,3,2,1,0,0.6666666666666666,0.0831370418806951,0.26773223329383294
family,Corana,99,3,2,1,0,0.6666666666666666,0.0831370418806951,0.26773223329383294
family,Corana,100,3,2,1,0,0.6666666666666666,0.0831370418806951,0.26773223329383294
family,Corana,101,3,2,1,0,0.6666666666666666,0.0831370418806951,0.26773223329383294
family,Corana,102,3,2,1,0,0.6666666666666666,0.0831370418806951,0.26773223329383294
family,Corana,103,3,2,1,0,0.6666666666666666,0.0831370418806951,0.26773223329383294
family,Corana,104,3,2,1,0,0.6666666666666666,0.0831370418806951,0.26773223329383294
family,Corana,105,3,2,1,0,0.6666666666666666,0.0831370418806951,0.26773223329383294
family,Corana,106,3,2,1,0,0.6666666666666666,0.0831370418806951,0.26773223329383294
family,Corana,107,3,2,1,0,0.6666666666666666,0.0831370418806951,0.1404690952312126
family,Corana,108,3,2,1,0,0.6666666666666666,0.0831370418806951,0.1404690952312126
family,Corana,109,3,2,1,0,0.6666666666666666,0.0831370418806951,0.1404690952312126
family,Corana,110,3,2,1,0,0.6666666666666666,0.0831370418806951,0.1404690952312126
family,Corana,111,3,2,1,0,0.6666666666666666,0.0831370418806951,0.1404690952312126
family,Corana,112,3,2,1,0,0.6666666666666666,0.0831370418806951,0.1404690952312126
family,Corana,113,3,2,1,0,0.6666666666666666,0.0831370418806951,0.1404690952312126
family,Corana,114,3,2,1,0,0.6666666666666666,0.0831370418806951,0.1404690952312126
family,Corana,115,3,2,1,0,0.6666666666666666,0.0831370418806951,0.1404690952312126
family,Corana,116,3,2,1,0,0.6666666666666666,0.0831370418806951,0.1404690952312126
family,Corana,117,3,2,1,0,0.6666666666666666,0.0831370418806951,0.1404690952312126
family,Corana,118,3,2,1,0,0.6666666666666666,0.0831370418806951,0.1404690952312126
family,Corana,119,3,2,1,0,0.6666666666666666,0.0831370418806951,0.1404690952312126
family,Corana,120,3,2,1,0,0.6666666666666666,0.0831370418806951,0.1404690952312126
family,DixonPrice,1,12,0,0,12,0.5,6.265381957277337,6.265381957277337
family,DixonPrice,2,12,0,0,12,0.5,1.8076200857036278,1.8076200857036278
family,DixonPrice,3,12,0,0,12,0.5,1.8076200857036278,1.8076200857036278
family,DixonPrice,4,12,0,0,12,0.5,1.5469146154185722,1.5469146154185722
family,DixonPrice,5,12,0,0,12,0.5,1.165917310109573,1.165917310109573
family,DixonPrice,6,12,0,0,12,0.5,1.0,1.0
family,DixonPrice,7,12,0,0,12,0.5,1.0,1.0
family,DixonPrice,8,12,0,0,12,0.5,1.0,1.0
family,DixonPrice,9,12,0,0,12,0.5,1.0,1.0
family,DixonPrice,10,12,0,0,12,0.5,1.0,1.0
family,DixonPrice,11,12,0,0,12,0.5,1.0,1.0
family,DixonPrice,12,12,0,0,12,0.5,1.0,1.0
family,DixonPrice,13,12,0,0,12,0.5,1.0,1.0
family,DixonPrice,14,12,0,0,12,0.5,1.0,1.0
family,DixonPrice,15,12,0,0,12,0.5,1.0,1.0
family,DixonPrice,16,12,0,0,12,0.5,1.0,1.0
family,DixonPrice,17,12,0,0,12,0.5,1.0,1.0
family,DixonPrice,18,12,0,0,12,0.5,1.0,1.0
family,DixonPrice,19,12,0,0,12,0.5,1.0,1.0
family,DixonPrice,20,12,0,0,12,0.5,1.0,1.0
family,DixonPrice,21,12,4,2,6,0.6666666666666666,1.0,1.0
family,DixonPrice,22,12,4,2,6,0.6666666666666666,1.0,1.0
family,DixonPrice,23,12,6,1,5,0.8571428571428571,0.9556914364211442,1.0
family,DixonPrice,24,12,5,2,5,0.7142857142857143,0.9556914364211442,1.0
family,DixonPrice,25,12,7,3,2,0.7,0.7812857412887309,0.9819535368137262
family,DixonPrice,26,12,7,3,2,0.7,0.7812857412887309,0.9819535368137262
family,DixonPrice,27,12,7,3,2,0.7,0.7812857412887309,0.9819535368137262
family,DixonPrice,28,12,7,3,2,0.7,0.6941844385779616,0.9819535368137262
family,DixonPrice,29,12,8,3,1,0.7272727272727273,0.5402593357535743,0.763309951969549
family,DixonPrice,30,12,8,3,1,0.7272727272727273,0.5011202152369125,0.763309951969549
family,DixonPrice,31,12,8,3,1,0.7272727272727273,0.5011202152369125,0.763309951969549
family,DixonPrice,32,12,8,3,1,0.7272727272727273,0.5011202152369125,0.763309951969549
family,DixonPrice,33,12,8,3,1,0.7272727272727273,0.5011202152369125,0.763309951969549
family,DixonPrice,34,12,8,3,1,0.7272727272727273,0.5011202152369125,0.763309951969549
family,DixonPrice,35,12,8,3,1,0.7272727272727273,0.5011202152369125,0.763309951969549
family,DixonPrice,36,12,8,3,1,0.7272727272727273,0.5011202152369125,0.763309951969549
family,DixonPrice,37,12,8,3,1,0.7272727272727273,0.38790131983814186,0.6353281570915277
family,DixonPrice,38,12,9,2,1,0.8181818181818182,0.267476863524547,0.6334608405597614
family,DixonPrice,39,12,9,2,1,0.8181818181818182,0.267476863524547,0.6334608405597614
family,DixonPrice,40,12,9,2,1,0.8181818181818182,0.267476863524547,0.6334608405597614
family,DixonPrice,41,12,9,3,0,0.75,0.267476863524547,0.6334608405597614
family,DixonPrice,42,12,9,3,0,0.75,0.267476863524547,0.6334608405597614
family,DixonPrice,43,12,9,3,0,0.75,0.267476863524547,0.537926936943468
family,DixonPrice,44,12,9,3,0,0.75,0.267476863524547,0.537926936943468
family,DixonPrice,45,12,9,3,0,0.75,0.267476863524547,0.537926936943468
family,DixonPrice,46,12,9,3,0,0.75,0.267476863524547,0.537926936943468
family,DixonPrice,47,12,9,3,0,0.75,0.19766194817262522,0.537926936943468
family,DixonPrice,48,12,9,3,0,0.75,0.19766194817262522,0.537926936943468
family,DixonPrice,49,12,9,3,0,0.75,0.19766194817262522,0.537926936943468
family,DixonPrice,50,12,9,3,0,0.75,0.19766194817262522,0.537926936943468
family,DixonPrice,51,12,9,3,0,0.75,0.19766194817262522,0.537926936943468
family,DixonPrice,52,12,9,3,0,0.75,0.19766194817262522,0.537926936943468
family,DixonPrice,53,12,10,2,0,0.8333333333333334,0.19766194817262522,0.537926936943468
family,DixonPrice,54,12,10,2,0,0.8333333333333334,0.19766194817262522,0.537926936943468
family,DixonPrice,55,12,10,2,0,0.8333333333333334,0.19766194817262522,0.5118356131127239
family,DixonPrice,56,12,10,2,0,0.8333333333333334,0.12450775316501389,0.5118356131127239
family,DixonPrice,57,12,10,2,0,0.8333333333333334,0.12450775316501389,0.45735813789759183
family,DixonPrice,58,12,10,2,0,0.8333333333333334,0.12450775316501389,0.45735813789759183
family,DixonPrice,59,12,10,2,0,0.8333333333333334,0.12450775316501389,0.45735813789759183
family,DixonPrice,60,12,10,2,0,0.8333333333333334,0.12450775316501389,0.45735813789759183
family,DixonPrice,61,12,10,2,0,0.8333333333333334,0.10681115560837702,0.45735813789759183
family,DixonPrice,62,12,10,2,0,0.8333333333333334,0.10681115560837702,0.45735813789759183
family,DixonPrice,63,12,10,2,0,0.8333333333333334,0.10681115560837702,0.45735813789759183
family,DixonPrice,64,12,10,2,0,0.8333333333333334,0.10681115560837702,0.45735813789759183
family,DixonPrice,65,12,10,2,0,0.8333333333333334,0.10681115560837702,0.45735813789759183
family,DixonPrice,66,12,10,2,0,0.8333333333333334,0.0958829965390013,0.45735813789759183
family,DixonPrice,67,12,10,2,0,0.8333333333333334,0.0958829965390013,0.4567020483601605
family,DixonPrice,68,12,10,2,0,0.8333333333333334,0.0958829965390013,0.4567020483601605
family,DixonPrice,69,12,10,2,0,0.8333333333333334,0.0958829965390013,0.4567020483601605
family,DixonPrice,70,12,10,2,0,0.8333333333333334,0.0958829965390013,0.4567020483601605
family,DixonPrice,71,12,10,2,0,0.8333333333333334,0.0958829965390013,0.4567020483601605
family,DixonPrice,72,12,10,2,0,0.8333333333333334,0.07378514082255237,0.4567020483601605
family,DixonPrice,73,12,10,2,0,0.8333333333333334,0.07378514082255237,0.4567020483601605
family,DixonPrice,74,12,10,2,0,0.8333333333333334,0.07378514082255237,0.4567020483601605
family,DixonPrice,75,12,10,2,0,0.8333333333333334,0.07378514082255237,0.4567020483601605
family,DixonPrice,76,12,10,2,0,0.8333333333333334,0.07120481653926164,0.4567020483601605
family,DixonPrice,77,12,10,2,0,0.8333333333333334,0.05985160056728805,0.4567020483601605
family,DixonPrice,78,12,10,2,0,0.8333333333333334,0.05985160056728805,0.4567020483601605
family,DixonPrice,79,12,10,2,0,0.8333333333333334,0.04966831938358287,0.4486609465870254
family,DixonPrice,80,12,10,2,0,0.8333333333333334,0.04966831938358287,0.3455439383965977
family,DixonPrice,81,12,10,2,0,0.8333333333333334,0.04966831938358287,0.3406544792933838
family,DixonPrice,82,12,10,2,0,0.8333333333333334,0.04966831938358287,0.3014527050555158
family,DixonPrice,83,12,10,2,0,0.8333333333333334,0.04966831938358287,0.2819856413429165
family,DixonPrice,84,12,10,2,0,0.8333333333333334,0.024238833415960705,0.2819856413429165
family,DixonPrice,85,12,10,2,0,0.8333333333333334,0.024238833415960705,0.2819856413429165
family,DixonPrice,86,12,10,2,0,0.8333333333333334,0.024238833415960705,0.2819856413429165
family,DixonPrice,87,12,10,2,0,0.8333333333333334,0.024238833415960705,0.2819856413429165
family,DixonPrice,88,12,10,2,0,0.8333333333333334,0.024238833415960705,0.2819856413429165
family,DixonPrice,89,12,10,2,0,0.8333333333333334,0.024238833415960705,0.2819856413429165
family,DixonPrice,90,12,10,2,0,0.8333333333333334,0.024238833415960705,0.2819856413429165
family,DixonPrice,91,12,10,2,0,0.8333333333333334,0.024238833415960705,0.2819856413429165
family,DixonPrice,92,12,10,2,0,0.8333333333333334,0.024238833415960705,0.2819856413429165
family,DixonPrice,93,12,10,2,0,0.8333333333333334,0.024238833415960705,0.2819856413429165
family,DixonPrice,94,12,10,2,0,0.8333333333333334,0.020524724829080722,0.2819856413429165
family,DixonPrice,95,12,10,2,0,0.8333333333333334,0.020524724829080722,0.2819856413429165
family,DixonPrice,96,12,10,2,0,0.8333333333333334,0.020524724829080722,0.2819856413429165
family,DixonPrice,97,12,10,2,0,0.8333333333333334,0.020524724829080722,0.2819856413429165
family,DixonPrice,98,12,10,2,0,0.8333333333333334,0.020524724829080722,0.2819856413429165
family,DixonPrice,99,12,10,2,0,0.8333333333333334,0.020524724829080722,0.2819856413429165
family,DixonPrice,100,12,10,2,0,0.8333333333333334,0.020524724829080722,0.2819856413429165
family,DixonPrice,101,12,10,2,0,0.8333333333333334,0.020524724829080722,0.2819856413429165
family,DixonPrice,102,12,11,1,0,0.9166666666666666,0.020524724829080722,0.22381371974383107
family,DixonPrice,103,12,11,1,0,0.9166666666666666,0.020524724829080722,0.22381371974383107
family,DixonPrice,104,12,11,1,0,0.9166666666666666,0.020524724829080722,0.22381371974383107
family,DixonPrice,105,12,11,1,0,0.9166666666666666,0.020524724829080722,0.22381371974383107
family,DixonPrice,106,12,11,1,0,0.9166666666666666,0.020524724829080722,0.22381371974383107
family,DixonPrice,107,12,11,1,0,0.9166666666666666,0.020524724829080722,0.22381371974383107
family,DixonPrice,108,12,11,1,0,0.9166666666666666,0.020524724829080722,0.22381371974383107
family,DixonPrice,109,12,11,1,0,0.9166666666666666,0.020524724829080722,0.22381371974383107
family,DixonPrice,110,12,10,2,0,0.8333333333333334,0.020524724829080722,0.22381371974383107
family,DixonPrice,111,12,9,3,0,0.75,0.020524724829080722,0.22381371974383107
family,DixonPrice,112,12,9,3,0,0.75,0.020524724829080722,0.2122898338794103
family,DixonPrice,113,12,9,3,0,0.75,0.020524724829080722,0.19219689835476247
family,DixonPrice,114,12,9,3,0,0.75,0.020524724829080722,0.19219689835476247
family,DixonPrice,115,12,9,3,0,0.75,0.020524724829080722,0.19219689835476247
family,DixonPrice,116,12,9,3,0,0.75,0.020524724829080722,0.19219689835476247
family,DixonPrice,117,12,9,3,0,0.75,0.020524724829080722,0.19219689835476247
family,DixonPrice,118,12,9,3,0,0.75,0.020524724829080722,0.19219689835476247
family,DixonPrice,119,12,9,3,0,0.75,0.020524724829080722,0.19219689835476247
family,DixonPrice,120,12,9,3,0,0.75,0.020524724829080722,0.19219689835476247
family,Griewank,1,18,0,0,18,0.5,1.4394841377866796,1.4394841377866796
family,Griewank,2,18,0,0,18,0.5,1.325350586166245,1.325350586166245
family,Griewank,3,18,0,0,18,0.5,1.2350124194216272,1.2350124194216272
family,Griewank,4,18,0,0,18,0.5,1.2077026028328026,1.2077026028328026
family,Griewank,5,18,0,0,18,0.5,1.1812178359164722,1.1812178359164722
family,Griewank,6,18,0,0,18,0.5,1.1171311519590938,1.1171311519590938
family,Griewank,7,18,0,0,18,0.5,1.0712802118709974,1.0712802118709974
family,Griewank,8,18,0,0,18,0.5,1.064519359042437,1.064519359042437
family,Griewank,9,18,0,0,18,0.5,1.0320894397491713,1.0320894397491713
family,Griewank,10,18,0,0,18,0.5,1.0320894397491713,1.0320894397491713
family,Griewank,11,18,0,0,18,0.5,1.0032033425780638,1.0032033425780638
family,Griewank,12,18,0,0,18,0.5,1.0032033425780638,1.0032033425780638
family,Griewank,13,18,0,0,18,0.5,1.000185385374657,1.000185385374657
family,Griewank,14,18,0,0,18,0.5,1.0,1.0
family,Griewank,15,18,0,0,18,0.5,1.0,1.0
family,Griewank,16,18,0,0,18,0.5,1.0,1.0
family,Griewank,17,18,0,0,18,0.5,1.0,1.0
family,Griewank,18,18,0,0,18,0.5,1.0,1.0
family,Griewank,19,18,0,0,18,0.5,1.0,1.0
family,Griewank,20,18,0,0,18,0.5,1.0,1.0
family,Griewank,21,18,7,2,9,0.7777777777777778,1.0,1.0
family,Griewank,22,18,8,2,8,0.8,1.0,1.0
family,Griewank,23,18,10,1,7,0.9090909090909091,0.8845450753171963,1.0
family,Griewank,24,18,11,1,6,0.9166666666666666,0.7672154727350051,1.0
family,Griewank,25,18,11,2,5,0.8461538461538461,0.7039064820613816,1.0
family,Griewank,26,18,11,4,3,0.7333333333333333,0.6053183329881924,0.9824111194652042
family,Griewank,27,18,12,4,2,0.75,0.6053183329881924,0.9708717440567546
family,Griewank,28,18,12,4,2,0.75,0.6053183329881924,0.9708717440567546
family,Griewank,29,18,13,3,2,0.8125,0.6053183329881924,0.9708717440567546
family,Griewank,30,18,14,2,2,0.875,0.6053183329881924,0.9708717440567546
family,Griewank,31,18,14,2,2,0.875,0.6053183329881924,0.9708717440567546
family,Griewank,32,18,14,2,2,0.875,0.6053183329881924,0.9708717440567546
family,Griewank,33,18,14,2,2,0.875,0.6053183329881924,0.9549216703794049
family,Griewank,34,18,14,2,2,0.875,0.6053183329881924,0.9549216703794049
family,Griewank,35,18,14,2,2,0.875,0.6053183329881924,0.9194919657871752
family,Griewank,36,18,14,2,2,0.875,0.6053183329881924,0.9194919657871752
family,Griewank,37,18,14,2,2,0.875,0.6053183329881924,0.9194919657871752
family,Griewank,38,18,14,2,2,0.875,0.6053183329881924,0.8827637702466737
family,Griewank,39,18,14,2,2,0.875,0.6053183329881924,0.8827637702466737
family,Griewank,40,18,14,2,2,0.875,0.6053183329881924,0.8827637702466737
family,Griewank,41,18,14,2,2,0.875,0.6053183329881924,0.8827637702466737
family,Griewank,42,18,14,2,2,0.875,0.5903181897641601,0.8675274652829874
family,Griewank,43,18,14,2,2,0.875,0.5834625251049524,0.8675274652829874
family,Griewank,44,18,15,1,2,0.9375,0.5834625251049524,0.8675274652829874
family,Griewank,45,18,14,2,2,0.875,0.5834625251049524,0.8598734305598482
family,Griewank,46,18,14,2,2,0.875,0.5535909035265023,0.8349434955614184
family,Griewank,47,18,15,1,2,0.9375,0.5535909035265023,0.8349434955614184
family,Griewank,48,18,15,1,2,0.9375,0.5535909035265023,0.8349434955614184
family,Griewank,49,18,15,1,2,0.9375,0.5535909035265023,0.8349434955614184
family,Griewank,50,18,15,1,2,0.9375,0.5535909035265023,0.7964046582727988
family,Griewank,51,18,15,2,1,0.8823529411764706,0.504754419048724,0.7964046582727988
family,Griewank,52,18,15,2,1,0.8823529411764706,0.504754419048724,0.7964046582727988
family,Griewank,53,18,16,2,0,0.8888888888888888,0.47811885682298616,0.7964046582727988
family,Griewank,54,18,16,2,0,0.8888888888888888,0.47177207948723077,0.7964046582727988
family,Griewank,55,18,17,1,0,0.9444444444444444,0.41004082275111914,0.7964046582727988
family,Griewank,56,18,17,1,0,0.9444444444444444,0.41004082275111914,0.7964046582727988
family,Griewank,57,18,17,1,0,0.9444444444444444,0.41004082275111914,0.7752596272663261
family,Griewank,58,18,17,1,0,0.9444444444444444,0.41004082275111914,0.7752596272663261
family,Griewank,59,18,17,1,0,0.9444444444444444,0.41004082275111914,0.7752596272663261
family,Griewank,60,18,17,1,0,0.9444444444444444,0.39337249974388006,0.7752596272663261
family,Griewank,61,18,17,1,0,0.9444444444444444,0.3688509514420642,0.7587588543205888
family,Griewank,62,18,17,1,0,0.9444444444444444,0.35906826329948077,0.7587588543205888
family,Griewank,63,18,17,1,0,0.9444444444444444,0.35906826329948077,0.7587588543205888
family,Griewank,64,18,17,1,0,0.9444444444444444,0.35906826329948077,0.7587588543205888
family,Griewank,65,18,17,1,0,0.9444444444444444,0.35906826329948077,0.7587588543205888
family,Griewank,66,18,17,1,0,0.9444444444444444,0.3202963509053185,0.7587588543205888
family,Griewank,67,18,17,1,0,0.9444444444444444,0.3202963509053185,0.7055421094803425
family,Griewank,68,18,17,1,0,0.9444444444444444,0.3202963509053185,0.6957807810397989
family,Griewank,69,18,17,1,0,0.9444444444444444,0.3202963509053185,0.6957807810397989
family,Griewank,70,18,17,1,0,0.9444444444444444,0.3202963509053185,0.6957807810397989
family,Griewank,71,18,17,1,0,0.9444444444444444,0.3202963509053185,0.661337670312318
family,Griewank,72,18,17,1,0,0.9444444444444444,0.3202963509053185,0.6181828140334917
family,Griewank,73,18,16,2,0,0.8888888888888888,0.3202963509053185,0.6181828140334917
family,Griewank,74,18,16,2,0,0.8888888888888888,0.3202963509053185,0.6181828140334917
family,Griewank,75,18,16,2,0,0.8888888888888888,0.3202963509053185,0.6181828140334917
family,Griewank,76,18,16,2,0,0.8888888888888888,0.3202963509053185,0.6181828140334917
family,Griewank,77,18,16,2,0,0.8888888888888888,0.3202963509053185,0.6181828140334917
family,Griewank,78,18,16,2,0,0.8888888888888888,0.3202963509053185,0.6181828140334917
family,Griewank,79,18,16,2,0,0.8888888888888888,0.24366718534471854,0.6181828140334917
family,Griewank,80,18,16,2,0,0.8888888888888888,0.24366718534471854,0.6181828140334917
family,Griewank,81,18,16,2,0,0.8888888888888888,0.2406198597459488,0.6181828140334917
family,Griewank,82,18,16,2,0,0.8888888888888888,0.2406198597459488,0.6181828140334917
family,Griewank,83,18,15,3,0,0.8333333333333334,0.24039404850555807,0.6181828140334917
family,Griewank,84,18,15,3,0,0.8333333333333334,0.24039404850555807,0.6181828140334917
family,Griewank,85,18,15,3,0,0.8333333333333334,0.24039404850555807,0.6181828140334917
family,Griewank,86,18,15,3,0,0.8333333333333334,0.2160155396456696,0.6181828140334917
family,Griewank,87,18,15,3,0,0.8333333333333334,0.18613744576382507,0.6181828140334917
family,Griewank,88,18,15,3,0,0.8333333333333334,0.18613744576382507,0.5948896919550142
family,Griewank,89,18,15,3,0,0.8333333333333334,0.18613744576382507,0.5948896919550142
family,Griewank,90,18,15,3,0,0.8333333333333334,0.1539127037504301,0.5948896919550142
family,Griewank,91,18,15,3,0,0.8333333333333334,0.1539127037504301,0.5948896919550142
family,Griewank,92,18,15,3,0,0.8333333333333334,0.1539127037504301,0.5908917462315357
family,Griewank,93,18,15,3,0,0.8333333333333334,0.1539127037504301,0.5876493126961457
family,Griewank,94,18,15,3,0,0.8333333333333334,0.1539127037504301,0.5824283315416147
family,Griewank,95,18,15,3,0,0.8333333333333334,0.1539127037504301,0.5824283315416147
family,Griewank,96,18,15,3,0,0.8333333333333334,0.1539127037504301,0.5824283315416147
family,Griewank,97,18,15,3,0,0.8333333333333334,0.14996741138757402,0.5636938956841224
family,Griewank,98,18,15,3,0,0.8333333333333334,0.14996741138757402,0.5636938956841224
family,Griewank,99,18,15,3,0,0.8333333333333334,0.1471011026678392,0.5636938956841224
family,Griewank,100,18,15,3,0,0.8333333333333334,0.1471011026678392,0.5201433657495129
family,Griewank,101,18,15,3,0,0.8333333333333334,0.1471011026678392,0.5201433657495129
family,Griewank,102,18,15,3,0,0.8333333333333334,0.1471011026678392,0.5201433657495129
family,Griewank,103,18,15,3,0,0.8333333333333334,0.1471011026678392,0.5201433657495129
family,Griewank,104,18,15,3,0,0.8333333333333334,0.1430408036309255,0.5201433657495129
family,Griewank,105,18,15,3,0,0.8333333333333334,0.1430408036309255,0.5201433657495129
family,Griewank,106,18,15,3,0,0.8333333333333334,0.14148493049294328,0.5201433657495129
family,Griewank,107,18,15,3,0,0.8333333333333334,0.14148493049294328,0.5201433657495129
family,Griewank,108,18,15,3,0,0.8333333333333334,0.1371881676118875,0.5199579116062631
family,Griewank,109,18,15,3,0,0.8333333333333334,0.1371881676118875,0.5199579116062631
family,Griewank,110,18,15,3,0,0.8333333333333334,0.1358493432546109,0.5199579116062631
family,Griewank,111,18,15,3,0,0.8333333333333334,0.11928907003163133,0.507192095713771
family,Griewank,112,18,15,3,0,0.8333333333333334,0.11928907003163133,0.507192095713771
family,Griewank,113,18,15,3,0,0.8333333333333334,0.11928907003163133,0.507192095713771
family,Griewank,114,18,15,3,0,0.8333333333333334,0.11928907003163133,0.507192095713771
family,Griewank,115,18,15,3,0,0.8333333333333334,0.11928907003163133,0.507192095713771
family,Griewank,116,18,15,3,0,0.8333333333333334,0.11822575343337274,0.507192095713771
family,Griewank,117,18,15,3,0,0.8333333333333334,0.11822575343337274,0.507192095713771
family,Griewank,118,18,15,3,0,0.8333333333333334,0.11822575343337274,0.507192095713771
family,Griewank,119,18,15,3,0,0.8333333333333334,0.11710781147778504,0.507192095713771
family,Griewank,120,18,15,3,0,0.8333333333333334,0.11710781147778504,0.507192095713771
family,Levy03,1,12,0,0,12,0.5,1.764756623298068,1.764756623298068
family,Levy03,2,12,0,0,12,0.5,1.764756623298068,1.764756623298068
family,Levy03,3,12,0,0,12,0.5,1.677761736309574,1.677761736309574
family,Levy03,4,12,0,0,12,0.5,1.5768710403977022,1.5768710403977022
family,Levy03,5,12,0,0,12,0.5,1.1817256992612117,1.1817256992612117
family,Levy03,6,12,0,0,12,0.5,1.0847041658882133,1.0847041658882133
family,Levy03,7,12,0,0,12,0.5,1.0259108381099071,1.0259108381099071
family,Levy03,8,12,0,0,12,0.5,1.0,1.0
family,Levy03,9,12,0,0,12,0.5,1.0,1.0
family,Levy03,10,12,0,0,12,0.5,1.0,1.0
family,Levy03,11,12,0,0,12,0.5,1.0,1.0
family,Levy03,12,12,0,0,12,0.5,1.0,1.0
family,Levy03,13,12,0,0,12,0.5,1.0,1.0
family,Levy03,14,12,0,0,12,0.5,1.0,1.0
family,Levy03,15,12,0,0,12,0.5,1.0,1.0
family,Levy03,16,12,0,0,12,0.5,1.0,1.0
family,Levy03,17,12,0,0,12,0.5,1.0,1.0
family,Levy03,18,12,0,0,12,0.5,1.0,1.0
family,Levy03,19,12,0,0,12,0.5,1.0,1.0
family,Levy03,20,12,0,0,12,0.5,1.0,1.0
family,Levy03,21,12,2,2,8,0.5,1.0,1.0
family,Levy03,22,12,3,3,6,0.5,1.0,1.0
family,Levy03,23,12,3,4,5,0.42857142857142855,1.0,1.0
family,Levy03,24,12,3,4,5,0.42857142857142855,1.0,1.0
family,Levy03,25,12,5,2,5,0.7142857142857143,0.8803376228330859,1.0
family,Levy03,26,12,5,3,4,0.625,0.8535801456595515,0.9861390300811723
family,Levy03,27,12,5,4,3,0.5555555555555556,0.8535801456595515,0.9431193237729149
family,Levy03,28,12,5,4,3,0.5555555555555556,0.8535801456595515,0.9431193237729149
family,Levy03,29,12,5,5,2,0.5,0.8535801456595515,0.8527497098184504
family,Levy03,30,12,5,5,2,0.5,0.8535801456595515,0.8527497098184504
family,Levy03,31,12,6,4,2,0.6,0.7966256123190719,0.8527497098184504
family,Levy03,32,12,6,4,2,0.6,0.7966256123190719,0.8425272200477307
family,Levy03,33,12,7,3,2,0.7,0.7270182185115328,0.8425272200477307
family,Levy03,34,12,7,4,1,0.6363636363636364,0.7270182185115328,0.8425272200477307
family,Levy03,35,12,7,4,1,0.6363636363636364,0.7270182185115328,0.8353273463554585
family,Levy03,36,12,7,4,1,0.6363636363636364,0.7270182185115328,0.8353273463554585
family,Levy03,37,12,7,4,1,0.6363636363636364,0.7270182185115328,0.8353273463554585
family,Levy03,38,12,8,3,1,0.7272727272727273,0.6799375764495698,0.8353273463554585
family,Levy03,39,12,9,2,1,0.8181818181818182,0.6558286940558367,0.8353273463554585
family,Levy03,40,12,9,2,1,0.8181818181818182,0.6558286940558367,0.8353273463554585
family,Levy03,41,12,9,2,1,0.8181818181818182,0.6530069642748904,0.8353273463554585
family,Levy03,42,12,10,2,0,0.8333333333333334,0.6530069642748904,0.7766397761315431
family,Levy03,43,12,10,2,0,0.8333333333333334,0.6530069642748904,0.7766397761315431
family,Levy03,44,12,10,2,0,0.8333333333333334,0.6530069642748904,0.7766397761315431
family,Levy03,45,12,10,2,0,0.8333333333333334,0.6275254703985902,0.6950776348327747
family,Levy03,46,12,10,2,0,0.8333333333333334,0.6275254703985902,0.6950776348327747
family,Levy03,47,12,10,2,0,0.8333333333333334,0.6275254703985902,0.6950776348327747
family,Levy03,48,12,10,2,0,0.8333333333333334,0.6275254703985902,0.6950776348327747
family,Levy03,49,12,10,2,0,0.8333333333333334,0.6275254703985902,0.6950776348327747
family,Levy03,50,12,9,3,0,0.75,0.6275254703985902,0.6950776348327747
family,Levy03,51,12,8,4,0,0.6666666666666666,0.5955844778909083,0.6410596288577849
family,Levy03,52,12,8,4,0,0.6666666666666666,0.5955844778909083,0.6410596288577849
family,Levy03,53,12,8,4,0,0.6666666666666666,0.5955844778909083,0.6410596288577849
family,Levy03,54,12,8,4,0,0.6666666666666666,0.5955844778909083,0.6410596288577849
family,Levy03,55,12,8,4,0,0.6666666666666666,0.5955844778909083,0.6410596288577849
family,Levy03,56,12,9,3,0,0.75,0.5371963953782622,0.6410596288577849
family,Levy03,57,12,9,3,0,0.75,0.5371963953782622,0.6410596288577849
family,Levy03,58,12,9,3,0,0.75,0.5371963953782622,0.6410596288577849
family,Levy03,59,12,9,3,0,0.75,0.5371963953782622,0.6410596288577849
family,Levy03,60,12,9,3,0,0.75,0.5027986076537394,0.5704384817748125
family,Levy03,61,12,10,2,0,0.8333333333333334,0.5027986076537394,0.5704384817748125
family,Levy03,62,12,10,2,0,0.8333333333333334,0.5027986076537394,0.5704384817748125
family,Levy03,63,12,10,2,0,0.8333333333333334,0.4991078951347552,0.5704384817748125
family,Levy03,64,12,10,2,0,0.8333333333333334,0.4991078951347552,0.5704384817748125
family,Levy03,65,12,9,3,0,0.75,0.4991078951347552,0.5704384817748125
family,Levy03,66,12,9,3,0,0.75,0.42958663315034223,0.5704384817748125
family,Levy03,67,12,9,3,0,0.75,0.42958663315034223,0.5704384817748125
family,Levy03,68,12,9,3,0,0.75,0.3333962216308334,0.5704384817748125
family,Levy03,69,12,9,3,0,0.75,0.30893917909324775,0.43900156793587997
family,Levy03,70,12,9,3,0,0.75,0.30893917909324775,0.43900156793587997
family,Levy03,71,12,9,3,0,0.75,0.30893917909324775,0.43132993764835603
family,Levy03,72,12,8,4,0,0.6666666666666666,0.30893917909324775,0.3794908159583452
family,Levy03,73,12,8,4,0,0.6666666666666666,0.2755146033756742,0.3794908159583452
family,Levy03,74,12,8,4,0,0.6666666666666666,0.2755146033756742,0.3794908159583452
family,Levy03,75,12,8,4,0,0.6666666666666666,0.2755146033756742,0.3794908159583452
family,Levy03,76,12,8,4,0,0.6666666666666666,0.2755146033756742,0.3794908159583452
family,Levy03,77,12,8,4,0,0.6666666666666666,0.2755146033756742,0.3794908159583452
family,Levy03,78,12,8,4,0,0.6666666666666666,0.2755146033756742,0.3794908159583452
family,Levy03,79,12,8,4,0,0.6666666666666666,0.2755146033756742,0.3794908159583452
family,Levy03,80,12,7,5,0,0.5833333333333334,0.2755146033756742,0.3794908159583452
family,Levy03,81,12,7,5,0,0.5833333333333334,0.2741734730249875,0.3114766905533964
family,Levy03,82,12,7,5,0,0.5833333333333334,0.26060105467942957,0.3114766905533964
family,Levy03,83,12,7,5,0,0.5833333333333334,0.26060105467942957,0.3114766905533964
family,Levy03,84,12,7,5,0,0.5833333333333334,0.26060105467942957,0.3114766905533964
family,Levy03,85,12,7,5,0,0.5833333333333334,0.26060105467942957,0.3114766905533964
family,Levy03,86,12,8,4,0,0.6666666666666666,0.2157678688982296,0.3114766905533964
family,Levy03,87,12,7,5,0,0.5833333333333334,0.2157678688982296,0.3114766905533964
family,Levy03,88,12,7,5,0,0.5833333333333334,0.2157678688982296,0.3085633831800656
family,Levy03,89,12,7,5,0,0.5833333333333334,0.2157678688982296,0.3085633831800656
family,Levy03,90,12,7,5,0,0.5833333333333334,0.2157678688982296,0.3085633831800656
family,Levy03,91,12,7,5,0,0.5833333333333334,0.1876232999292861,0.3085633831800656
family,Levy03,92,12,8,4,0,0.6666666666666666,0.15162122880316176,0.3085633831800656
family,Levy03,93,12,8,4,0,0.6666666666666666,0.15162122880316176,0.3085633831800656
family,Levy03,94,12,8,4,0,0.6666666666666666,0.15162122880316176,0.3085633831800656
family,Levy03,95,12,8,4,0,0.6666666666666666,0.15162122880316176,0.3085633831800656
family,Levy03,96,12,8,4,0,0.6666666666666666,0.15162122880316176,0.3085633831800656
family,Levy03,97,12,8,4,0,0.6666666666666666,0.15162122880316176,0.3085633831800656
family,Levy03,98,12,8,4,0,0.6666666666666666,0.15162122880316176,0.3085633831800656
family,Levy03,99,12,8,4,0,0.6666666666666666,0.15162122880316176,0.3085633831800656
family,Levy03,100,12,8,4,0,0.6666666666666666,0.15162122880316176,0.3085633831800656
family,Levy03,101,12,7,5,0,0.5833333333333334,0.15162122880316176,0.3085633831800656
family,Levy03,102,12,7,5,0,0.5833333333333334,0.15162122880316176,0.19082308086977945
family,Levy03,103,12,8,4,0,0.6666666666666666,0.13669965306809367,0.19082308086977945
family,Levy03,104,12,8,4,0,0.6666666666666666,0.13669965306809367,0.19082308086977945
family,Levy03,105,12,8,4,0,0.6666666666666666,0.13669965306809367,0.19082308086977945
family,Levy03,106,12,8,4,0,0.6666666666666666,0.13669965306809367,0.19082308086977945
family,Levy03,107,12,7,5,0,0.5833333333333334,0.13669965306809367,0.18909197085663065
family,Levy03,108,12,7,5,0,0.5833333333333334,0.13669965306809367,0.18909197085663065
family,Levy03,109,12,7,5,0,0.5833333333333334,0.13669965306809367,0.18909197085663065
family,Levy03,110,12,7,5,0,0.5833333333333334,0.13669965306809367,0.18909197085663065
family,Levy03,111,12,7,5,0,0.5833333333333334,0.13669965306809367,0.18909197085663065
family,Levy03,112,12,7,5,0,0.5833333333333334,0.13669965306809367,0.18909197085663065
family,Levy03,113,12,7,5,0,0.5833333333333334,0.13669965306809367,0.18909197085663065
family,Levy03,114,12,7,5,0,0.5833333333333334,0.119468087575368,0.18909197085663065
family,Levy03,115,12,7,5,0,0.5833333333333334,0.119468087575368,0.18909197085663065
family,Levy03,116,12,7,5,0,0.5833333333333334,0.119468087575368,0.18909197085663065
family,Levy03,117,12,7,5,0,0.5833333333333334,0.119468087575368,0.18909197085663065
family,Levy03,118,12,7,5,0,0.5833333333333334,0.119468087575368,0.17778033915699779
family,Levy03,119,12,7,5,0,0.5833333333333334,0.119468087575368,0.17778033915699779
family,Levy03,120,12,7,5,0,0.5833333333333334,0.119468087575368,0.17778033915699779
family,NeedleEye,1,9,0,0,9,0.5,1.0155924810963641,1.0155924810963641
family,NeedleEye,2,9,0,0,9,0.5,1.0105916339922527,1.0105916339922527
family,NeedleEye,3,9,0,0,9,0.5,1.0079442405522892,1.0079442405522892
family,NeedleEye,4,9,0,0,9,0.5,1.0059195087323425,1.0059195087323425
family,NeedleEye,5,9,0,0,9,0.5,1.004023011583277,1.004023011583277
family,NeedleEye,6,9,0,0,9,0.5,1.004023011583277,1.004023011583277
family,NeedleEye,7,9,0,0,9,0.5,1.0031616752090688,1.0031616752090688
family,NeedleEye,8,9,0,0,9,0.5,1.0031616752090688,1.0031616752090688
family,NeedleEye,9,9,0,0,9,0.5,1.0,1.0
family,NeedleEye,10,9,0,0,9,0.5,1.0,1.0
family,NeedleEye,11,9,0,0,9,0.5,1.0,1.0
family,NeedleEye,12,9,0,0,9,0.5,1.0,1.0
family,NeedleEye,13,9,0,0,9,0.5,1.0,1.0
family,NeedleEye,14,9,0,0,9,0.5,1.0,1.0
family,NeedleEye,15,9,0,0,9,0.5,1.0,1.0
family,NeedleEye,16,9,0,0,9,0.5,1.0,1.0
family,NeedleEye,17,9,0,0,9,0.5,1.0,1.0
family,NeedleEye,18,9,0,0,9,0.5,1.0,1.0
family,NeedleEye,19,9,0,0,9,0.5,1.0,1.0
family,NeedleEye,20,9,0,0,9,0.5,1.0,1.0
family,NeedleEye,21,9,3,3,3,0.5,0.9997831215525552,1.0
family,NeedleEye,22,9,4,3,2,0.5714285714285714,0.9979563391983007,1.0
family,NeedleEye,23,9,7,1,1,0.875,0.9942449404165393,1.0
family,NeedleEye,24,9,8,0,1,1.0,0.9932409009162289,0.9982740976992862
family,NeedleEye,25,9,7,1,1,0.875,0.9903987079395048,0.9980051688355751
family,NeedleEye,26,9,7,1,1,0.875,0.9903987079395048,0.997972864121308
family,NeedleEye,27,9,8,1,0,0.8888888888888888,0.9837229592537506,0.997972864121308
family,NeedleEye,28,9,8,1,0,0.8888888888888888,0.9837229592537506,0.997972864121308
family,NeedleEye,29,9,8,1,0,0.8888888888888888,0.9837229592537506,0.9967119743459345
family,NeedleEye,30,9,8,1,0,0.8888888888888888,0.9837229592537506,0.9967119743459345
family,NeedleEye,31,9,8,1,0,0.8888888888888888,0.9837229592537506,0.9967119743459345
family,NeedleEye,32,9,8,1,0,0.8888888888888888,0.9837229592537506,0.9967119743459345
family,NeedleEye,33,9,8,1,0,0.8888888888888888,0.9837229592537506,0.9967119743459345
family,NeedleEye,34,9,8,1,0,0.8888888888888888,0.9837229592537506,0.9967119743459345
family,NeedleEye,35,9,8,1,0,0.8888888888888888,0.9837229592537506,0.9967119743459345
family,NeedleEye,36,9,8,1,0,0.8888888888888888,0.9837229592537506,0.9967119743459345
family,NeedleEye,37,9,8,1,0,0.8888888888888888,0.9837229592537506,0.9967119743459345
family,NeedleEye,38,9,8,1,0,0.8888888888888888,0.982049658011057,0.996568912494103
family,NeedleEye,39,9,8,1,0,0.8888888888888888,0.982049658011057,0.996568912494103
family,NeedleEye,40,9,8,1,0,0.8888888888888888,0.982049658011057,0.996568912494103
family,NeedleEye,41,9,8,1,0,0.8888888888888888,0.9791721909179285,0.996568912494103
family,NeedleEye,42,9,8,1,0,0.8888888888888888,0.9791721909179285,0.996568912494103
family,NeedleEye,43,9,9,0,0,1.0,0.9786013137066464,0.996568912494103
family,NeedleEye,44,9,9,0,0,1.0,0.9786013137066464,0.996568912494103
family,NeedleEye,45,9,9,0,0,1.0,0.9786013137066464,0.996568912494103
family,NeedleEye,46,9,9,0,0,1.0,0.9786013137066464,0.996568912494103
family,NeedleEye,47,9,9,0,0,1.0,0.9786013137066464,0.9954944493139964
family,NeedleEye,48,9,9,0,0,1.0,0.9786013137066464,0.9954944493139964
family,NeedleEye,49,9,9,0,0,1.0,0.9786013137066464,0.9954944493139964
family,NeedleEye,50,9,9,0,0,1.0,0.9786013137066464,0.9954944493139964
family,NeedleEye,51,9,9,0,0,1.0,0.9786013137066464,0.9954944493139964
family,NeedleEye,52,9,9,0,0,1.0,0.9786013137066464,0.9954944493139964
family,NeedleEye,53,9,9,0,0,1.0,0.9782642421266415,0.9954944493139964
family,NeedleEye,54,9,9,0,0,1.0,0.9782642421266415,0.9954346618556439
family,NeedleEye,55,9,9,0,0,1.0,0.9782642421266415,0.9954346618556439
family,NeedleEye,56,9,9,0,0,1.0,0.9782642421266415,0.9954346618556439
family,NeedleEye,57,9,9,0,0,1.0,0.9782642421266415,0.9954346618556439
family,NeedleEye,58,9,9,0,0,1.0,0.9782642421266415,0.9954346618556439
family,NeedleEye,59,9,9,0,0,1.0,0.9782642421266415,0.9954346618556439
family,NeedleEye,60,9,9,0,0,1.0,0.9782642421266415,0.9954346618556439
family,NeedleEye,61,9,9,0,0,1.0,0.9782642421266415,0.9915563517612704
family,NeedleEye,62,9,9,0,0,1.0,0.9782642421266415,0.9915563517612704
family,NeedleEye,63,9,9,0,0,1.0,0.9782642421266415,0.9915563517612704
family,NeedleEye,64,9,9,0,0,1.0,0.9782642421266415,0.9915563517612704
family,NeedleEye,65,9,9,0,0,1.0,0.9782642421266415,0.9915563517612704
family,NeedleEye,66,9,9,0,0,1.0,0.9782642421266415,0.9915563517612704
family,NeedleEye,67,9,9,0,0,1.0,0.9782642421266415,0.9903885729075766
family,NeedleEye,68,9,9,0,0,1.0,0.9782642421266415,0.9891748354564198
family,NeedleEye,69,9,9,0,0,1.0,0.9782642421266415,0.9891748354564198
family,NeedleEye,70,9,9,0,0,1.0,0.9782642421266415,0.9891748354564198
family,NeedleEye,71,9,9,0,0,1.0,0.9782642421266415,0.9891748354564198
family,NeedleEye,72,9,9,0,0,1.0,0.9782642421266415,0.9891748354564198
family,NeedleEye,73,9,9,0,0,1.0,0.9782642421266415,0.9891748354564198
family,NeedleEye,74,9,9,0,0,1.0,0.9782642421266415,0.9891748354564198
family,NeedleEye,75,9,9,0,0,1.0,0.9780471013618862,0.9891748354564198
family,NeedleEye,76,9,9,0,0,1.0,0.9780471013618862,0.9891748354564198
family,NeedleEye,77,9,9,0,0,1.0,0.9780471013618862,0.9891748354564198
family,NeedleEye,78,9,9,0,0,1.0,0.9780471013618862,0.9891748354564198
family,NeedleEye,79,9,9,0,0,1.0,0.9780471013618862,0.9891748354564198
family,NeedleEye,80,9,9,0,0,1.0,0.9780471013618862,0.9891748354564198
family,NeedleEye,81,9,9,0,0,1.0,0.9780471013618862,0.988373051546268
family,NeedleEye,82,9,9,0,0,1.0,0.9780471013618862,0.988373051546268
family,NeedleEye,83,9,9,0,0,1.0,0.9775353007935286,0.988373051546268
family,NeedleEye,84,9,9,0,0,1.0,0.9775353007935286,0.988373051546268
family,NeedleEye,85,9,9,0,0,1.0,0.9775353007935286,0.988373051546268
family,NeedleEye,86,9,9,0,0,1.0,0.9775353007935286,0.9873134540923754
family,NeedleEye,87,9,9,0,0,1.0,0.9775353007935286,0.9873134540923754
family,NeedleEye,88,9,9,0,0,1.0,0.9775353007935286,0.9873134540923754
family,NeedleEye,89,9,9,0,0,1.0,0.9770898623680445,0.9873134540923754
family,NeedleEye,90,9,9,0,0,1.0,0.9770898623680445,0.9873134540923754
family,NeedleEye,91,9,9,0,0,1.0,0.9759710823564905,0.9873134540923754
family,NeedleEye,92,9,9,0,0,1.0,0.9759710823564905,0.9873134540923754
family,NeedleEye,93,9,9,0,0,1.0,0.9759710823564905,0.9873134540923754
family,NeedleEye,94,9,9,0,0,1.0,0.9759710823564905,0.9873134540923754
family,NeedleEye,95,9,9,0,0,1.0,0.9759710823564905,0.9873134540923754
family,NeedleEye,96,9,9,0,0,1.0,0.9759710823564905,0.9873134540923754
family,NeedleEye,97,9,9,0,0,1.0,0.9759710823564905,0.9873134540923754
family,NeedleEye,98,9,9,0,0,1.0,0.9759710823564905,0.9873134540923754
family,NeedleEye,99,9,9,0,0,1.0,0.9759710823564905,0.9873134540923754
family,NeedleEye,100,9,9,0,0,1.0,0.9759710823564905,0.9873134540923754
family,NeedleEye,101,9,9,0,0,1.0,0.9759710823564905,0.9873134540923754
family,NeedleEye,102,9,9,0,0,1.0,0.9759710823564905,0.9873134540923754
family,NeedleEye,103,9,9,0,0,1.0,0.9759710823564905,0.9873134540923754
family,NeedleEye,104,9,9,0,0,1.0,0.9759710823564905,0.9870901976195303
family,NeedleEye,105,9,9,0,0,1.0,0.9759710823564905,0.9849513051080817
family,NeedleEye,106,9,9,0,0,1.0,0.9759710823564905,0.9849513051080817
family,NeedleEye,107,9,9,0,0,1.0,0.9759710823564905,0.9849513051080817
family,NeedleEye,108,9,9,0,0,1.0,0.9759710823564905,0.9849513051080817
family,NeedleEye,109,9,9,0,0,1.0,0.9759710823564905,0.9849513051080817
family,NeedleEye,110,9,9,0,0,1.0,0.9759710823564905,0.9849513051080817
family,NeedleEye,111,9,9,0,0,1.0,0.9759710823564905,0.9838342340200108
family,NeedleEye,112,9,9,0,0,1.0,0.9759710823564905,0.9838342340200108
family,NeedleEye,113,9,9,0,0,1.0,0.9759710823564905,0.9838342340200108
family,NeedleEye,114,9,9,0,0,1.0,0.9759710823564905,0.9838342340200108
family,NeedleEye,115,9,9,0,0,1.0,0.9759710823564905,0.9838342340200108
family,NeedleEye,116,9,9,0,0,1.0,0.9759710823564905,0.9838342340200108
family,NeedleEye,117,9,9,0,0,1.0,0.9759710823564905,0.9838342340200108
family,NeedleEye,118,9,9,0,0,1.0,0.9759710823564905,0.9836595649955955
family,NeedleEye,119,9,8,1,0,0.8888888888888888,0.9759710823564905,0.9827850523668535
family,NeedleEye,120,9,8,1,0,0.8888888888888888,0.9759710823564905,0.9812135165148446
